{"type":"FeatureCollection","features":[{"type":"Feature","properties":{"ac_no":1,"name":"Ichchapuram","district":"Srikakulam","reservation":null,"loksabha":"Srikakulam"},"geometry":{"type":"Polygon","coordinates":[[[84.576,18.8413],[84.5635,18.8425],[84.5607,18.847],[84.5405,18.8542],[84.5363,18.85],[84.5286,18.8532],[84.5199,18.8674],[84.5372,18.8786],[84.5328,18.8831],[84.5225,18.8833],[84.5167,18.8914],[84.5058,18.8914],[84.4957,18.8975],[84.499,18.9022],[84.4951,18.9075],[84.4975,18.9105],[84.4853,18.9254],[84.4893,18.9368],[84.4802,18.9415],[84.4771,18.9504],[84.4796,18.9544],[84.4744,18.9907],[84.4783,18.9912],[84.4833,19.0051],[84.483,19.0163],[84.4973,19.0314],[84.5067,19.0351],[84.5164,19.0484],[84.5261,19.046],[84.5433,19.0551],[84.5566,19.0566],[84.5729,19.0737],[84.5716,19.0696],[84.5747,19.0676],[84.583,19.0732],[84.5805,19.06],[84.5831,19.0492],[84.5773,19.0405],[84.5833,19.0425],[84.5817,19.0301],[84.5941,19.0223],[84.5957,19.0255],[84.6013,19.0253],[84.6059,19.0417],[84.6143,19.0519],[84.6134,19.0566],[84.6207,19.0561],[84.6224,19.0601],[84.617,19.0609],[84.6183,19.0659],[84.6278,19.0662],[84.631,19.0604],[84.6371,19.06],[84.6416,19.0673],[84.6539,19.0675],[84.6611,19.063],[84.6631,19.0746],[84.6709,19.0763],[84.6635,19.0824],[84.659,19.0944],[84.647,19.0963],[84.6368,19.0897],[84.6368,19.0859],[84.6343,19.0887],[84.6312,19.0821],[84.6319,19.0866],[84.6255,19.0849],[84.6227,19.0939],[84.6255,19.0991],[84.6197,19.1044],[84.6187,19.1001],[84.6095,19.1008],[84.6113,19.1068],[84.6084,19.1075],[84.6029,19.1266],[84.596,19.1288],[84.5955,19.1324],[84.6298,19.1267],[84.631,19.1297],[84.6436,19.1297],[84.6441,19.1337],[84.6543,19.1294],[84.6673,19.1299],[84.6717,19.1482],[84.671,19.1562],[84.6679,19.1542],[84.6709,19.166],[84.6778,19.1668],[84.6843,19.16],[84.7034,19.1612],[84.7125,19.1576],[84.7149,19.1523],[84.7105,19.1465],[84.7012,19.1471],[84.7,19.1444],[84.7061,19.141],[84.6978,19.1264],[84.7025,19.1259],[84.7028,19.1179],[84.7651,19.0772],[84.6845,18.9675],[84.6036,18.8898],[84.5845,18.8635],[84.576,18.8413]]]}},{"type":"Feature","properties":{"ac_no":2,"name":"Palasa","district":"Srikakulam","reservation":null,"loksabha":"Srikakulam"},"geometry":{"type":"Polygon","coordinates":[[[84.4744,18.9907],[84.4796,18.9544],[84.4771,18.9504],[84.4802,18.9415],[84.4893,18.9368],[84.4853,18.9254],[84.4975,18.9105],[84.4951,18.9075],[84.499,18.9022],[84.4957,18.8975],[84.5058,18.8914],[84.5167,18.8914],[84.5225,18.8833],[84.5328,18.8831],[84.5372,18.8786],[84.5199,18.8674],[84.5286,18.8532],[84.5363,18.85],[84.5405,18.8542],[84.5607,18.847],[84.5635,18.8425],[84.576,18.8413],[84.5578,18.8178],[84.5515,18.7905],[84.4931,18.7402],[84.4532,18.693],[84.4429,18.6744],[84.4398,18.6595],[84.385,18.6104],[84.3639,18.5864],[84.3546,18.5939],[84.3457,18.5953],[84.3415,18.6036],[84.3448,18.6155],[84.3608,18.6173],[84.3592,18.6282],[84.3623,18.6377],[84.3533,18.6396],[84.3646,18.6535],[84.3528,18.6534],[84.3517,18.6578],[84.3579,18.6658],[84.3676,18.6696],[84.3761,18.6675],[84.3796,18.6722],[84.4012,18.6702],[84.402,18.6776],[84.3907,18.6758],[84.3796,18.6806],[84.3816,18.6928],[84.3891,18.697],[84.3866,18.6976],[84.3896,18.7087],[84.3782,18.7165],[84.3754,18.7253],[84.348,18.7314],[84.3284,18.7299],[84.3116,18.7349],[84.3202,18.7461],[84.3317,18.7532],[84.3456,18.7497],[84.3518,18.7621],[84.3554,18.7604],[84.3617,18.7669],[84.3584,18.7979],[84.352,18.8032],[84.3531,18.8078],[84.36,18.8105],[84.3622,18.8343],[84.3644,18.8376],[84.3616,18.841],[84.3464,18.8478],[84.3366,18.888],[84.362,18.8606],[84.3731,18.8608],[84.383,18.8731],[84.3633,18.8857],[84.3622,18.8915],[84.3807,18.8817],[84.3866,18.8848],[84.3946,18.8788],[84.3995,18.8846],[84.396,18.8918],[84.3849,18.8952],[84.3798,18.9023],[84.3848,18.9001],[84.393,18.904],[84.4002,18.895],[84.4182,18.8972],[84.422,18.9041],[84.4179,18.9166],[84.4276,18.9089],[84.4315,18.917],[84.4371,18.9196],[84.4377,18.9315],[84.4283,18.9314],[84.4306,18.9352],[84.4246,18.9485],[84.4322,18.959],[84.4308,18.969],[84.4431,18.9691],[84.452,18.9776],[84.4437,18.9853],[84.4433,18.9917],[84.4319,18.9948],[84.4326,19.0037],[84.4249,19.0122],[84.4313,19.0121],[84.4422,19.0017],[84.4482,19.0023],[84.4606,18.9973],[84.4614,18.9933],[84.4744,18.9907]]]}},{"type":"Feature","properties":{"ac_no":3,"name":"Tekkali","district":"Srikakulam","reservation":null,"loksabha":"Srikakulam"},"geometry":{"type":"Polygon","coordinates":[[[84.3116,18.7349],[84.3284,18.7299],[84.348,18.7314],[84.3754,18.7253],[84.3782,18.7165],[84.3896,18.7087],[84.3866,18.6976],[84.3891,18.697],[84.3816,18.6928],[84.3796,18.6806],[84.3907,18.6758],[84.402,18.6776],[84.4012,18.6702],[84.3796,18.6722],[84.3761,18.6675],[84.3676,18.6696],[84.3579,18.6658],[84.3517,18.6578],[84.3528,18.6534],[84.3646,18.6535],[84.3533,18.6396],[84.3623,18.6377],[84.3592,18.6282],[84.3608,18.6173],[84.3448,18.6155],[84.3415,18.6036],[84.3457,18.5953],[84.3546,18.5939],[84.3639,18.5864],[84.3566,18.5721],[84.3547,18.555],[84.2624,18.4824],[84.189,18.4143],[84.1842,18.4396],[84.1874,18.4513],[84.1844,18.4554],[84.176,18.4567],[84.1736,18.4694],[84.1648,18.4665],[84.1542,18.4701],[84.1512,18.4596],[84.1554,18.4451],[84.152,18.4407],[84.1483,18.447],[84.1424,18.4478],[84.138,18.4368],[84.1283,18.4431],[84.1225,18.4194],[84.0868,18.4432],[84.0763,18.4387],[84.0767,18.4437],[84.0701,18.452],[84.0743,18.454],[84.0776,18.4751],[84.0563,18.4758],[84.0564,18.48],[84.0751,18.4865],[84.0752,18.4984],[84.0801,18.5097],[84.0874,18.5099],[84.0935,18.5154],[84.0949,18.5216],[84.0919,18.523],[84.099,18.5296],[84.0946,18.547],[84.089,18.5465],[84.0819,18.5536],[84.1034,18.5577],[84.1051,18.564],[84.1135,18.5712],[84.1294,18.5748],[84.1282,18.5855],[84.1367,18.5881],[84.1614,18.5851],[84.165,18.5936],[84.1398,18.5977],[84.1382,18.6067],[84.1419,18.6109],[84.1531,18.6088],[84.1529,18.6181],[84.163,18.6175],[84.1712,18.6115],[84.1793,18.6135],[84.178,18.6243],[84.1694,18.6324],[84.1685,18.6568],[84.1863,18.6618],[84.1935,18.6506],[84.1915,18.644],[84.2101,18.652],[84.2131,18.6481],[84.2149,18.6568],[84.207,18.6582],[84.1964,18.6664],[84.2084,18.6791],[84.206,18.6893],[84.2209,18.6874],[84.2278,18.6903],[84.2248,18.6982],[84.2273,18.7052],[84.2486,18.7028],[84.252,18.7058],[84.248,18.741],[84.2678,18.742],[84.2712,18.7378],[84.2975,18.7353],[84.3065,18.7296],[84.3116,18.7349]]]}},{"type":"Feature","properties":{"ac_no":4,"name":"Pathapatnam","district":"Srikakulam","reservation":null,"loksabha":"Srikakulam"},"geometry":{"type":"Polygon","coordinates":[[[84.3116,18.7349],[84.3065,18.7296],[84.2975,18.7353],[84.2712,18.7378],[84.2678,18.742],[84.248,18.741],[84.252,18.7058],[84.2486,18.7028],[84.2273,18.7052],[84.2248,18.6982],[84.2278,18.6903],[84.2209,18.6874],[84.206,18.6893],[84.2084,18.6791],[84.1964,18.6664],[84.207,18.6582],[84.2149,18.6568],[84.2131,18.6481],[84.2101,18.652],[84.1915,18.644],[84.1935,18.6506],[84.1863,18.6618],[84.1685,18.6568],[84.1694,18.6324],[84.1499,18.6308],[84.1503,18.6195],[84.1404,18.623],[84.1325,18.6117],[84.1104,18.6182],[84.1002,18.6331],[84.1056,18.6427],[84.1056,18.6505],[84.1013,18.6549],[84.1049,18.6571],[84.1031,18.6639],[84.0915,18.6604],[84.0948,18.6507],[84.0922,18.6486],[84.083,18.6483],[84.0762,18.6545],[84.0768,18.6477],[84.0689,18.6483],[84.0658,18.6509],[84.0707,18.6556],[84.0649,18.6575],[84.0649,18.6618],[84.0581,18.663],[84.0574,18.6669],[84.0442,18.6725],[84.0475,18.6661],[84.0413,18.665],[84.0384,18.6685],[84.0387,18.6746],[84.0448,18.6759],[84.046,18.6815],[84.0354,18.6804],[84.0303,18.6908],[84.0336,18.6948],[84.0293,18.6959],[84.0376,18.6989],[84.0386,18.7045],[84.0103,18.7056],[84.0157,18.6977],[84.0136,18.6914],[84.0011,18.6891],[84.0246,18.6841],[84.0272,18.6773],[84.0181,18.6698],[83.9996,18.6671],[84.0219,18.6488],[84.0158,18.6442],[84.0101,18.6459],[84.0062,18.6401],[84.0175,18.6337],[84.0253,18.6206],[84.0334,18.6164],[84.0472,18.6199],[84.0576,18.6149],[84.0599,18.6052],[84.0527,18.6033],[84.053,18.5996],[84.0442,18.6022],[84.038,18.5933],[84.0267,18.5977],[84.0246,18.6046],[84.0148,18.6117],[83.9977,18.6113],[83.9961,18.6179],[83.9893,18.614],[83.9822,18.6189],[83.971,18.6153],[83.9563,18.6023],[83.9659,18.5764],[83.9578,18.5675],[83.9613,18.5591],[83.9595,18.5547],[83.956,18.5587],[83.9407,18.5614],[83.9406,18.5556],[83.9186,18.5568],[83.9141,18.5517],[83.9041,18.5619],[83.9063,18.5662],[83.9116,18.5645],[83.9137,18.5677],[83.9087,18.5877],[83.9037,18.5878],[83.8986,18.5937],[83.8997,18.6004],[83.8932,18.5978],[83.8925,18.6127],[83.8867,18.6147],[83.885,18.6221],[83.8922,18.6213],[83.8869,18.6309],[83.889,18.6346],[83.8804,18.6369],[83.8577,18.6588],[83.8488,18.685],[83.8397,18.6927],[83.8361,18.7071],[83.838,18.7217],[83.8339,18.7258],[83.8382,18.7336],[83.8611,18.7359],[83.8691,18.7456],[83.8767,18.7389],[83.8811,18.7404],[83.8809,18.7357],[83.8892,18.7267],[83.8804,18.7472],[83.8736,18.7474],[83.8709,18.7519],[83.8693,18.7645],[83.863,18.7664],[83.8614,18.7631],[83.8551,18.7687],[83.8507,18.7651],[83.8366,18.7729],[83.8376,18.779],[83.8448,18.7818],[83.8483,18.7882],[83.8648,18.7876],[83.8881,18.796],[83.8859,18.8017],[83.8806,18.8047],[83.8782,18.8024],[83.8784,18.8166],[83.8873,18.8102],[83.8937,18.8145],[83.8996,18.8244],[83.9158,18.828],[83.9316,18.8159],[83.9375,18.8182],[83.9423,18.8155],[83.9417,18.8083],[83.9502,18.8052],[83.9656,18.8147],[84.0157,18.8088],[84.0155,18.8171],[84.0252,18.817],[84.033,18.8116],[84.0385,18.8164],[84.0456,18.8129],[84.0467,18.8016],[84.0599,18.7992],[84.0573,18.7928],[84.0616,18.7907],[84.0573,18.7894],[84.0599,18.7824],[84.068,18.7823],[84.0737,18.7758],[84.0764,18.7644],[84.0852,18.7665],[84.0896,18.764],[84.0895,18.7568],[84.1224,18.7679],[84.1318,18.7609],[84.1376,18.7615],[84.142,18.7643],[84.1389,18.7688],[84.1404,18.7773],[84.1462,18.7772],[84.1518,18.7835],[84.1586,18.7832],[84.1593,18.7879],[84.1697,18.7882],[84.1758,18.7801],[84.1832,18.7823],[84.1899,18.7777],[84.1953,18.7917],[84.2181,18.7901],[84.2144,18.7954],[84.2263,18.7988],[84.2338,18.7948],[84.2396,18.7977],[84.2431,18.7886],[84.2632,18.783],[84.2845,18.7913],[84.2891,18.8033],[84.3044,18.798],[84.3059,18.7941],[84.3201,18.7872],[84.3247,18.7899],[84.3265,18.7979],[84.3436,18.8013],[84.3311,18.8171],[84.3437,18.8213],[84.3489,18.8196],[84.3516,18.8303],[84.3585,18.8305],[84.3622,18.8343],[84.36,18.8105],[84.3531,18.8078],[84.352,18.8032],[84.3584,18.7979],[84.3617,18.7669],[84.3554,18.7604],[84.3518,18.7621],[84.3456,18.7497],[84.3317,18.7532],[84.3202,18.7461],[84.3116,18.7349]]]}},{"type":"Feature","properties":{"ac_no":5,"name":"Srikakulam","district":"Srikakulam","reservation":null,"loksabha":"Srikakulam"},"geometry":{"type":"Polygon","coordinates":[[[83.9404,18.4342],[83.9413,18.4231],[83.9588,18.4026],[83.9632,18.3895],[83.9849,18.3805],[83.9953,18.3609],[84.006,18.3537],[84.0572,18.3351],[84.0998,18.3466],[84.1311,18.3478],[84.1263,18.336],[84.1291,18.3167],[84.1237,18.311],[84.0849,18.2898],[84.071,18.2766],[84.0086,18.2485],[83.941,18.2124],[83.9256,18.2287],[83.9185,18.2521],[83.8919,18.2742],[83.8863,18.282],[83.885,18.292],[83.8829,18.2942],[83.8772,18.292],[83.8746,18.3023],[83.8676,18.3069],[83.8731,18.3144],[83.8802,18.312],[83.8853,18.3277],[83.8901,18.3281],[83.8946,18.3341],[83.8876,18.3395],[83.8807,18.3544],[83.8832,18.3616],[83.892,18.3651],[83.8963,18.3729],[83.8855,18.3921],[83.8956,18.4001],[83.9047,18.3978],[83.9078,18.3921],[83.9202,18.3913],[83.9302,18.4077],[83.9194,18.4123],[83.9151,18.418],[83.9257,18.4239],[83.9249,18.4324],[83.9404,18.4342]]]}},{"type":"Feature","properties":{"ac_no":6,"name":"Amadalavalasa","district":"Srikakulam","reservation":null,"loksabha":"Srikakulam"},"geometry":{"type":"Polygon","coordinates":[[[83.9141,18.5517],[83.9186,18.5568],[83.9406,18.5556],[83.9407,18.5614],[83.956,18.5587],[83.9595,18.5547],[83.9613,18.5591],[83.9578,18.5675],[83.9659,18.5764],[83.9751,18.5481],[83.9586,18.5129],[83.949,18.506],[83.9388,18.5038],[83.9344,18.4944],[83.9364,18.4859],[83.9494,18.4723],[83.9527,18.4638],[83.9523,18.4521],[83.9404,18.4342],[83.9249,18.4324],[83.9257,18.4239],[83.9151,18.418],[83.9194,18.4123],[83.9302,18.4077],[83.9202,18.3913],[83.9078,18.3921],[83.9047,18.3978],[83.8956,18.4001],[83.8855,18.3921],[83.8963,18.3729],[83.892,18.3651],[83.8832,18.3616],[83.8807,18.3544],[83.8876,18.3395],[83.8946,18.3341],[83.8901,18.3281],[83.8853,18.3277],[83.8682,18.3343],[83.8564,18.3176],[83.8571,18.3083],[83.8478,18.3096],[83.8399,18.3059],[83.8118,18.3135],[83.8097,18.3009],[83.799,18.2885],[83.8003,18.2757],[83.7773,18.2745],[83.7788,18.2834],[83.7725,18.281],[83.774,18.2898],[83.7683,18.298],[83.7403,18.2979],[83.7353,18.3063],[83.7378,18.3192],[83.7304,18.3244],[83.7227,18.3223],[83.7207,18.3283],[83.7097,18.3304],[83.7072,18.3351],[83.7089,18.3431],[83.7219,18.3468],[83.7211,18.3568],[83.7238,18.3581],[83.7232,18.3543],[83.7356,18.3496],[83.7574,18.3554],[83.7619,18.3672],[83.7667,18.3685],[83.7667,18.3743],[83.7753,18.3778],[83.7987,18.3685],[83.8029,18.377],[83.7965,18.3817],[83.7974,18.3892],[83.8049,18.3951],[83.8295,18.3848],[83.8298,18.3916],[83.8229,18.3983],[83.8229,18.4031],[83.8343,18.4147],[83.8292,18.4235],[83.8106,18.4317],[83.81,18.4421],[83.8188,18.4746],[83.8009,18.4921],[83.7935,18.495],[83.7881,18.5065],[83.7937,18.5293],[83.8011,18.5378],[83.8022,18.5455],[83.7968,18.5484],[83.7846,18.5407],[83.7763,18.5616],[83.7678,18.5667],[83.7689,18.577],[83.777,18.5826],[83.7747,18.5903],[83.7784,18.5985],[83.7875,18.5997],[83.7879,18.6042],[83.794,18.6065],[83.7933,18.614],[83.7848,18.6126],[83.7823,18.6196],[83.7915,18.6298],[83.7952,18.6251],[83.7938,18.6308],[83.7979,18.6359],[83.8257,18.6144],[83.8319,18.6016],[83.8326,18.5675],[83.8243,18.563],[83.8245,18.5577],[83.8378,18.54],[83.8429,18.5442],[83.8519,18.5326],[83.8581,18.531],[83.8689,18.5377],[83.8612,18.5385],[83.8633,18.5426],[83.8685,18.543],[83.8678,18.5486],[83.8755,18.548],[83.8808,18.5532],[83.8854,18.54],[83.8892,18.5414],[83.9038,18.5328],[83.9068,18.5386],[83.9142,18.5408],[83.9141,18.5517]]]}},{"type":"Feature","properties":{"ac_no":7,"name":"Etcherla","district":"Srikakulam","reservation":null,"loksabha":"Vizianagaram"},"geometry":{"type":"Polygon","coordinates":[[[83.7667,18.3743],[83.7667,18.3685],[83.7619,18.3672],[83.7574,18.3554],[83.7356,18.3496],[83.7232,18.3543],[83.7238,18.3581],[83.7211,18.3568],[83.7219,18.3468],[83.7089,18.3431],[83.7072,18.3351],[83.7097,18.3304],[83.7207,18.3283],[83.7227,18.3223],[83.7304,18.3244],[83.7378,18.3192],[83.7353,18.3063],[83.7403,18.2979],[83.7683,18.298],[83.774,18.2898],[83.7725,18.281],[83.7788,18.2834],[83.7773,18.2745],[83.8003,18.2757],[83.799,18.2885],[83.8097,18.3009],[83.8118,18.3135],[83.8399,18.3059],[83.8478,18.3096],[83.8571,18.3083],[83.8564,18.3176],[83.8682,18.3343],[83.8853,18.3277],[83.8802,18.312],[83.8731,18.3144],[83.8676,18.3069],[83.8746,18.3023],[83.8772,18.292],[83.8829,18.2942],[83.885,18.292],[83.8863,18.282],[83.8919,18.2742],[83.9185,18.2521],[83.9256,18.2287],[83.941,18.2124],[83.8894,18.1961],[83.8604,18.1743],[83.8059,18.1548],[83.7506,18.1293],[83.664,18.0783],[83.6646,18.0844],[83.6539,18.0913],[83.6448,18.1042],[83.641,18.1066],[83.6352,18.1045],[83.6202,18.1154],[83.6235,18.131],[83.6096,18.1431],[83.6028,18.1574],[83.6027,18.1649],[83.6138,18.168],[83.615,18.1782],[83.6108,18.1917],[83.6044,18.1931],[83.6047,18.1999],[83.6031,18.2085],[83.616,18.2081],[83.6245,18.2175],[83.6321,18.2174],[83.642,18.2105],[83.6498,18.2112],[83.6554,18.2247],[83.6637,18.2314],[83.6644,18.2704],[83.6737,18.2825],[83.7032,18.2931],[83.6962,18.3059],[83.6897,18.3037],[83.6809,18.312],[83.6731,18.3117],[83.6685,18.317],[83.6216,18.322],[83.6235,18.3337],[83.612,18.3284],[83.6004,18.329],[83.6101,18.3398],[83.5994,18.3422],[83.585,18.3558],[83.5901,18.3655],[83.5999,18.3689],[83.5966,18.3726],[83.5989,18.3805],[83.6034,18.3831],[83.6333,18.3763],[83.6499,18.3855],[83.6629,18.3844],[83.6877,18.3891],[83.7025,18.3862],[83.7058,18.4024],[83.6997,18.4093],[83.7008,18.4217],[83.6957,18.4242],[83.6962,18.4374],[83.7112,18.4439],[83.7093,18.4378],[83.7126,18.4357],[83.7181,18.434],[83.7223,18.4389],[83.7237,18.4366],[83.7225,18.4288],[83.715,18.4266],[83.718,18.4241],[83.7289,18.4276],[83.7289,18.4201],[83.7387,18.41],[83.7387,18.4058],[83.755,18.3954],[83.7562,18.3903],[83.7614,18.3903],[83.7596,18.3861],[83.7676,18.3789],[83.7667,18.3743]]]}},{"type":"Feature","properties":{"ac_no":8,"name":"Narasannapeta","district":"Srikakulam","reservation":null,"loksabha":"Srikakulam"},"geometry":{"type":"Polygon","coordinates":[[[84.1694,18.6324],[84.178,18.6243],[84.1793,18.6135],[84.1712,18.6115],[84.163,18.6175],[84.1529,18.6181],[84.1531,18.6088],[84.1419,18.6109],[84.1382,18.6067],[84.1398,18.5977],[84.165,18.5936],[84.1614,18.5851],[84.1367,18.5881],[84.1282,18.5855],[84.1294,18.5748],[84.1135,18.5712],[84.1051,18.564],[84.1034,18.5577],[84.0819,18.5536],[84.089,18.5465],[84.0946,18.547],[84.099,18.5296],[84.0919,18.523],[84.0949,18.5216],[84.0935,18.5154],[84.0874,18.5099],[84.0801,18.5097],[84.0752,18.4984],[84.0751,18.4865],[84.0564,18.48],[84.0563,18.4758],[84.0776,18.4751],[84.0743,18.454],[84.0701,18.452],[84.0767,18.4437],[84.0763,18.4387],[84.0868,18.4432],[84.1225,18.4194],[84.1283,18.4431],[84.138,18.4368],[84.1424,18.4478],[84.1483,18.447],[84.152,18.4407],[84.1554,18.4451],[84.1512,18.4596],[84.1542,18.4701],[84.1648,18.4665],[84.1736,18.4694],[84.176,18.4567],[84.1844,18.4554],[84.1874,18.4513],[84.1842,18.4396],[84.189,18.4143],[84.1506,18.3773],[84.1311,18.3478],[84.0998,18.3466],[84.0572,18.3351],[84.006,18.3537],[83.9953,18.3609],[83.9849,18.3805],[83.9632,18.3895],[83.9588,18.4026],[83.9413,18.4231],[83.9404,18.4342],[83.9523,18.4521],[83.9527,18.4638],[83.9494,18.4723],[83.9364,18.4859],[83.9344,18.4944],[83.9388,18.5038],[83.949,18.506],[83.9586,18.5129],[83.9751,18.5481],[83.9659,18.5764],[83.9563,18.6023],[83.971,18.6153],[83.9822,18.6189],[83.9893,18.614],[83.9961,18.6179],[83.9977,18.6113],[84.0148,18.6117],[84.0246,18.6046],[84.0267,18.5977],[84.038,18.5933],[84.0442,18.6022],[84.053,18.5996],[84.0527,18.6033],[84.0599,18.6052],[84.0576,18.6149],[84.0472,18.6199],[84.0334,18.6164],[84.0253,18.6206],[84.0175,18.6337],[84.0062,18.6401],[84.0101,18.6459],[84.0158,18.6442],[84.0219,18.6488],[83.9996,18.6671],[84.0181,18.6698],[84.0272,18.6773],[84.0246,18.6841],[84.0011,18.6891],[84.0136,18.6914],[84.0157,18.6977],[84.0103,18.7056],[84.0386,18.7045],[84.0376,18.6989],[84.0293,18.6959],[84.0336,18.6948],[84.0303,18.6908],[84.0354,18.6804],[84.046,18.6815],[84.0448,18.6759],[84.0387,18.6746],[84.0384,18.6685],[84.0413,18.665],[84.0475,18.6661],[84.0442,18.6725],[84.0574,18.6669],[84.0581,18.663],[84.0649,18.6618],[84.0649,18.6575],[84.0707,18.6556],[84.0658,18.6509],[84.0689,18.6483],[84.0768,18.6477],[84.0762,18.6545],[84.083,18.6483],[84.0922,18.6486],[84.0948,18.6507],[84.0915,18.6604],[84.1031,18.6639],[84.1049,18.6571],[84.1013,18.6549],[84.1056,18.6505],[84.1056,18.6427],[84.1002,18.6331],[84.1104,18.6182],[84.1325,18.6117],[84.1404,18.623],[84.1503,18.6195],[84.1499,18.6308],[84.1694,18.6324]]]}},{"type":"Feature","properties":{"ac_no":9,"name":"Rajam","district":"Vizianagaram","reservation":"SC","loksabha":"Vizianagaram"},"geometry":{"type":"Polygon","coordinates":[[[83.7678,18.5667],[83.7763,18.5616],[83.7846,18.5407],[83.7968,18.5484],[83.8022,18.5455],[83.8011,18.5378],[83.7937,18.5293],[83.7881,18.5065],[83.7935,18.495],[83.8009,18.4921],[83.8188,18.4746],[83.81,18.4421],[83.8106,18.4317],[83.8292,18.4235],[83.8343,18.4147],[83.8229,18.4031],[83.8229,18.3983],[83.8298,18.3916],[83.8295,18.3848],[83.8049,18.3951],[83.7974,18.3892],[83.7965,18.3817],[83.8029,18.377],[83.7987,18.3685],[83.7753,18.3778],[83.7667,18.3743],[83.7676,18.3789],[83.7596,18.3861],[83.7614,18.3903],[83.7562,18.3903],[83.755,18.3954],[83.7387,18.4058],[83.7387,18.41],[83.7289,18.4201],[83.7289,18.4276],[83.718,18.4241],[83.715,18.4266],[83.7225,18.4288],[83.7237,18.4366],[83.7223,18.4389],[83.7181,18.434],[83.7126,18.4357],[83.7093,18.4378],[83.7112,18.4439],[83.6962,18.4374],[83.6957,18.4242],[83.7008,18.4217],[83.6997,18.4093],[83.7058,18.4024],[83.7025,18.3862],[83.6877,18.3891],[83.6629,18.3844],[83.6499,18.3855],[83.6333,18.3763],[83.6034,18.3831],[83.6035,18.3945],[83.5969,18.4086],[83.5842,18.412],[83.5779,18.408],[83.5753,18.4164],[83.5811,18.4273],[83.5919,18.4261],[83.596,18.4289],[83.594,18.441],[83.5845,18.4463],[83.5905,18.4581],[83.6087,18.4596],[83.6115,18.4534],[83.616,18.4572],[83.5968,18.4779],[83.5964,18.489],[83.5799,18.4919],[83.5816,18.5025],[83.5932,18.5108],[83.6239,18.5069],[83.6283,18.5114],[83.6307,18.5255],[83.6296,18.5362],[83.6341,18.5464],[83.6298,18.5593],[83.6215,18.562],[83.598,18.5601],[83.5745,18.5666],[83.5639,18.5628],[83.5587,18.5548],[83.5584,18.5387],[83.5478,18.5383],[83.5392,18.5404],[83.537,18.5496],[83.5264,18.5508],[83.5263,18.554],[83.5405,18.5679],[83.5425,18.5799],[83.5504,18.579],[83.5702,18.5912],[83.568,18.5949],[83.5503,18.5959],[83.5526,18.6165],[83.5483,18.6263],[83.5562,18.6329],[83.55,18.6474],[83.5611,18.6681],[83.5539,18.6825],[83.5474,18.6854],[83.5416,18.6869],[83.5371,18.7065],[83.5386,18.7113],[83.5464,18.7118],[83.5528,18.7045],[83.5646,18.7014],[83.5719,18.6953],[83.575,18.6836],[83.572,18.6784],[83.5754,18.6733],[83.5826,18.6719],[83.5894,18.6616],[83.6042,18.6582],[83.6049,18.6481],[83.6134,18.6473],[83.6206,18.6398],[83.6221,18.6285],[83.6295,18.6246],[83.6344,18.6171],[83.6354,18.6051],[83.6485,18.5897],[83.6667,18.5807],[83.6854,18.5821],[83.7008,18.5704],[83.7203,18.5709],[83.7224,18.5599],[83.7285,18.5616],[83.7434,18.5831],[83.7556,18.5815],[83.7548,18.5697],[83.7678,18.5667]]]}},{"type":"Feature","properties":{"ac_no":10,"name":"Palakonda","district":"Parvathipuram Manyam","reservation":"ST","loksabha":"Araku"},"geometry":{"type":"Polygon","coordinates":[[[83.8937,18.8145],[83.8873,18.8102],[83.8784,18.8166],[83.8782,18.8024],[83.8806,18.8047],[83.8859,18.8017],[83.8881,18.796],[83.8648,18.7876],[83.8483,18.7882],[83.8448,18.7818],[83.8376,18.779],[83.8366,18.7729],[83.8507,18.7651],[83.8551,18.7687],[83.8614,18.7631],[83.863,18.7664],[83.8693,18.7645],[83.8709,18.7519],[83.8736,18.7474],[83.8804,18.7472],[83.8892,18.7267],[83.8809,18.7357],[83.8811,18.7404],[83.8767,18.7389],[83.8691,18.7456],[83.8611,18.7359],[83.8382,18.7336],[83.8339,18.7258],[83.838,18.7217],[83.8361,18.7071],[83.8397,18.6927],[83.8488,18.685],[83.8577,18.6588],[83.8804,18.6369],[83.889,18.6346],[83.8869,18.6309],[83.8922,18.6213],[83.885,18.6221],[83.8867,18.6147],[83.8925,18.6127],[83.8932,18.5978],[83.8997,18.6004],[83.8986,18.5937],[83.9037,18.5878],[83.9087,18.5877],[83.9137,18.5677],[83.9116,18.5645],[83.9063,18.5662],[83.9041,18.5619],[83.9141,18.5517],[83.9142,18.5408],[83.9068,18.5386],[83.9038,18.5328],[83.8892,18.5414],[83.8854,18.54],[83.8808,18.5532],[83.8755,18.548],[83.8678,18.5486],[83.8685,18.543],[83.8633,18.5426],[83.8612,18.5385],[83.8689,18.5377],[83.8581,18.531],[83.8519,18.5326],[83.8429,18.5442],[83.8378,18.54],[83.8245,18.5577],[83.8243,18.563],[83.8326,18.5675],[83.8319,18.6016],[83.8257,18.6144],[83.7979,18.6359],[83.7938,18.6308],[83.7952,18.6251],[83.7915,18.6298],[83.7823,18.6196],[83.7848,18.6126],[83.7933,18.614],[83.794,18.6065],[83.7879,18.6042],[83.7875,18.5997],[83.7784,18.5985],[83.7747,18.5903],[83.777,18.5826],[83.7689,18.577],[83.7678,18.5667],[83.7548,18.5697],[83.7556,18.5815],[83.7434,18.5831],[83.7285,18.5616],[83.7224,18.5599],[83.7203,18.5709],[83.7008,18.5704],[83.6854,18.5821],[83.6667,18.5807],[83.6485,18.5897],[83.6354,18.6051],[83.6344,18.6171],[83.6295,18.6246],[83.6221,18.6285],[83.6206,18.6398],[83.6134,18.6473],[83.6049,18.6481],[83.6042,18.6582],[83.5894,18.6616],[83.5826,18.6719],[83.5754,18.6733],[83.572,18.6784],[83.575,18.6836],[83.5719,18.6953],[83.5646,18.7014],[83.5528,18.7045],[83.5464,18.7118],[83.5481,18.7243],[83.5667,18.7274],[83.5634,18.7344],[83.5655,18.7374],[83.5801,18.7346],[83.589,18.7387],[83.5879,18.7528],[83.6115,18.7527],[83.6231,18.767],[83.658,18.7763],[83.6672,18.7919],[83.6814,18.7952],[83.6898,18.804],[83.6952,18.7969],[83.706,18.7962],[83.7176,18.7856],[83.7314,18.7846],[83.7417,18.7753],[83.7529,18.7877],[83.7498,18.8036],[83.7554,18.8137],[83.7516,18.8244],[83.7596,18.826],[83.7766,18.8192],[83.7848,18.8256],[83.8064,18.825],[83.8148,18.836],[83.8074,18.8493],[83.8141,18.858],[83.8088,18.864],[83.7968,18.8587],[83.7798,18.8879],[83.7594,18.9119],[83.7533,18.9263],[83.7632,18.9273],[83.7694,18.9143],[83.777,18.9117],[83.7879,18.9159],[83.7845,18.9336],[83.7788,18.9367],[83.7762,18.9452],[83.7726,18.9443],[83.7696,18.9548],[83.759,18.9506],[83.7553,18.9713],[83.7478,18.9741],[83.7451,18.9889],[83.7515,18.9987],[83.7824,19.0077],[83.7782,19.0162],[83.7951,19.017],[83.7959,19.0029],[83.8089,18.9923],[83.8218,18.9602],[83.819,18.9452],[83.8197,18.9393],[83.8289,18.9306],[83.8266,18.9163],[83.8403,18.9185],[83.8458,18.9136],[83.8489,18.8999],[83.8437,18.8763],[83.846,18.8691],[83.8514,18.8596],[83.8687,18.8508],[83.8877,18.831],[83.8937,18.8145]]]}},{"type":"Feature","properties":{"ac_no":11,"name":"Kurupam","district":"Parvathipuram Manyam","reservation":"ST","loksabha":"Araku"},"geometry":{"type":"Polygon","coordinates":[[[83.7533,18.9263],[83.7594,18.9119],[83.7798,18.8879],[83.7968,18.8587],[83.8088,18.864],[83.8141,18.858],[83.8074,18.8493],[83.8148,18.836],[83.8064,18.825],[83.7848,18.8256],[83.7766,18.8192],[83.7596,18.826],[83.7516,18.8244],[83.7554,18.8137],[83.7498,18.8036],[83.7529,18.7877],[83.7417,18.7753],[83.7314,18.7846],[83.7176,18.7856],[83.706,18.7962],[83.6952,18.7969],[83.6898,18.804],[83.6814,18.7952],[83.6672,18.7919],[83.658,18.7763],[83.6231,18.767],[83.6115,18.7527],[83.5879,18.7528],[83.589,18.7387],[83.5801,18.7346],[83.5655,18.7374],[83.5634,18.7344],[83.5667,18.7274],[83.5481,18.7243],[83.5464,18.7118],[83.5386,18.7113],[83.5371,18.7065],[83.5416,18.6869],[83.5474,18.6854],[83.5426,18.6653],[83.5359,18.6612],[83.538,18.6563],[83.532,18.6517],[83.5347,18.657],[83.5271,18.662],[83.5182,18.6754],[83.4998,18.6874],[83.4754,18.6857],[83.4771,18.6942],[83.466,18.7003],[83.4621,18.6917],[83.4632,18.6817],[83.4476,18.6881],[83.446,18.6928],[83.4369,18.693],[83.4367,18.6977],[83.443,18.6983],[83.4455,18.7039],[83.4352,18.705],[83.4245,18.7146],[83.4254,18.7185],[83.439,18.7193],[83.4409,18.7146],[83.4457,18.7305],[83.4604,18.7326],[83.4522,18.7456],[83.4552,18.7557],[83.4698,18.7645],[83.4744,18.7639],[83.4869,18.7856],[83.4775,18.8021],[83.4806,18.808],[83.4579,18.7989],[83.4331,18.7946],[83.4214,18.8113],[83.3937,18.8196],[83.383,18.8324],[83.4059,18.8424],[83.405,18.8618],[83.415,18.875],[83.397,18.8788],[83.3783,18.897],[83.3934,18.9076],[83.3914,18.9093],[83.3818,18.9141],[83.3698,18.908],[83.3597,18.9147],[83.3524,18.9435],[83.3703,18.9418],[83.3706,18.9261],[83.3821,18.9274],[83.3875,18.9327],[83.3713,18.9427],[83.3659,18.9567],[83.367,18.9633],[83.3504,18.966],[83.3502,18.9435],[83.3438,18.9412],[83.3484,18.9264],[83.3346,18.9252],[83.3339,18.9289],[83.3258,18.9326],[83.3272,18.9447],[83.3379,18.9463],[83.3391,18.9526],[83.3323,18.9587],[83.3349,18.9687],[83.3286,18.967],[83.3189,18.973],[83.3107,18.9988],[83.3273,19.0021],[83.3389,18.9969],[83.3363,19.0022],[83.3423,19.0169],[83.3581,19.0195],[83.3672,19.0157],[83.3676,19.0048],[83.3823,19.0029],[83.3965,19.0106],[83.4015,19.0094],[83.4197,19.0],[83.4153,18.9892],[83.4389,18.9764],[83.4459,18.9659],[83.4459,18.9578],[83.4618,18.9548],[83.4698,18.9693],[83.4686,18.9804],[83.4642,18.9801],[83.4678,18.9911],[83.466,18.9936],[83.4553,18.9913],[83.4489,19.011],[83.4558,19.0146],[83.4762,19.0092],[83.4795,19.0128],[83.4771,19.0212],[83.4806,19.0313],[83.4686,19.0408],[83.4694,19.0602],[83.4624,19.0628],[83.4663,19.0791],[83.473,19.0763],[83.4784,19.0785],[83.4766,19.085],[83.4673,19.0869],[83.468,19.0922],[83.4739,19.0947],[83.484,19.0911],[83.4862,19.0872],[83.4821,19.0847],[83.481,19.0778],[83.5005,19.0599],[83.5018,19.0659],[83.5117,19.0703],[83.5168,19.0571],[83.5131,19.0484],[83.5193,19.0391],[83.5148,19.0285],[83.5085,19.0355],[83.4968,19.0352],[83.5009,19.0207],[83.5225,19.0121],[83.5346,19.0131],[83.5367,19.0095],[83.5417,19.0415],[83.5469,19.0437],[83.5517,19.0545],[83.5576,19.0562],[83.549,19.0805],[83.5544,19.0865],[83.5602,19.0871],[83.567,19.0717],[83.5603,19.0645],[83.5634,19.0579],[83.575,19.0614],[83.5845,19.0576],[83.5856,19.0866],[83.593,19.0927],[83.6106,19.0961],[83.5978,19.1188],[83.5991,19.1302],[83.608,19.1397],[83.616,19.1371],[83.6208,19.1417],[83.6223,19.1478],[83.6275,19.1506],[83.626,19.1627],[83.6339,19.1595],[83.6377,19.1532],[83.6344,19.1518],[83.6317,19.1408],[83.637,19.1315],[83.655,19.1296],[83.6544,19.1221],[83.6496,19.1233],[83.647,19.1184],[83.6505,19.1174],[83.6511,19.1093],[83.6556,19.1088],[83.6628,19.0989],[83.661,19.0811],[83.6644,19.0757],[83.6746,19.0721],[83.6766,19.0652],[83.6853,19.0585],[83.7001,19.0255],[83.73,19.022],[83.7239,19.0102],[83.7103,19.0072],[83.7095,19.0026],[83.7142,18.993],[83.733,18.9877],[83.7405,18.9501],[83.7468,18.9436],[83.7533,18.9263]]]}},{"type":"Feature","properties":{"ac_no":12,"name":"Parvathipuram","district":"Parvathipuram Manyam","reservation":"SC","loksabha":"Araku"},"geometry":{"type":"Polygon","coordinates":[[[83.598,18.5601],[83.6215,18.562],[83.6298,18.5593],[83.6341,18.5464],[83.6296,18.5362],[83.6307,18.5255],[83.5868,18.5316],[83.5741,18.528],[83.5584,18.5387],[83.5587,18.5548],[83.5639,18.5628],[83.5745,18.5666],[83.598,18.5601]]]}},{"type":"Feature","properties":{"ac_no":12,"name":"Parvathipuram","district":"Parvathipuram Manyam","reservation":"SC","loksabha":"Araku"},"geometry":{"type":"Polygon","coordinates":[[[83.3781,18.8308],[83.383,18.8324],[83.3937,18.8196],[83.4214,18.8113],[83.4331,18.7946],[83.4579,18.7989],[83.4806,18.808],[83.4775,18.8021],[83.4869,18.7856],[83.4744,18.7639],[83.4698,18.7645],[83.4552,18.7557],[83.4522,18.7456],[83.4604,18.7326],[83.4457,18.7305],[83.4409,18.7146],[83.439,18.7193],[83.4254,18.7185],[83.4245,18.7146],[83.4352,18.705],[83.4455,18.7039],[83.443,18.6983],[83.4367,18.6977],[83.4369,18.693],[83.446,18.6928],[83.4476,18.6881],[83.4632,18.6817],[83.4621,18.6917],[83.466,18.7003],[83.4771,18.6942],[83.4754,18.6857],[83.4998,18.6874],[83.5182,18.6754],[83.5271,18.662],[83.5347,18.657],[83.532,18.6517],[83.538,18.6563],[83.5359,18.6612],[83.5426,18.6653],[83.5474,18.6854],[83.5539,18.6825],[83.5611,18.6681],[83.55,18.6474],[83.5562,18.6329],[83.5483,18.6263],[83.5526,18.6165],[83.5503,18.5959],[83.568,18.5949],[83.5702,18.5912],[83.5504,18.579],[83.5425,18.5799],[83.5405,18.5679],[83.5263,18.554],[83.5264,18.5508],[83.537,18.5496],[83.5392,18.5404],[83.5478,18.5383],[83.5405,18.5266],[83.5314,18.5316],[83.5291,18.5253],[83.5199,18.5225],[83.5173,18.5178],[83.5167,18.5375],[83.4999,18.5438],[83.4971,18.5591],[83.4817,18.56],[83.4727,18.5655],[83.4731,18.5781],[83.4878,18.5731],[83.4936,18.5837],[83.4946,18.5965],[83.4874,18.6078],[83.4754,18.6173],[83.4668,18.6165],[83.4624,18.6234],[83.449,18.6268],[83.4395,18.624],[83.4325,18.6152],[83.4318,18.6049],[83.4267,18.6045],[83.4276,18.6097],[83.423,18.6096],[83.4222,18.6139],[83.4172,18.6122],[83.4142,18.622],[83.4072,18.6178],[83.4091,18.6103],[83.406,18.6046],[83.3779,18.6116],[83.3703,18.5995],[83.355,18.604],[83.3444,18.6137],[83.348,18.6413],[83.331,18.659],[83.3341,18.6652],[83.3167,18.6824],[83.3211,18.6975],[83.3149,18.701],[83.3194,18.7088],[83.3133,18.7168],[83.3019,18.7199],[83.2999,18.7142],[83.2881,18.7257],[83.2563,18.7257],[83.2596,18.7308],[83.2479,18.7388],[83.2409,18.7385],[83.2353,18.7314],[83.2175,18.7446],[83.2282,18.7569],[83.2223,18.7728],[83.2246,18.7751],[83.2346,18.7741],[83.2432,18.7683],[83.2628,18.7698],[83.2714,18.7645],[83.2814,18.7741],[83.2754,18.7827],[83.2846,18.7979],[83.2983,18.8018],[83.309,18.8093],[83.3203,18.8046],[83.3307,18.8063],[83.3283,18.818],[83.3479,18.8269],[83.3658,18.8432],[83.3699,18.8435],[83.3781,18.8308]]]}},{"type":"Feature","properties":{"ac_no":13,"name":"Salur","district":"Parvathipuram Manyam","reservation":"ST","loksabha":"Araku"},"geometry":{"type":"Polygon","coordinates":[[[83.2175,18.7446],[83.2353,18.7314],[83.2409,18.7385],[83.2479,18.7388],[83.2596,18.7308],[83.2563,18.7257],[83.2881,18.7257],[83.2999,18.7142],[83.3019,18.7199],[83.3133,18.7168],[83.3194,18.7088],[83.3149,18.701],[83.3211,18.6975],[83.3167,18.6824],[83.3341,18.6652],[83.331,18.659],[83.3208,18.6577],[83.3168,18.6412],[83.3102,18.6312],[83.2914,18.6196],[83.2888,18.6272],[83.2799,18.6259],[83.2581,18.5963],[83.2469,18.588],[83.2613,18.5836],[83.2571,18.5787],[83.261,18.5716],[83.2523,18.5659],[83.2513,18.559],[83.2716,18.555],[83.2757,18.5503],[83.273,18.543],[83.2502,18.5391],[83.2468,18.53],[83.2331,18.519],[83.2299,18.5085],[83.2225,18.5019],[83.2184,18.4869],[83.2223,18.4794],[83.2275,18.4871],[83.2322,18.4846],[83.2394,18.4752],[83.2415,18.4651],[83.254,18.479],[83.261,18.4774],[83.2641,18.4713],[83.2517,18.4634],[83.2526,18.4579],[83.2468,18.4594],[83.2431,18.4556],[83.24,18.4462],[83.2344,18.4441],[83.2311,18.4509],[83.2189,18.4388],[83.2021,18.4414],[83.2063,18.4387],[83.2021,18.4174],[83.2115,18.4117],[83.2292,18.4189],[83.2405,18.4148],[83.2574,18.4215],[83.2666,18.4307],[83.2775,18.4237],[83.2846,18.4236],[83.2843,18.4191],[83.2882,18.4172],[83.3067,18.4168],[83.3167,18.429],[83.3161,18.3971],[83.3079,18.3865],[83.3112,18.3785],[83.3083,18.364],[83.3155,18.3571],[83.3146,18.3528],[83.3255,18.3504],[83.3252,18.3446],[83.3203,18.3387],[83.313,18.3427],[83.2964,18.3391],[83.291,18.3425],[83.2833,18.3358],[83.27,18.336],[83.2753,18.3172],[83.2698,18.3171],[83.2686,18.3095],[83.2621,18.311],[83.256,18.295],[83.2463,18.2889],[83.2416,18.292],[83.2387,18.2839],[83.218,18.2981],[83.2291,18.3172],[83.2256,18.3289],[83.1951,18.323],[83.1783,18.3086],[83.1724,18.3083],[83.1654,18.3344],[83.1585,18.3393],[83.1344,18.349],[83.1133,18.3477],[83.106,18.3564],[83.0955,18.3521],[83.0936,18.3416],[83.0807,18.346],[83.0769,18.3698],[83.0975,18.393],[83.1055,18.412],[83.0884,18.4116],[83.085,18.4047],[83.0769,18.4032],[83.0643,18.4094],[83.0574,18.4194],[83.0655,18.423],[83.0673,18.4301],[83.0586,18.4367],[83.0508,18.4341],[83.0425,18.4242],[83.0378,18.4345],[83.0409,18.4408],[83.0329,18.448],[83.0246,18.4485],[83.0209,18.4562],[83.0551,18.4856],[83.0552,18.4957],[83.0751,18.5146],[83.077,18.5261],[83.0935,18.5398],[83.0948,18.5473],[83.0895,18.553],[83.0809,18.554],[83.0619,18.542],[83.0454,18.5441],[83.0298,18.5736],[83.0401,18.5865],[83.0531,18.5881],[83.0527,18.601],[83.0238,18.5896],[83.0136,18.5944],[83.0152,18.6055],[83.0005,18.608],[82.9996,18.6199],[83.0196,18.6351],[83.0131,18.6459],[83.0167,18.65],[83.058,18.6653],[83.0628,18.6836],[83.075,18.7013],[83.0714,18.7016],[83.0728,18.7055],[83.0926,18.7235],[83.0948,18.7314],[83.1017,18.7327],[83.1103,18.75],[83.1237,18.7581],[83.1223,18.7646],[83.1171,18.7684],[83.1388,18.7845],[83.1592,18.7668],[83.1771,18.7707],[83.1921,18.7541],[83.2068,18.7511],[83.2127,18.7376],[83.2118,18.7306],[83.2175,18.7446]]]}},{"type":"Feature","properties":{"ac_no":14,"name":"Bobbili","district":"Vizianagaram","reservation":null,"loksabha":"Vizianagaram"},"geometry":{"type":"Polygon","coordinates":[[[83.331,18.659],[83.348,18.6413],[83.3444,18.6137],[83.355,18.604],[83.3703,18.5995],[83.3779,18.6116],[83.406,18.6046],[83.4091,18.6103],[83.4072,18.6178],[83.4142,18.622],[83.4172,18.6122],[83.4222,18.6139],[83.423,18.6096],[83.4276,18.6097],[83.4267,18.6045],[83.4318,18.6049],[83.4325,18.6152],[83.4395,18.624],[83.449,18.6268],[83.4624,18.6234],[83.4668,18.6165],[83.4754,18.6173],[83.4874,18.6078],[83.4946,18.5965],[83.4936,18.5837],[83.4878,18.5731],[83.4731,18.5781],[83.4727,18.5655],[83.4817,18.56],[83.4971,18.5591],[83.4999,18.5438],[83.5167,18.5375],[83.5173,18.5178],[83.5199,18.5225],[83.5291,18.5253],[83.5314,18.5316],[83.5405,18.5266],[83.5478,18.5383],[83.5584,18.5387],[83.5741,18.528],[83.5868,18.5316],[83.6307,18.5255],[83.6283,18.5114],[83.6239,18.5069],[83.5932,18.5108],[83.5816,18.5025],[83.5799,18.4919],[83.5964,18.489],[83.5968,18.4779],[83.616,18.4572],[83.6115,18.4534],[83.6087,18.4596],[83.5905,18.4581],[83.5845,18.4463],[83.594,18.441],[83.596,18.4289],[83.5919,18.4261],[83.5811,18.4273],[83.5753,18.4164],[83.5735,18.4186],[83.5615,18.4146],[83.5599,18.4215],[83.5506,18.4274],[83.5506,18.4371],[83.5459,18.4363],[83.5398,18.4415],[83.5313,18.444],[83.5274,18.435],[83.5175,18.4359],[83.5087,18.4437],[83.5001,18.4446],[83.5014,18.4492],[83.4881,18.4554],[83.4903,18.4699],[83.4734,18.4678],[83.4466,18.473],[83.4377,18.4697],[83.4423,18.4698],[83.4523,18.4614],[83.4566,18.4522],[83.4429,18.4492],[83.4343,18.4571],[83.4368,18.4478],[83.4284,18.4455],[83.4333,18.4429],[83.4268,18.4404],[83.4099,18.4184],[83.3995,18.4311],[83.4084,18.4447],[83.4003,18.4495],[83.3991,18.4643],[83.393,18.459],[83.3745,18.4583],[83.3582,18.4497],[83.3474,18.4536],[83.3434,18.4614],[83.3329,18.4646],[83.3261,18.4563],[83.3331,18.4448],[83.3282,18.4313],[83.3167,18.429],[83.3067,18.4168],[83.2882,18.4172],[83.2843,18.4191],[83.2846,18.4236],[83.2775,18.4237],[83.2666,18.4307],[83.2574,18.4215],[83.2405,18.4148],[83.2292,18.4189],[83.2115,18.4117],[83.2021,18.4174],[83.2063,18.4387],[83.2021,18.4414],[83.2189,18.4388],[83.2311,18.4509],[83.2344,18.4441],[83.24,18.4462],[83.2431,18.4556],[83.2468,18.4594],[83.2526,18.4579],[83.2517,18.4634],[83.2641,18.4713],[83.261,18.4774],[83.254,18.479],[83.2415,18.4651],[83.2394,18.4752],[83.2322,18.4846],[83.2275,18.4871],[83.2223,18.4794],[83.2184,18.4869],[83.2225,18.5019],[83.2299,18.5085],[83.2331,18.519],[83.2468,18.53],[83.2502,18.5391],[83.273,18.543],[83.2757,18.5503],[83.2716,18.555],[83.2513,18.559],[83.2523,18.5659],[83.261,18.5716],[83.2571,18.5787],[83.2613,18.5836],[83.2469,18.588],[83.2581,18.5963],[83.2799,18.6259],[83.2888,18.6272],[83.2914,18.6196],[83.3102,18.6312],[83.3168,18.6412],[83.3208,18.6577],[83.331,18.659]]]}},{"type":"Feature","properties":{"ac_no":15,"name":"Cheepurupalli","district":"Vizianagaram","reservation":null,"loksabha":"Vizianagaram"},"geometry":{"type":"Polygon","coordinates":[[[83.5753,18.4164],[83.5779,18.408],[83.5842,18.412],[83.5969,18.4086],[83.6035,18.3945],[83.6034,18.3831],[83.5989,18.3805],[83.5966,18.3726],[83.5999,18.3689],[83.5901,18.3655],[83.585,18.3558],[83.5994,18.3422],[83.6101,18.3398],[83.6004,18.329],[83.612,18.3284],[83.6235,18.3337],[83.6216,18.322],[83.6685,18.317],[83.6731,18.3117],[83.6809,18.312],[83.6897,18.3037],[83.6962,18.3059],[83.7032,18.2931],[83.6737,18.2825],[83.6644,18.2704],[83.6637,18.2314],[83.6554,18.2247],[83.6498,18.2112],[83.642,18.2105],[83.6321,18.2174],[83.6245,18.2175],[83.616,18.2081],[83.6031,18.2085],[83.6047,18.1999],[83.5801,18.1977],[83.5749,18.2085],[83.5577,18.2097],[83.5524,18.2225],[83.5497,18.2179],[83.5434,18.2165],[83.5428,18.2071],[83.533,18.2095],[83.5273,18.1797],[83.5359,18.1739],[83.5373,18.1592],[83.5304,18.1577],[83.5253,18.1703],[83.4999,18.1806],[83.4854,18.1845],[83.4641,18.1807],[83.4589,18.1829],[83.4553,18.2053],[83.4474,18.2106],[83.446,18.1998],[83.4347,18.2078],[83.4095,18.2082],[83.4203,18.2133],[83.4261,18.2213],[83.4198,18.2289],[83.409,18.2276],[83.4074,18.2554],[83.4198,18.2556],[83.422,18.2811],[83.4289,18.2798],[83.4341,18.2924],[83.4309,18.3025],[83.4343,18.3148],[83.4248,18.3289],[83.4264,18.3339],[83.4313,18.3339],[83.4312,18.3448],[83.4297,18.3496],[83.4224,18.3504],[83.4215,18.3587],[83.4269,18.3731],[83.4183,18.3781],[83.4199,18.3817],[83.4383,18.3863],[83.4368,18.4015],[83.4334,18.4019],[83.4356,18.4069],[83.425,18.4028],[83.4216,18.4077],[83.4159,18.4083],[83.4099,18.4184],[83.4268,18.4404],[83.4333,18.4429],[83.4284,18.4455],[83.4368,18.4478],[83.4343,18.4571],[83.4429,18.4492],[83.4566,18.4522],[83.4523,18.4614],[83.4423,18.4698],[83.4377,18.4697],[83.4466,18.473],[83.4734,18.4678],[83.4903,18.4699],[83.4881,18.4554],[83.5014,18.4492],[83.5001,18.4446],[83.5087,18.4437],[83.5175,18.4359],[83.5274,18.435],[83.5313,18.444],[83.5398,18.4415],[83.5459,18.4363],[83.5506,18.4371],[83.5506,18.4274],[83.5599,18.4215],[83.5615,18.4146],[83.5735,18.4186],[83.5753,18.4164]]]}},{"type":"Feature","properties":{"ac_no":16,"name":"Gajapathinagaram","district":"Vizianagaram","reservation":null,"loksabha":"Vizianagaram"},"geometry":{"type":"Polygon","coordinates":[[[83.4099,18.4184],[83.4159,18.4083],[83.4216,18.4077],[83.425,18.4028],[83.4356,18.4069],[83.4334,18.4019],[83.4368,18.4015],[83.4383,18.3863],[83.4199,18.3817],[83.4183,18.3781],[83.4269,18.3731],[83.4215,18.3587],[83.4224,18.3504],[83.4297,18.3496],[83.4312,18.3448],[83.4313,18.3339],[83.4264,18.3339],[83.4248,18.3289],[83.4343,18.3148],[83.4309,18.3025],[83.4341,18.2924],[83.4289,18.2798],[83.422,18.2811],[83.4198,18.2556],[83.4074,18.2554],[83.3947,18.2596],[83.3887,18.2415],[83.3897,18.236],[83.4018,18.2265],[83.4044,18.2123],[83.3952,18.2072],[83.392,18.1884],[83.4015,18.1879],[83.4013,18.1786],[83.3917,18.1705],[83.3927,18.1657],[83.3884,18.1499],[83.3692,18.1493],[83.3659,18.1517],[83.369,18.1754],[83.3549,18.1749],[83.3462,18.1377],[83.3543,18.1307],[83.3736,18.1243],[83.3673,18.1155],[83.3685,18.1066],[83.3611,18.1091],[83.3502,18.0993],[83.3336,18.1034],[83.3235,18.0924],[83.324,18.0705],[83.3164,18.0707],[83.3183,18.0495],[83.3287,18.053],[83.3345,18.0454],[83.3209,18.0351],[83.3179,18.0256],[83.3065,18.0313],[83.3125,18.0224],[83.3077,18.0192],[83.3132,18.0157],[83.3132,18.0054],[83.293,18.0071],[83.2951,17.9956],[83.2795,18.006],[83.2729,18.0051],[83.2725,18.0089],[83.264,18.01],[83.2607,18.0151],[83.2513,18.0164],[83.2461,18.0341],[83.2333,18.0349],[83.2326,18.0528],[83.2359,18.0539],[83.2301,18.0681],[83.2321,18.0878],[83.2384,18.1033],[83.2507,18.113],[83.2447,18.1136],[83.2448,18.1185],[83.2298,18.1251],[83.2291,18.1344],[83.2089,18.1371],[83.2043,18.1464],[83.1994,18.1369],[83.1915,18.14],[83.1871,18.1359],[83.1797,18.1364],[83.1662,18.1512],[83.1712,18.1547],[83.1718,18.162],[83.184,18.1597],[83.1929,18.1709],[83.1895,18.1784],[83.17,18.182],[83.1703,18.1891],[83.1625,18.19],[83.1641,18.2025],[83.1576,18.2141],[83.1708,18.2181],[83.1753,18.2249],[83.1842,18.2036],[83.1912,18.1967],[83.215,18.1888],[83.2238,18.1928],[83.2234,18.1967],[83.2148,18.2016],[83.2216,18.2106],[83.218,18.2251],[83.2254,18.2198],[83.2263,18.2067],[83.24,18.2028],[83.2409,18.223],[83.248,18.2301],[83.2662,18.2159],[83.2603,18.2401],[83.2655,18.2681],[83.2387,18.2839],[83.2416,18.292],[83.2463,18.2889],[83.256,18.295],[83.2621,18.311],[83.2686,18.3095],[83.2698,18.3171],[83.2753,18.3172],[83.27,18.336],[83.2833,18.3358],[83.291,18.3425],[83.2964,18.3391],[83.313,18.3427],[83.3203,18.3387],[83.3252,18.3446],[83.3255,18.3504],[83.3146,18.3528],[83.3155,18.3571],[83.3083,18.364],[83.3112,18.3785],[83.3079,18.3865],[83.3161,18.3971],[83.3167,18.429],[83.3282,18.4313],[83.3331,18.4448],[83.3261,18.4563],[83.3329,18.4646],[83.3434,18.4614],[83.3474,18.4536],[83.3582,18.4497],[83.3745,18.4583],[83.393,18.459],[83.3991,18.4643],[83.4003,18.4495],[83.4084,18.4447],[83.3995,18.4311],[83.4099,18.4184]]]}},{"type":"Feature","properties":{"ac_no":17,"name":"Nellimarla","district":"Vizianagaram","reservation":null,"loksabha":"Vizianagaram"},"geometry":{"type":"Polygon","coordinates":[[[83.4074,18.2554],[83.409,18.2276],[83.4198,18.2289],[83.4261,18.2213],[83.4203,18.2133],[83.4095,18.2082],[83.4347,18.2078],[83.446,18.1998],[83.4474,18.2106],[83.4553,18.2053],[83.4589,18.1829],[83.4641,18.1807],[83.4854,18.1845],[83.4999,18.1806],[83.5253,18.1703],[83.5304,18.1577],[83.5373,18.1592],[83.5359,18.1739],[83.5273,18.1797],[83.533,18.2095],[83.5428,18.2071],[83.5434,18.2165],[83.5497,18.2179],[83.5524,18.2225],[83.5577,18.2097],[83.5749,18.2085],[83.5801,18.1977],[83.6047,18.1999],[83.6044,18.1931],[83.6108,18.1917],[83.615,18.1782],[83.6138,18.168],[83.6027,18.1649],[83.6028,18.1574],[83.6096,18.1431],[83.6235,18.131],[83.6202,18.1154],[83.6352,18.1045],[83.641,18.1066],[83.6448,18.1042],[83.6539,18.0913],[83.6646,18.0844],[83.664,18.0783],[83.5688,18.0107],[83.5588,17.9966],[83.561,17.9885],[83.5581,17.9822],[83.5418,17.9612],[83.525,17.9476],[83.4956,17.9444],[83.4831,17.9617],[83.4659,17.9675],[83.4513,17.96],[83.4506,17.9456],[83.4371,17.9455],[83.4441,17.9406],[83.4485,17.927],[83.444,17.9254],[83.4323,17.9368],[83.424,17.94],[83.4071,17.966],[83.4127,17.9714],[83.4127,17.9852],[83.4289,17.9984],[83.4295,18.0075],[83.4251,18.0128],[83.4033,18.0148],[83.3997,18.0217],[83.3999,18.0432],[83.4103,18.0431],[83.4091,18.0648],[83.4145,18.0734],[83.4239,18.0739],[83.4249,18.0791],[83.4332,18.0808],[83.4401,18.0877],[83.441,18.0957],[83.4447,18.0953],[83.437,18.1105],[83.4441,18.1209],[83.432,18.1304],[83.4431,18.1376],[83.4478,18.1347],[83.4496,18.1387],[83.4485,18.1429],[83.4399,18.1439],[83.433,18.1597],[83.4194,18.1602],[83.4033,18.1679],[83.3927,18.1657],[83.3917,18.1705],[83.4013,18.1786],[83.4015,18.1879],[83.392,18.1884],[83.3952,18.2072],[83.4044,18.2123],[83.4018,18.2265],[83.3897,18.236],[83.3887,18.2415],[83.3947,18.2596],[83.4074,18.2554]]]}},{"type":"Feature","properties":{"ac_no":18,"name":"Vizianagaram","district":"Vizianagaram","reservation":null,"loksabha":"Vizianagaram"},"geometry":{"type":"Polygon","coordinates":[[[83.3927,18.1657],[83.4033,18.1679],[83.4194,18.1602],[83.433,18.1597],[83.4399,18.1439],[83.4485,18.1429],[83.4496,18.1387],[83.4478,18.1347],[83.4431,18.1376],[83.432,18.1304],[83.4441,18.1209],[83.437,18.1105],[83.4447,18.0953],[83.441,18.0957],[83.4401,18.0877],[83.4332,18.0808],[83.4249,18.0791],[83.4239,18.0739],[83.4145,18.0734],[83.4091,18.0648],[83.4103,18.0431],[83.3999,18.0432],[83.3983,18.0479],[83.3708,18.0548],[83.3531,18.0658],[83.3425,18.0609],[83.3439,18.0542],[83.3345,18.0454],[83.3287,18.053],[83.3183,18.0495],[83.3164,18.0707],[83.324,18.0705],[83.3235,18.0924],[83.3336,18.1034],[83.3502,18.0993],[83.3611,18.1091],[83.3685,18.1066],[83.3673,18.1155],[83.3736,18.1243],[83.3543,18.1307],[83.3462,18.1377],[83.3549,18.1749],[83.369,18.1754],[83.3659,18.1517],[83.3692,18.1493],[83.3884,18.1499],[83.3927,18.1657]]]}},{"type":"Feature","properties":{"ac_no":19,"name":"Srungavarapukota","district":"Vizianagaram","reservation":null,"loksabha":"Visakhapatnam"},"geometry":{"type":"Polygon","coordinates":[[[83.17,18.182],[83.1895,18.1784],[83.1929,18.1709],[83.184,18.1597],[83.1718,18.162],[83.1712,18.1547],[83.1662,18.1512],[83.1797,18.1364],[83.1871,18.1359],[83.1915,18.14],[83.1994,18.1369],[83.2043,18.1464],[83.2089,18.1371],[83.2291,18.1344],[83.2298,18.1251],[83.2448,18.1185],[83.2447,18.1136],[83.2507,18.113],[83.2384,18.1033],[83.2321,18.0878],[83.2301,18.0681],[83.2359,18.0539],[83.2326,18.0528],[83.2333,18.0349],[83.2461,18.0341],[83.2513,18.0164],[83.2607,18.0151],[83.264,18.01],[83.2725,18.0089],[83.2729,18.0051],[83.2669,17.9845],[83.2531,17.971],[83.2541,17.9638],[83.2435,17.9498],[83.23,17.9454],[83.2365,17.9258],[83.2493,17.9254],[83.2626,17.9169],[83.2437,17.9037],[83.2339,17.8841],[83.2333,17.8755],[83.229,17.8732],[83.2135,17.8798],[83.2085,17.8628],[83.2135,17.8597],[83.2062,17.8485],[83.189,17.8512],[83.1867,17.8449],[83.1673,17.8479],[83.1619,17.8385],[83.1602,17.8431],[83.1502,17.8461],[83.1475,17.8688],[83.1391,17.8755],[83.1304,17.8732],[83.1248,17.8893],[83.1285,17.9043],[83.1213,17.9159],[83.1106,17.921],[83.1099,17.9377],[83.0907,17.938],[83.0809,17.9442],[83.0721,17.9444],[83.0602,17.953],[83.0564,17.9603],[83.0464,17.9629],[83.0392,17.9695],[83.0225,17.9699],[83.0086,17.9769],[83.0077,17.991],[83.0133,17.9977],[83.0078,18.0063],[83.0078,18.0254],[83.0139,18.032],[83.0097,18.0416],[83.0175,18.055],[83.0261,18.0607],[83.0504,18.0639],[83.0532,18.0712],[83.0514,18.0825],[83.0591,18.0767],[83.0674,18.0757],[83.0842,18.0895],[83.0929,18.0885],[83.1303,18.1048],[83.1316,18.1123],[83.1191,18.1152],[83.1258,18.1248],[83.1188,18.1322],[83.1289,18.1495],[83.1398,18.1492],[83.1636,18.141],[83.1683,18.1439],[83.1648,18.1519],[83.1485,18.1632],[83.1292,18.1602],[83.1224,18.1628],[83.104,18.1884],[83.1041,18.2015],[83.1132,18.2088],[83.1236,18.2078],[83.126,18.2012],[83.1371,18.1991],[83.1376,18.1809],[83.1475,18.1761],[83.1623,18.1766],[83.17,18.182]]]}},{"type":"Feature","properties":{"ac_no":20,"name":"Bhimili","district":"Visakhapatnam","reservation":null,"loksabha":"Visakhapatnam"},"geometry":{"type":"Polygon","coordinates":[[[83.3999,18.0432],[83.3997,18.0217],[83.4033,18.0148],[83.4251,18.0128],[83.4295,18.0075],[83.4289,17.9984],[83.4127,17.9852],[83.4127,17.9714],[83.4071,17.966],[83.424,17.94],[83.4323,17.9368],[83.444,17.9254],[83.4485,17.927],[83.4441,17.9406],[83.4371,17.9455],[83.4506,17.9456],[83.4513,17.96],[83.4659,17.9675],[83.4831,17.9617],[83.4956,17.9444],[83.525,17.9476],[83.4773,17.9174],[83.4585,17.9014],[83.4555,17.8879],[83.4436,17.8731],[83.4214,17.8581],[83.4124,17.8464],[83.4112,17.8382],[83.4161,17.8342],[83.4162,17.8256],[83.4106,17.8095],[83.3889,17.7905],[83.3857,17.7776],[83.359,17.7609],[83.3474,17.7439],[83.3127,17.7491],[83.3082,17.7443],[83.2927,17.7417],[83.2731,17.7464],[83.273,17.7501],[83.2687,17.7476],[83.2667,17.752],[83.2476,17.7538],[83.2426,17.751],[83.2384,17.7264],[83.2355,17.7221],[83.2317,17.7232],[83.2317,17.7261],[83.221,17.7245],[83.2149,17.7274],[83.209,17.7295],[83.2094,17.7357],[83.1989,17.7568],[83.2033,17.7661],[83.2218,17.7534],[83.2278,17.7643],[83.2354,17.7694],[83.2339,17.7931],[83.2571,17.8079],[83.2643,17.8241],[83.2367,17.8293],[83.236,17.8482],[83.2388,17.8511],[83.2292,17.8584],[83.2333,17.8755],[83.2339,17.8841],[83.2437,17.9037],[83.2626,17.9169],[83.2493,17.9254],[83.2365,17.9258],[83.23,17.9454],[83.2435,17.9498],[83.2541,17.9638],[83.2531,17.971],[83.2669,17.9845],[83.2729,18.0051],[83.2795,18.006],[83.2951,17.9956],[83.293,18.0071],[83.3132,18.0054],[83.3132,18.0157],[83.3077,18.0192],[83.3125,18.0224],[83.3065,18.0313],[83.3179,18.0256],[83.3209,18.0351],[83.3345,18.0454],[83.3439,18.0542],[83.3425,18.0609],[83.3531,18.0658],[83.3708,18.0548],[83.3983,18.0479],[83.3999,18.0432]]]}},{"type":"Feature","properties":{"ac_no":21,"name":"Visakhapatnam East","district":"Visakhapatnam","reservation":null,"loksabha":"Visakhapatnam"},"geometry":{"type":"Polygon","coordinates":[[[83.3474,17.7439],[83.3435,17.7356],[83.3468,17.7274],[83.3433,17.7232],[83.3181,17.7103],[83.3012,17.6969],[83.2629,17.7118],[83.2658,17.7183],[83.2878,17.7256],[83.2927,17.7417],[83.3082,17.7443],[83.3127,17.7491],[83.3474,17.7439]]]}},{"type":"Feature","properties":{"ac_no":22,"name":"Visakhapatnam South","district":"Visakhapatnam","reservation":null,"loksabha":"Visakhapatnam"},"geometry":{"type":"Polygon","coordinates":[[[83.3012,17.6969],[83.2961,17.6927],[83.2947,17.6748],[83.2857,17.6672],[83.2867,17.6708],[83.2827,17.672],[83.2457,17.6685],[83.2526,17.7004],[83.2629,17.7118],[83.3012,17.6969]]]}},{"type":"Feature","properties":{"ac_no":23,"name":"Visakhapatnam North","district":"Visakhapatnam","reservation":null,"loksabha":"Visakhapatnam"},"geometry":{"type":"Polygon","coordinates":[[[83.2927,17.7417],[83.2878,17.7256],[83.2658,17.7183],[83.2384,17.7264],[83.2426,17.751],[83.2476,17.7538],[83.2667,17.752],[83.2687,17.7476],[83.273,17.7501],[83.2731,17.7464],[83.2927,17.7417]]]}},{"type":"Feature","properties":{"ac_no":24,"name":"Visakhapatnam West","district":"Visakhapatnam","reservation":null,"loksabha":"Visakhapatnam"},"geometry":{"type":"Polygon","coordinates":[[[83.2658,17.7183],[83.2629,17.7118],[83.2526,17.7004],[83.2457,17.6685],[83.2363,17.6676],[83.219,17.6846],[83.2246,17.7026],[83.2209,17.7096],[83.2317,17.7232],[83.2355,17.7221],[83.2384,17.7264],[83.2658,17.7183]]]}},{"type":"Feature","properties":{"ac_no":25,"name":"Gajuwaka","district":"Visakhapatnam","reservation":null,"loksabha":"Visakhapatnam"},"geometry":{"type":"Polygon","coordinates":[[[83.2149,17.7274],[83.221,17.7245],[83.2317,17.7261],[83.2317,17.7232],[83.2209,17.7096],[83.2246,17.7026],[83.219,17.6846],[83.2363,17.6676],[83.2457,17.6685],[83.2827,17.672],[83.2867,17.6708],[83.2857,17.6672],[83.2821,17.6606],[83.2598,17.6498],[83.2596,17.6438],[83.2505,17.6387],[83.2446,17.6446],[83.2532,17.6665],[83.2387,17.6662],[83.2062,17.678],[83.1983,17.6777],[83.1952,17.672],[83.1988,17.642],[83.1882,17.6435],[83.1772,17.6361],[83.147,17.6387],[83.1528,17.6487],[83.1475,17.6499],[83.146,17.6557],[83.1254,17.6588],[83.1274,17.6635],[83.1218,17.6715],[83.1278,17.6822],[83.1156,17.6861],[83.1121,17.693],[83.1141,17.6984],[83.1206,17.6949],[83.1223,17.6969],[83.1213,17.7117],[83.1356,17.7088],[83.1389,17.7136],[83.1459,17.7131],[83.1513,17.7179],[83.1547,17.7323],[83.1837,17.723],[83.1892,17.7149],[83.1958,17.7167],[83.1971,17.7093],[83.2053,17.7082],[83.2109,17.7173],[83.2014,17.7179],[83.1996,17.7215],[83.2121,17.7193],[83.2156,17.7211],[83.2149,17.7274]]]}},{"type":"Feature","properties":{"ac_no":26,"name":"Chodavaram","district":"Anakapalli","reservation":null,"loksabha":"Anakapalli"},"geometry":{"type":"Polygon","coordinates":[[[83.0444,17.8365],[83.0442,17.8185],[83.05,17.8127],[83.0555,17.8137],[83.0534,17.7992],[83.0592,17.7921],[83.0688,17.7919],[83.0711,17.795],[83.0794,17.7912],[83.0807,17.785],[83.0762,17.7752],[83.0706,17.7742],[83.0656,17.7827],[83.0376,17.7896],[83.0436,17.7827],[83.0431,17.7781],[83.0433,17.7718],[83.0361,17.7679],[83.006,17.7775],[82.999,17.7671],[82.9804,17.7667],[82.9646,17.7507],[82.957,17.7533],[82.9546,17.7636],[82.9478,17.767],[82.9411,17.7664],[82.9279,17.755],[82.9119,17.7575],[82.9096,17.7456],[82.9161,17.7423],[82.9105,17.718],[82.9165,17.7076],[82.8969,17.688],[82.8962,17.6741],[82.8876,17.6693],[82.8789,17.6676],[82.8795,17.6751],[82.8759,17.6786],[82.8514,17.6896],[82.8476,17.6855],[82.8488,17.675],[82.8328,17.6834],[82.8044,17.6719],[82.7826,17.6751],[82.7806,17.6948],[82.7682,17.6957],[82.7593,17.7027],[82.7294,17.7024],[82.7163,17.7067],[82.703,17.6886],[82.7094,17.6748],[82.7035,17.6724],[82.702,17.6587],[82.6597,17.6552],[82.6586,17.6675],[82.6655,17.6857],[82.6703,17.6867],[82.6713,17.6968],[82.6589,17.6978],[82.6538,17.6903],[82.6352,17.6905],[82.6335,17.6947],[82.63,17.6926],[82.62,17.7029],[82.6182,17.7169],[82.6043,17.7155],[82.6031,17.7246],[82.5945,17.7258],[82.594,17.7289],[82.599,17.7292],[82.5978,17.7377],[82.5811,17.7419],[82.5719,17.7404],[82.5621,17.7462],[82.564,17.7693],[82.5766,17.7691],[82.5857,17.773],[82.5927,17.7724],[82.5865,17.7671],[82.5899,17.764],[82.6065,17.7674],[82.6083,17.7697],[82.5971,17.7731],[82.5949,17.7785],[82.599,17.7811],[82.6059,17.7779],[82.617,17.7876],[82.6153,17.7788],[82.6338,17.7727],[82.6425,17.794],[82.6201,17.8376],[82.6231,17.841],[82.625,17.8354],[82.6344,17.8318],[82.6653,17.8474],[82.6649,17.8413],[82.6749,17.8452],[82.6751,17.8417],[82.6922,17.8396],[82.7122,17.8419],[82.7224,17.8384],[82.7291,17.8422],[82.7396,17.8381],[82.7409,17.8404],[82.7594,17.8258],[82.7621,17.8357],[82.8068,17.8307],[82.8256,17.843],[82.8526,17.8433],[82.8595,17.8583],[82.8691,17.8608],[82.8779,17.8684],[82.8846,17.8699],[82.9001,17.861],[82.9039,17.8653],[82.9195,17.8592],[82.9243,17.8674],[82.936,17.8668],[82.9411,17.8842],[82.9384,17.8911],[82.9484,17.8945],[82.956,17.8823],[82.9905,17.882],[82.9904,17.8614],[82.9787,17.854],[82.9797,17.8422],[82.9729,17.8365],[83.0041,17.8323],[83.0096,17.8255],[83.0444,17.8365]]]}},{"type":"Feature","properties":{"ac_no":27,"name":"Madugula","district":"Anakapalli","reservation":null,"loksabha":"Anakapalli"},"geometry":{"type":"Polygon","coordinates":[[[83.0504,18.0639],[83.0261,18.0607],[83.0175,18.055],[83.0097,18.0416],[83.0139,18.032],[83.0078,18.0254],[83.0078,18.0063],[83.0133,17.9977],[83.0077,17.991],[83.0086,17.9769],[83.0225,17.9699],[83.0392,17.9695],[83.0464,17.9629],[83.0564,17.9603],[83.0602,17.953],[83.0721,17.9444],[83.0809,17.9442],[83.0907,17.938],[83.1099,17.9377],[83.1106,17.921],[83.1213,17.9159],[83.1285,17.9043],[83.1248,17.8893],[83.1304,17.8732],[83.1139,17.8601],[83.1041,17.8643],[83.0961,17.846],[83.0803,17.8464],[83.0715,17.844],[83.0703,17.8389],[83.0444,17.8365],[83.0096,17.8255],[83.0041,17.8323],[82.9729,17.8365],[82.9797,17.8422],[82.9787,17.854],[82.9904,17.8614],[82.9905,17.882],[82.956,17.8823],[82.9484,17.8945],[82.9384,17.8911],[82.9411,17.8842],[82.936,17.8668],[82.9243,17.8674],[82.9195,17.8592],[82.9039,17.8653],[82.9001,17.861],[82.8846,17.8699],[82.8779,17.8684],[82.8691,17.8608],[82.8595,17.8583],[82.8526,17.8433],[82.8256,17.843],[82.8068,17.8307],[82.7621,17.8357],[82.7594,17.8258],[82.7409,17.8404],[82.7396,17.8381],[82.7291,17.8422],[82.7224,17.8384],[82.7122,17.8419],[82.6922,17.8396],[82.6751,17.8417],[82.6749,17.8452],[82.6649,17.8413],[82.6653,17.8474],[82.6803,17.8558],[82.6877,17.8481],[82.6933,17.8488],[82.6988,17.8639],[82.7126,17.8639],[82.7168,17.8675],[82.7161,17.8718],[82.707,17.8738],[82.7014,17.8796],[82.7037,17.8832],[82.6886,17.8947],[82.6746,17.9004],[82.6675,17.8996],[82.6657,17.9029],[82.6673,17.9058],[82.6725,17.9025],[82.6833,17.9047],[82.702,17.8984],[82.7113,17.913],[82.7054,17.92],[82.7261,17.9307],[82.7265,17.939],[82.7182,17.9449],[82.7088,17.9454],[82.7152,17.9534],[82.7319,17.9447],[82.7452,17.9477],[82.7472,17.9455],[82.7421,17.939],[82.7471,17.9355],[82.7603,17.937],[82.7584,17.9452],[82.7494,17.9475],[82.7502,17.9577],[82.7628,17.9511],[82.7678,17.9404],[82.7824,17.9276],[82.7832,17.9334],[82.8012,17.9208],[82.8094,17.9247],[82.8121,17.9352],[82.8201,17.9297],[82.8269,17.9329],[82.8355,17.9423],[82.837,17.9549],[82.8505,17.9601],[82.8519,17.9704],[82.8433,17.9762],[82.8407,17.9875],[82.8539,18.0008],[82.8594,17.9983],[82.8699,18.0099],[82.8779,18.0073],[82.8873,18.0139],[82.889,18.0097],[82.904,18.0111],[82.9112,18.0038],[82.9081,17.9984],[82.9152,17.993],[82.9108,17.9886],[82.9188,17.984],[82.9325,17.9852],[82.946,17.9894],[82.9576,18.0049],[82.9741,18.0146],[82.983,18.0137],[82.9792,18.0187],[82.9804,18.0281],[82.9856,18.0309],[82.9909,18.0437],[83.0069,18.0623],[83.0058,18.0661],[83.012,18.0729],[83.0112,18.0793],[83.0245,18.0895],[83.0028,18.0869],[83.0114,18.0933],[83.0048,18.1166],[83.0014,18.1247],[82.9875,18.1382],[83.0103,18.1507],[83.0147,18.1513],[83.0267,18.1357],[83.0307,18.1381],[83.0383,18.1156],[83.0599,18.1118],[83.0618,18.1038],[83.0681,18.1067],[83.0683,18.1182],[83.0752,18.1183],[83.0706,18.0977],[83.0637,18.091],[83.051,18.0862],[83.0466,18.0716],[83.0504,18.0639]]]}},{"type":"Feature","properties":{"ac_no":28,"name":"Araku Valley","district":"Alluri Sitharama Raju","reservation":"ST","loksabha":"Araku"},"geometry":{"type":"Polygon","coordinates":[[[83.0769,18.4032],[83.085,18.4047],[83.0884,18.4116],[83.1055,18.412],[83.0975,18.393],[83.0769,18.3698],[83.0807,18.346],[83.0936,18.3416],[83.0955,18.3521],[83.106,18.3564],[83.1133,18.3477],[83.1344,18.349],[83.1585,18.3393],[83.1654,18.3344],[83.1724,18.3083],[83.1783,18.3086],[83.1951,18.323],[83.2256,18.3289],[83.2291,18.3172],[83.218,18.2981],[83.2387,18.2839],[83.2655,18.2681],[83.2603,18.2401],[83.2662,18.2159],[83.248,18.2301],[83.2409,18.223],[83.24,18.2028],[83.2263,18.2067],[83.2254,18.2198],[83.218,18.2251],[83.2216,18.2106],[83.2148,18.2016],[83.2234,18.1967],[83.2238,18.1928],[83.215,18.1888],[83.1912,18.1967],[83.1842,18.2036],[83.1753,18.2249],[83.1708,18.2181],[83.1576,18.2141],[83.1641,18.2025],[83.1625,18.19],[83.1703,18.1891],[83.17,18.182],[83.1623,18.1766],[83.1475,18.1761],[83.1376,18.1809],[83.1371,18.1991],[83.126,18.2012],[83.1236,18.2078],[83.1132,18.2088],[83.1041,18.2015],[83.104,18.1884],[83.1224,18.1628],[83.1292,18.1602],[83.1485,18.1632],[83.1648,18.1519],[83.1683,18.1439],[83.1636,18.141],[83.1398,18.1492],[83.1289,18.1495],[83.1188,18.1322],[83.1258,18.1248],[83.1191,18.1152],[83.1316,18.1123],[83.1303,18.1048],[83.0929,18.0885],[83.0842,18.0895],[83.0674,18.0757],[83.0591,18.0767],[83.0514,18.0825],[83.0532,18.0712],[83.0504,18.0639],[83.0466,18.0716],[83.051,18.0862],[83.0637,18.091],[83.0706,18.0977],[83.0752,18.1183],[83.0683,18.1182],[83.0681,18.1067],[83.0618,18.1038],[83.0599,18.1118],[83.0383,18.1156],[83.0307,18.1381],[83.0267,18.1357],[83.0147,18.1513],[83.0103,18.1507],[82.9875,18.1382],[83.0014,18.1247],[83.0048,18.1166],[83.0114,18.0933],[83.0028,18.0869],[83.0245,18.0895],[83.0112,18.0793],[83.012,18.0729],[83.0058,18.0661],[83.0069,18.0623],[82.9909,18.0437],[82.9856,18.0309],[82.9804,18.0281],[82.9792,18.0187],[82.983,18.0137],[82.9741,18.0146],[82.9576,18.0049],[82.946,17.9894],[82.9325,17.9852],[82.9188,17.984],[82.9108,17.9886],[82.9152,17.993],[82.9081,17.9984],[82.9112,18.0038],[82.904,18.0111],[82.889,18.0097],[82.8873,18.0139],[82.8779,18.0073],[82.8699,18.0099],[82.8594,17.9983],[82.8539,18.0008],[82.8568,18.0049],[82.8516,18.0068],[82.8316,18.0016],[82.8296,18.0162],[82.8431,18.0294],[82.8368,18.0439],[82.8241,18.0483],[82.782,18.0465],[82.7552,18.0623],[82.749,18.0607],[82.7433,18.0532],[82.7348,18.0525],[82.7251,18.0618],[82.7229,18.0697],[82.7153,18.0696],[82.7252,18.0886],[82.7118,18.1156],[82.701,18.1094],[82.6802,18.1067],[82.6656,18.1194],[82.6367,18.1284],[82.6393,18.1336],[82.6322,18.1564],[82.6449,18.1703],[82.6429,18.175],[82.6313,18.1784],[82.6214,18.1748],[82.6042,18.1186],[82.5717,18.1215],[82.5621,18.1294],[82.563,18.138],[82.5569,18.1418],[82.5471,18.1403],[82.5402,18.1203],[82.5158,18.1115],[82.4924,18.1211],[82.4747,18.123],[82.4625,18.1324],[82.4315,18.1362],[82.4256,18.1346],[82.407,18.1056],[82.3609,18.107],[82.3382,18.0995],[82.3338,18.1193],[82.3342,18.1269],[82.3421,18.1366],[82.3402,18.1506],[82.3632,18.1348],[82.3723,18.1482],[82.3534,18.1717],[82.3374,18.1722],[82.3155,18.184],[82.3108,18.2041],[82.3249,18.2104],[82.3371,18.2243],[82.3244,18.2312],[82.3267,18.2364],[82.3365,18.2408],[82.3334,18.2529],[82.3361,18.2612],[82.34,18.2623],[82.3447,18.2805],[82.3589,18.2815],[82.3659,18.2776],[82.3765,18.2807],[82.3923,18.298],[82.3916,18.3098],[82.3951,18.3156],[82.3927,18.3262],[82.3851,18.3296],[82.3751,18.3287],[82.364,18.3185],[82.3559,18.3159],[82.349,18.3165],[82.3382,18.3267],[82.349,18.3304],[82.3631,18.3442],[82.3645,18.3528],[82.3699,18.3585],[82.3768,18.3598],[82.3855,18.3675],[82.3861,18.3863],[82.3815,18.3896],[82.3796,18.4038],[82.3642,18.4215],[82.382,18.4326],[82.3866,18.445],[82.396,18.4492],[82.4035,18.4642],[82.4374,18.4938],[82.434,18.4986],[82.4447,18.5141],[82.461,18.5255],[82.4641,18.5329],[82.4828,18.5487],[82.489,18.5493],[82.4935,18.5436],[82.4813,18.5406],[82.4876,18.5326],[82.4868,18.5275],[82.5038,18.5146],[82.5204,18.5177],[82.5321,18.5112],[82.5272,18.5066],[82.5265,18.4963],[82.5333,18.4883],[82.5279,18.4807],[82.5342,18.4777],[82.5194,18.4656],[82.5283,18.4642],[82.5274,18.4597],[82.5333,18.4587],[82.5396,18.4436],[82.5445,18.4494],[82.5424,18.4576],[82.5488,18.4531],[82.5548,18.4545],[82.5614,18.4485],[82.5565,18.443],[82.5582,18.4397],[82.5506,18.4333],[82.552,18.4286],[82.5457,18.4275],[82.5456,18.4224],[82.5414,18.4219],[82.5433,18.414],[82.5471,18.4126],[82.5355,18.4062],[82.5409,18.3994],[82.5522,18.3979],[82.5553,18.3936],[82.5624,18.4],[82.571,18.3947],[82.5758,18.3962],[82.5839,18.3867],[82.5886,18.3916],[82.5948,18.3892],[82.5995,18.3798],[82.6053,18.382],[82.6032,18.3727],[82.606,18.3661],[82.6212,18.3597],[82.6145,18.3509],[82.602,18.3523],[82.6029,18.3444],[82.6112,18.3337],[82.6089,18.3271],[82.6013,18.3253],[82.5949,18.3289],[82.5885,18.3179],[82.5839,18.3198],[82.5813,18.3152],[82.5852,18.3085],[82.5961,18.3103],[82.5987,18.3042],[82.5952,18.2918],[82.591,18.2898],[82.5941,18.2847],[82.5878,18.2761],[82.5968,18.2744],[82.5969,18.2648],[82.6042,18.2647],[82.6138,18.2584],[82.6235,18.2463],[82.6377,18.2367],[82.6525,18.25],[82.6471,18.2622],[82.6423,18.2638],[82.6428,18.2716],[82.6485,18.2729],[82.6522,18.2811],[82.6438,18.288],[82.6407,18.2962],[82.6427,18.302],[82.6512,18.3019],[82.6574,18.2961],[82.6668,18.298],[82.6763,18.3066],[82.6844,18.3036],[82.6945,18.3123],[82.7094,18.3132],[82.715,18.3225],[82.7249,18.3245],[82.7343,18.3202],[82.741,18.3226],[82.7383,18.327],[82.7429,18.33],[82.7552,18.3302],[82.7597,18.3396],[82.7648,18.3362],[82.7743,18.3404],[82.7764,18.3492],[82.7906,18.3632],[82.7826,18.3819],[82.7939,18.386],[82.7915,18.3961],[82.7995,18.4067],[82.7869,18.4107],[82.7874,18.4192],[82.7829,18.4226],[82.7822,18.4308],[82.8031,18.4492],[82.8156,18.4509],[82.8232,18.4473],[82.8238,18.4435],[82.8341,18.4407],[82.8459,18.4335],[82.8524,18.4192],[82.8564,18.4254],[82.8713,18.4185],[82.895,18.4241],[82.8978,18.4035],[82.8907,18.3905],[82.8942,18.3816],[82.9019,18.3741],[82.9109,18.3729],[82.9131,18.3685],[82.9179,18.3753],[82.9222,18.3754],[82.926,18.3681],[82.9397,18.3608],[82.9537,18.3616],[82.9601,18.3664],[82.967,18.3589],[82.9705,18.36],[82.9832,18.3664],[82.9873,18.3788],[82.9921,18.3786],[82.9968,18.3855],[83.0053,18.3828],[83.0219,18.3917],[83.0431,18.3794],[83.0545,18.38],[83.0769,18.4032]]]}},{"type":"Feature","properties":{"ac_no":29,"name":"Paderu","district":"Alluri Sitharama Raju","reservation":"ST","loksabha":"Araku"},"geometry":{"type":"Polygon","coordinates":[[[82.8539,18.0008],[82.8407,17.9875],[82.8433,17.9762],[82.8519,17.9704],[82.8505,17.9601],[82.837,17.9549],[82.8355,17.9423],[82.8269,17.9329],[82.8201,17.9297],[82.8121,17.9352],[82.8094,17.9247],[82.8012,17.9208],[82.7832,17.9334],[82.7824,17.9276],[82.7678,17.9404],[82.7628,17.9511],[82.7502,17.9577],[82.7494,17.9475],[82.7584,17.9452],[82.7603,17.937],[82.7471,17.9355],[82.7421,17.939],[82.7472,17.9455],[82.7452,17.9477],[82.7319,17.9447],[82.7152,17.9534],[82.7088,17.9454],[82.7182,17.9449],[82.7265,17.939],[82.7261,17.9307],[82.7054,17.92],[82.7113,17.913],[82.702,17.8984],[82.6833,17.9047],[82.6725,17.9025],[82.6673,17.9058],[82.6657,17.9029],[82.6675,17.8996],[82.6746,17.9004],[82.6886,17.8947],[82.7037,17.8832],[82.7014,17.8796],[82.707,17.8738],[82.7161,17.8718],[82.7168,17.8675],[82.7126,17.8639],[82.6988,17.8639],[82.6933,17.8488],[82.6877,17.8481],[82.6803,17.8558],[82.6653,17.8474],[82.6344,17.8318],[82.625,17.8354],[82.6231,17.841],[82.6201,17.8376],[82.6425,17.794],[82.6338,17.7727],[82.6153,17.7788],[82.617,17.7876],[82.6059,17.7779],[82.599,17.7811],[82.5949,17.7785],[82.5971,17.7731],[82.6083,17.7697],[82.6065,17.7674],[82.5899,17.764],[82.5865,17.7671],[82.5927,17.7724],[82.5857,17.773],[82.5766,17.7691],[82.564,17.7693],[82.5621,17.7462],[82.5541,17.7458],[82.545,17.716],[82.5316,17.7092],[82.5288,17.703],[82.5216,17.7026],[82.508,17.6941],[82.4978,17.6925],[82.4953,17.7041],[82.5091,17.7154],[82.5124,17.7225],[82.5016,17.7142],[82.4962,17.7207],[82.4619,17.7353],[82.4544,17.7333],[82.455,17.7247],[82.4512,17.7213],[82.4385,17.7235],[82.4249,17.7143],[82.4281,17.7047],[82.4155,17.6903],[82.4001,17.6864],[82.399,17.6822],[82.3918,17.6839],[82.385,17.6775],[82.3747,17.6866],[82.3667,17.6809],[82.3613,17.6813],[82.3596,17.6757],[82.3475,17.6768],[82.3446,17.6681],[82.352,17.6609],[82.3442,17.6504],[82.3478,17.6423],[82.3583,17.6362],[82.3891,17.6387],[82.3908,17.6361],[82.4145,17.6425],[82.4295,17.6522],[82.4359,17.6352],[82.4471,17.6384],[82.4629,17.6315],[82.4645,17.6167],[82.4598,17.6103],[82.4619,17.6062],[82.4232,17.5974],[82.4242,17.5937],[82.3678,17.5744],[82.3615,17.5639],[82.3517,17.5572],[82.3581,17.5442],[82.3291,17.5534],[82.3329,17.5671],[82.3412,17.5729],[82.3408,17.5856],[82.3312,17.5874],[82.3227,17.5838],[82.3036,17.5889],[82.2884,17.6039],[82.2744,17.6107],[82.2759,17.6233],[82.2482,17.6183],[82.2264,17.6376],[82.2108,17.6332],[82.1911,17.6215],[82.181,17.6081],[82.1633,17.6094],[82.138,17.6345],[82.1354,17.6486],[82.1161,17.655],[82.1062,17.6501],[82.0918,17.6563],[82.0769,17.6444],[82.0651,17.6433],[82.0586,17.6354],[82.0523,17.6427],[82.0338,17.6319],[82.0235,17.6316],[82.0243,17.6229],[82.0163,17.618],[82.005,17.6272],[82.002,17.6391],[82.0104,17.6458],[82.0064,17.6478],[82.0064,17.6587],[82.0167,17.6612],[82.0224,17.6687],[82.0194,17.6762],[82.0264,17.6837],[82.0289,17.6953],[82.0249,17.7027],[82.0332,17.7083],[82.0335,17.714],[82.0291,17.7151],[82.0281,17.7276],[82.0113,17.7375],[82.0182,17.7489],[82.0163,17.7529],[82.0063,17.7547],[81.9982,17.7639],[81.9784,17.7676],[81.9606,17.7574],[81.9717,17.7462],[81.9352,17.738],[81.9228,17.7421],[81.9075,17.7401],[81.898,17.7448],[81.8788,17.7406],[81.8611,17.7517],[81.8741,17.759],[81.8797,17.7717],[81.9007,17.788],[81.9258,17.8],[81.9245,17.8071],[81.9349,17.8129],[81.9437,17.8115],[81.9617,17.8162],[81.9744,17.841],[81.9885,17.8517],[81.9946,17.8442],[82.0077,17.8447],[82.0095,17.8271],[82.0196,17.8391],[82.0173,17.8614],[82.0042,17.8712],[82.0007,17.8855],[82.0023,17.8998],[82.0134,17.9167],[82.0201,17.9208],[82.0203,17.9273],[82.0275,17.9311],[82.0296,17.9392],[82.0219,17.957],[82.0069,17.9653],[82.0097,17.9799],[82.0002,17.9865],[81.9967,17.9989],[81.9836,18.0043],[81.9801,18.0132],[81.9831,18.0179],[81.9914,18.0191],[81.9962,18.0274],[82.0092,18.0293],[82.0123,18.0343],[82.0071,18.0435],[82.008,18.0565],[82.0353,18.0685],[82.0398,18.0576],[82.0639,18.0552],[82.0765,18.0745],[82.0944,18.0671],[82.1025,18.0595],[82.1204,18.0635],[82.1256,18.0588],[82.133,18.0595],[82.137,18.0462],[82.1463,18.0509],[82.1526,18.048],[82.1689,18.0514],[82.1835,18.0298],[82.1789,18.0207],[82.1872,18.0151],[82.205,18.018],[82.209,18.0098],[82.2231,18.0011],[82.2382,18.0015],[82.2483,17.9931],[82.2645,17.9958],[82.2735,18.0213],[82.269,18.034],[82.2616,18.0419],[82.2689,18.0452],[82.2716,18.0561],[82.2835,18.0645],[82.2877,18.0627],[82.2914,18.0689],[82.3012,18.0693],[82.3046,18.0675],[82.2987,18.0556],[82.3103,18.0539],[82.3077,18.0451],[82.3166,18.0474],[82.3204,18.045],[82.319,18.0571],[82.3223,18.0599],[82.3366,18.0521],[82.3439,18.058],[82.3518,18.0766],[82.3473,18.08],[82.347,18.0982],[82.3382,18.0995],[82.3609,18.107],[82.407,18.1056],[82.4256,18.1346],[82.4315,18.1362],[82.4625,18.1324],[82.4747,18.123],[82.4924,18.1211],[82.5158,18.1115],[82.5402,18.1203],[82.5471,18.1403],[82.5569,18.1418],[82.563,18.138],[82.5621,18.1294],[82.5717,18.1215],[82.6042,18.1186],[82.6214,18.1748],[82.6313,18.1784],[82.6429,18.175],[82.6449,18.1703],[82.6322,18.1564],[82.6393,18.1336],[82.6367,18.1284],[82.6656,18.1194],[82.6802,18.1067],[82.701,18.1094],[82.7118,18.1156],[82.7252,18.0886],[82.7153,18.0696],[82.7229,18.0697],[82.7251,18.0618],[82.7348,18.0525],[82.7433,18.0532],[82.749,18.0607],[82.7552,18.0623],[82.782,18.0465],[82.8241,18.0483],[82.8368,18.0439],[82.8431,18.0294],[82.8296,18.0162],[82.8316,18.0016],[82.8516,18.0068],[82.8568,18.0049],[82.8539,18.0008]]]}},{"type":"Feature","properties":{"ac_no":30,"name":"Anakapalle","district":"Anakapalli","reservation":null,"loksabha":"Anakapalli"},"geometry":{"type":"Polygon","coordinates":[[[83.0662,17.6704],[83.0418,17.6537],[83.0321,17.6593],[83.0158,17.6572],[83.0121,17.6585],[83.0122,17.6628],[83.0021,17.6635],[83.003,17.6672],[82.997,17.6733],[82.9985,17.6812],[82.9933,17.6812],[82.9803,17.6681],[82.9854,17.6651],[82.9835,17.6545],[82.9729,17.6474],[82.9705,17.6431],[82.9739,17.641],[82.9627,17.6394],[82.9624,17.6308],[82.9576,17.6319],[82.9491,17.6219],[82.9427,17.6224],[82.9449,17.6303],[82.9392,17.6286],[82.9381,17.6324],[82.9348,17.6313],[82.9281,17.6243],[82.9281,17.6115],[82.9083,17.6131],[82.9084,17.6058],[82.9041,17.6003],[82.9059,17.5954],[82.8991,17.5914],[82.8935,17.5797],[82.8835,17.5789],[82.8697,17.5833],[82.85,17.5948],[82.8618,17.6057],[82.8657,17.6167],[82.8702,17.6157],[82.8743,17.6198],[82.8772,17.6292],[82.8734,17.635],[82.8545,17.6352],[82.8264,17.6227],[82.8135,17.6121],[82.8059,17.6124],[82.8018,17.631],[82.7963,17.631],[82.801,17.6384],[82.8046,17.638],[82.8053,17.644],[82.7867,17.6599],[82.7781,17.655],[82.7811,17.6576],[82.7756,17.6721],[82.7826,17.6751],[82.8044,17.6719],[82.8328,17.6834],[82.8488,17.675],[82.8476,17.6855],[82.8514,17.6896],[82.8759,17.6786],[82.8795,17.6751],[82.8789,17.6676],[82.8876,17.6693],[82.8962,17.6741],[82.8969,17.688],[82.9165,17.7076],[82.9105,17.718],[82.9161,17.7423],[82.9096,17.7456],[82.9119,17.7575],[82.9279,17.755],[82.9411,17.7664],[82.9478,17.767],[82.9546,17.7636],[82.957,17.7533],[82.9646,17.7507],[82.9804,17.7667],[82.999,17.7671],[83.006,17.7775],[83.0361,17.7679],[83.0433,17.7718],[83.0431,17.7781],[83.0552,17.7723],[83.06,17.7645],[83.0557,17.7475],[83.0522,17.7455],[83.0562,17.7443],[83.0528,17.738],[83.0594,17.7407],[83.0634,17.7479],[83.0722,17.741],[83.0884,17.75],[83.0967,17.7458],[83.0944,17.7305],[83.0842,17.72],[83.0827,17.6969],[83.0863,17.6944],[83.0667,17.6853],[83.0693,17.6748],[83.0662,17.6704]]]}},{"type":"Feature","properties":{"ac_no":31,"name":"Pendurthi","district":"Anakapalli","reservation":null,"loksabha":"Anakapalli"},"geometry":{"type":"Polygon","coordinates":[[[83.2333,17.8755],[83.2292,17.8584],[83.2388,17.8511],[83.236,17.8482],[83.2367,17.8293],[83.2643,17.8241],[83.2571,17.8079],[83.2339,17.7931],[83.2354,17.7694],[83.2278,17.7643],[83.2218,17.7534],[83.2033,17.7661],[83.1989,17.7568],[83.2094,17.7357],[83.209,17.7295],[83.2149,17.7274],[83.2156,17.7211],[83.2121,17.7193],[83.1996,17.7215],[83.2014,17.7179],[83.2109,17.7173],[83.2053,17.7082],[83.1971,17.7093],[83.1958,17.7167],[83.1892,17.7149],[83.1837,17.723],[83.1547,17.7323],[83.1513,17.7179],[83.1459,17.7131],[83.1389,17.7136],[83.1356,17.7088],[83.1213,17.7117],[83.1223,17.6969],[83.1206,17.6949],[83.1141,17.6984],[83.1121,17.693],[83.1156,17.6861],[83.1278,17.6822],[83.1218,17.6715],[83.1274,17.6635],[83.1254,17.6588],[83.146,17.6557],[83.1475,17.6499],[83.1528,17.6487],[83.147,17.6387],[83.1772,17.6361],[83.1882,17.6435],[83.1988,17.642],[83.1952,17.672],[83.1983,17.6777],[83.2062,17.678],[83.2387,17.6662],[83.2532,17.6665],[83.2446,17.6446],[83.2505,17.6387],[83.2349,17.6269],[83.2329,17.6154],[83.2381,17.6123],[83.2161,17.5987],[83.213,17.591],[83.1742,17.5752],[83.1703,17.5712],[83.172,17.5667],[83.1625,17.5607],[83.1006,17.5421],[83.0872,17.533],[83.0659,17.5259],[83.064,17.532],[83.0698,17.5461],[83.063,17.5633],[83.0759,17.5642],[83.0879,17.5844],[83.0716,17.5815],[83.0669,17.5854],[83.0611,17.5833],[83.0517,17.5862],[83.0492,17.5882],[83.0574,17.5996],[83.0594,17.6158],[83.0438,17.6152],[83.0437,17.6187],[83.0456,17.6333],[83.0611,17.638],[83.0585,17.6426],[83.063,17.6592],[83.0609,17.6623],[83.0662,17.6704],[83.0693,17.6748],[83.0667,17.6853],[83.0863,17.6944],[83.0827,17.6969],[83.0842,17.72],[83.0944,17.7305],[83.0967,17.7458],[83.0884,17.75],[83.0722,17.741],[83.0634,17.7479],[83.0594,17.7407],[83.0528,17.738],[83.0562,17.7443],[83.0522,17.7455],[83.0557,17.7475],[83.06,17.7645],[83.0552,17.7723],[83.0431,17.7781],[83.0436,17.7827],[83.0376,17.7896],[83.0656,17.7827],[83.0706,17.7742],[83.0762,17.7752],[83.0807,17.785],[83.0794,17.7912],[83.0711,17.795],[83.0688,17.7919],[83.0592,17.7921],[83.0534,17.7992],[83.0555,17.8137],[83.05,17.8127],[83.0442,17.8185],[83.0444,17.8365],[83.0703,17.8389],[83.0715,17.844],[83.0803,17.8464],[83.0961,17.846],[83.1041,17.8643],[83.1139,17.8601],[83.1304,17.8732],[83.1391,17.8755],[83.1475,17.8688],[83.1502,17.8461],[83.1602,17.8431],[83.1619,17.8385],[83.1673,17.8479],[83.1867,17.8449],[83.189,17.8512],[83.2062,17.8485],[83.2135,17.8597],[83.2085,17.8628],[83.2135,17.8798],[83.229,17.8732],[83.2333,17.8755]]]}},{"type":"Feature","properties":{"ac_no":32,"name":"Elamanchili","district":"Anakapalli","reservation":null,"loksabha":"Anakapalli"},"geometry":{"type":"Polygon","coordinates":[[[83.0662,17.6704],[83.0609,17.6623],[83.063,17.6592],[83.0585,17.6426],[83.0611,17.638],[83.0456,17.6333],[83.0437,17.6187],[83.0438,17.6152],[83.0594,17.6158],[83.0574,17.5996],[83.0492,17.5882],[83.0517,17.5862],[83.0611,17.5833],[83.0669,17.5854],[83.0716,17.5815],[83.0879,17.5844],[83.0759,17.5642],[83.063,17.5633],[83.0698,17.5461],[83.064,17.532],[83.0659,17.5259],[83.0576,17.5255],[83.0067,17.5015],[83.0046,17.4881],[82.9945,17.4796],[82.992,17.4725],[82.889,17.428],[82.8846,17.4323],[82.8867,17.4345],[82.8752,17.4414],[82.8689,17.4405],[82.8504,17.4592],[82.8492,17.4718],[82.8572,17.4826],[82.8513,17.4839],[82.8519,17.4873],[82.8651,17.5046],[82.8612,17.5065],[82.8642,17.5125],[82.8479,17.5164],[82.852,17.5221],[82.8493,17.5266],[82.8537,17.5308],[82.8387,17.5317],[82.837,17.5258],[82.8292,17.5252],[82.83,17.5115],[82.8166,17.5042],[82.8185,17.4861],[82.8113,17.4761],[82.8163,17.4702],[82.8084,17.4639],[82.783,17.4648],[82.7867,17.4725],[82.784,17.4764],[82.7698,17.4825],[82.7617,17.482],[82.7607,17.4742],[82.7571,17.4725],[82.7451,17.4821],[82.7386,17.5013],[82.7419,17.5082],[82.7667,17.5266],[82.7775,17.5396],[82.8001,17.5499],[82.7963,17.5554],[82.7788,17.5633],[82.7763,17.5686],[82.763,17.5713],[82.7495,17.5642],[82.7465,17.5659],[82.7733,17.5778],[82.7743,17.5827],[82.7825,17.5857],[82.791,17.5989],[82.785,17.6177],[82.7963,17.631],[82.8018,17.631],[82.8059,17.6124],[82.8135,17.6121],[82.8264,17.6227],[82.8545,17.6352],[82.8734,17.635],[82.8772,17.6292],[82.8743,17.6198],[82.8702,17.6157],[82.8657,17.6167],[82.8618,17.6057],[82.85,17.5948],[82.8697,17.5833],[82.8835,17.5789],[82.8935,17.5797],[82.8991,17.5914],[82.9059,17.5954],[82.9041,17.6003],[82.9084,17.6058],[82.9083,17.6131],[82.9281,17.6115],[82.9281,17.6243],[82.9348,17.6313],[82.9381,17.6324],[82.9392,17.6286],[82.9449,17.6303],[82.9427,17.6224],[82.9491,17.6219],[82.9576,17.6319],[82.9624,17.6308],[82.9627,17.6394],[82.9739,17.641],[82.9705,17.6431],[82.9729,17.6474],[82.9835,17.6545],[82.9854,17.6651],[82.9803,17.6681],[82.9933,17.6812],[82.9985,17.6812],[82.997,17.6733],[83.003,17.6672],[83.0021,17.6635],[83.0122,17.6628],[83.0121,17.6585],[83.0158,17.6572],[83.0321,17.6593],[83.0418,17.6537],[83.0662,17.6704]]]}},{"type":"Feature","properties":{"ac_no":33,"name":"Payakaraopet","district":"Anakapalli","reservation":"SC","loksabha":"Anakapalli"},"geometry":{"type":"Polygon","coordinates":[[[82.7465,17.5659],[82.7495,17.5642],[82.763,17.5713],[82.7763,17.5686],[82.7788,17.5633],[82.7963,17.5554],[82.8001,17.5499],[82.7775,17.5396],[82.7667,17.5266],[82.7419,17.5082],[82.7386,17.5013],[82.7451,17.4821],[82.7571,17.4725],[82.7607,17.4742],[82.7617,17.482],[82.7698,17.4825],[82.784,17.4764],[82.7867,17.4725],[82.783,17.4648],[82.8084,17.4639],[82.8163,17.4702],[82.8113,17.4761],[82.8185,17.4861],[82.8166,17.5042],[82.83,17.5115],[82.8292,17.5252],[82.837,17.5258],[82.8387,17.5317],[82.8537,17.5308],[82.8493,17.5266],[82.852,17.5221],[82.8479,17.5164],[82.8642,17.5125],[82.8612,17.5065],[82.8651,17.5046],[82.8519,17.4873],[82.8513,17.4839],[82.8572,17.4826],[82.8492,17.4718],[82.8504,17.4592],[82.8689,17.4405],[82.8752,17.4414],[82.8867,17.4345],[82.8846,17.4323],[82.889,17.428],[82.8692,17.4165],[82.8253,17.4003],[82.8186,17.3945],[82.703,17.3437],[82.5414,17.2485],[82.5391,17.2633],[82.5258,17.2712],[82.5229,17.2766],[82.5215,17.2961],[82.5182,17.2993],[82.5358,17.3079],[82.5357,17.327],[82.5556,17.3242],[82.5602,17.3308],[82.5603,17.342],[82.5652,17.3421],[82.5668,17.3507],[82.5553,17.3529],[82.543,17.3741],[82.5556,17.3896],[82.5606,17.4085],[82.5832,17.4246],[82.5844,17.4299],[82.5988,17.4431],[82.6048,17.4602],[82.5854,17.4692],[82.5789,17.4813],[82.5691,17.486],[82.5681,17.492],[82.5612,17.4906],[82.5584,17.5196],[82.5822,17.5409],[82.5997,17.5374],[82.5985,17.5478],[82.6069,17.5514],[82.6059,17.5576],[82.6038,17.5619],[82.6002,17.5568],[82.5899,17.5623],[82.6039,17.5842],[82.6062,17.5796],[82.6147,17.5817],[82.6165,17.5725],[82.6249,17.5713],[82.631,17.575],[82.6379,17.5911],[82.6424,17.5919],[82.6266,17.598],[82.6271,17.6053],[82.631,17.6091],[82.6308,17.6171],[82.6409,17.6195],[82.6469,17.6267],[82.6575,17.6185],[82.6612,17.6037],[82.667,17.6002],[82.6726,17.6025],[82.6827,17.5998],[82.6921,17.5857],[82.7012,17.587],[82.7049,17.5956],[82.7106,17.5951],[82.7108,17.5882],[82.7194,17.5855],[82.7159,17.5779],[82.7133,17.5823],[82.7051,17.5803],[82.7008,17.5733],[82.7023,17.567],[82.7138,17.5708],[82.7173,17.5646],[82.7358,17.5727],[82.7465,17.5659]]]}},{"type":"Feature","properties":{"ac_no":34,"name":"Narsipatnam","district":"Anakapalli","reservation":"none","loksabha":"Anakapalli"},"geometry":{"type":"Polygon","coordinates":[[[82.7826,17.6751],[82.7756,17.6721],[82.7811,17.6576],[82.7781,17.655],[82.7867,17.6599],[82.8053,17.644],[82.8046,17.638],[82.801,17.6384],[82.7963,17.631],[82.785,17.6177],[82.791,17.5989],[82.7825,17.5857],[82.7743,17.5827],[82.7733,17.5778],[82.7465,17.5659],[82.7358,17.5727],[82.7173,17.5646],[82.7138,17.5708],[82.7023,17.567],[82.7008,17.5733],[82.7051,17.5803],[82.7133,17.5823],[82.7159,17.5779],[82.7194,17.5855],[82.7108,17.5882],[82.7106,17.5951],[82.7049,17.5956],[82.7012,17.587],[82.6921,17.5857],[82.6827,17.5998],[82.6726,17.6025],[82.667,17.6002],[82.6612,17.6037],[82.6575,17.6185],[82.6469,17.6267],[82.6409,17.6195],[82.6308,17.6171],[82.631,17.6091],[82.6271,17.6053],[82.6266,17.598],[82.6424,17.5919],[82.6379,17.5911],[82.631,17.575],[82.6249,17.5713],[82.6165,17.5725],[82.6147,17.5817],[82.6062,17.5796],[82.6039,17.5842],[82.5899,17.5623],[82.6002,17.5568],[82.6038,17.5619],[82.6059,17.5576],[82.6069,17.5514],[82.5985,17.5478],[82.5997,17.5374],[82.5822,17.5409],[82.5584,17.5196],[82.5525,17.527],[82.547,17.5131],[82.539,17.5073],[82.5173,17.5014],[82.5056,17.5029],[82.5022,17.509],[82.4944,17.5001],[82.4872,17.4992],[82.4804,17.501],[82.4775,17.5196],[82.4723,17.5211],[82.4764,17.5265],[82.4663,17.5348],[82.4689,17.5305],[82.4606,17.5295],[82.4681,17.5194],[82.4652,17.5114],[82.4495,17.511],[82.4545,17.4937],[82.4512,17.4803],[82.439,17.4778],[82.4379,17.4711],[82.4288,17.4707],[82.4101,17.4665],[82.3887,17.4786],[82.3728,17.4791],[82.3674,17.4891],[82.3782,17.5069],[82.3753,17.5102],[82.3594,17.5081],[82.3446,17.4939],[82.3313,17.5029],[82.3336,17.511],[82.3324,17.5177],[82.3373,17.5232],[82.3302,17.5401],[82.3291,17.5534],[82.3581,17.5442],[82.3517,17.5572],[82.3615,17.5639],[82.3678,17.5744],[82.4242,17.5937],[82.4232,17.5974],[82.4619,17.6062],[82.4598,17.6103],[82.4645,17.6167],[82.4629,17.6315],[82.4471,17.6384],[82.4359,17.6352],[82.4295,17.6522],[82.4145,17.6425],[82.3908,17.6361],[82.3891,17.6387],[82.3583,17.6362],[82.3478,17.6423],[82.3442,17.6504],[82.352,17.6609],[82.3446,17.6681],[82.3475,17.6768],[82.3596,17.6757],[82.3613,17.6813],[82.3667,17.6809],[82.3747,17.6866],[82.385,17.6775],[82.3918,17.6839],[82.399,17.6822],[82.4001,17.6864],[82.4155,17.6903],[82.4281,17.7047],[82.4249,17.7143],[82.4385,17.7235],[82.4512,17.7213],[82.455,17.7247],[82.4544,17.7333],[82.4619,17.7353],[82.4962,17.7207],[82.5016,17.7142],[82.5124,17.7225],[82.5091,17.7154],[82.4953,17.7041],[82.4978,17.6925],[82.508,17.6941],[82.5216,17.7026],[82.5288,17.703],[82.5316,17.7092],[82.545,17.716],[82.5541,17.7458],[82.5621,17.7462],[82.5719,17.7404],[82.5811,17.7419],[82.5978,17.7377],[82.599,17.7292],[82.594,17.7289],[82.5945,17.7258],[82.6031,17.7246],[82.6043,17.7155],[82.6182,17.7169],[82.62,17.7029],[82.63,17.6926],[82.6335,17.6947],[82.6352,17.6905],[82.6538,17.6903],[82.6589,17.6978],[82.6713,17.6968],[82.6703,17.6867],[82.6655,17.6857],[82.6586,17.6675],[82.6597,17.6552],[82.702,17.6587],[82.7035,17.6724],[82.7094,17.6748],[82.703,17.6886],[82.7163,17.7067],[82.7294,17.7024],[82.7593,17.7027],[82.7682,17.6957],[82.7806,17.6948],[82.7826,17.6751]]]}},{"type":"Feature","properties":{"ac_no":35,"name":"Tuni","district":"Kakinada","reservation":"none","loksabha":"Kakinada"},"geometry":{"type":"Polygon","coordinates":[[[82.5584,17.5196],[82.5612,17.4906],[82.5681,17.492],[82.5691,17.486],[82.5789,17.4813],[82.5854,17.4692],[82.6048,17.4602],[82.5988,17.4431],[82.5844,17.4299],[82.5832,17.4246],[82.5606,17.4085],[82.5556,17.3896],[82.543,17.3741],[82.5553,17.3529],[82.5668,17.3507],[82.5652,17.3421],[82.5603,17.342],[82.5602,17.3308],[82.5556,17.3242],[82.5357,17.327],[82.5358,17.3079],[82.5182,17.2993],[82.5215,17.2961],[82.5229,17.2766],[82.5258,17.2712],[82.5391,17.2633],[82.5414,17.2485],[82.4729,17.1995],[82.4193,17.1534],[82.3733,17.1817],[82.37,17.1944],[82.373,17.1993],[82.363,17.2067],[82.369,17.2142],[82.3662,17.2241],[82.3546,17.2406],[82.3574,17.2395],[82.3579,17.2462],[82.355,17.2632],[82.3597,17.2692],[82.373,17.2714],[82.37,17.2801],[82.372,17.2891],[82.3819,17.2873],[82.3921,17.2943],[82.3984,17.2905],[82.3944,17.2788],[82.4,17.2702],[82.4073,17.2652],[82.4169,17.2643],[82.4093,17.2822],[82.4134,17.2844],[82.4229,17.281],[82.4226,17.2998],[82.4397,17.304],[82.4318,17.3059],[82.4342,17.3094],[82.4296,17.3101],[82.4338,17.3133],[82.4254,17.3198],[82.4312,17.3165],[82.436,17.3182],[82.4313,17.3212],[82.4344,17.3321],[82.4318,17.3352],[82.4514,17.3316],[82.4431,17.3273],[82.449,17.3232],[82.455,17.3252],[82.4631,17.3167],[82.4695,17.3225],[82.4754,17.321],[82.4745,17.3252],[82.4691,17.3275],[82.4859,17.327],[82.4933,17.3323],[82.4904,17.3439],[82.4865,17.3458],[82.482,17.3397],[82.4794,17.3405],[82.4819,17.345],[82.4655,17.345],[82.4583,17.3596],[82.4666,17.3661],[82.4716,17.3634],[82.4884,17.3674],[82.4941,17.3722],[82.4944,17.3685],[82.5102,17.3705],[82.509,17.3756],[82.5227,17.3734],[82.5296,17.3803],[82.5286,17.3866],[82.52,17.3855],[82.5304,17.39],[82.5288,17.3968],[82.525,17.391],[82.5231,17.3981],[82.4934,17.4003],[82.5042,17.4045],[82.4968,17.4065],[82.4977,17.4136],[82.4635,17.4072],[82.4472,17.4133],[82.442,17.4089],[82.4274,17.4095],[82.424,17.4181],[82.413,17.4232],[82.4092,17.4372],[82.4133,17.4426],[82.4126,17.4509],[82.4228,17.4543],[82.4288,17.4707],[82.4379,17.4711],[82.439,17.4778],[82.4512,17.4803],[82.4545,17.4937],[82.4495,17.511],[82.4652,17.5114],[82.4681,17.5194],[82.4606,17.5295],[82.4689,17.5305],[82.4663,17.5348],[82.4764,17.5265],[82.4723,17.5211],[82.4775,17.5196],[82.4804,17.501],[82.4872,17.4992],[82.4944,17.5001],[82.5022,17.509],[82.5056,17.5029],[82.5173,17.5014],[82.539,17.5073],[82.547,17.5131],[82.5525,17.527],[82.5584,17.5196]]]}},{"type":"Feature","properties":{"ac_no":36,"name":"Prathipadu","district":"Kakinada","reservation":"none","loksabha":"Kakinada"},"geometry":{"type":"Polygon","coordinates":[[[82.3336,17.511],[82.3313,17.5029],[82.3446,17.4939],[82.3594,17.5081],[82.3753,17.5102],[82.3782,17.5069],[82.3674,17.4891],[82.3728,17.4791],[82.3887,17.4786],[82.4101,17.4665],[82.4288,17.4707],[82.4228,17.4543],[82.4126,17.4509],[82.4133,17.4426],[82.4092,17.4372],[82.413,17.4232],[82.424,17.4181],[82.4274,17.4095],[82.442,17.4089],[82.4472,17.4133],[82.4635,17.4072],[82.4977,17.4136],[82.4968,17.4065],[82.5042,17.4045],[82.4934,17.4003],[82.5231,17.3981],[82.525,17.391],[82.5288,17.3968],[82.5304,17.39],[82.52,17.3855],[82.5286,17.3866],[82.5296,17.3803],[82.5227,17.3734],[82.509,17.3756],[82.5102,17.3705],[82.4944,17.3685],[82.4941,17.3722],[82.4884,17.3674],[82.4716,17.3634],[82.4666,17.3661],[82.4583,17.3596],[82.4655,17.345],[82.4819,17.345],[82.4794,17.3405],[82.482,17.3397],[82.4865,17.3458],[82.4904,17.3439],[82.4933,17.3323],[82.4859,17.327],[82.4691,17.3275],[82.4745,17.3252],[82.4754,17.321],[82.4695,17.3225],[82.4631,17.3167],[82.455,17.3252],[82.449,17.3232],[82.4431,17.3273],[82.4514,17.3316],[82.4318,17.3352],[82.4344,17.3321],[82.4313,17.3212],[82.436,17.3182],[82.4312,17.3165],[82.4254,17.3198],[82.4338,17.3133],[82.4296,17.3101],[82.4342,17.3094],[82.4318,17.3059],[82.4397,17.304],[82.4226,17.2998],[82.4229,17.281],[82.4134,17.2844],[82.4093,17.2822],[82.4169,17.2643],[82.4073,17.2652],[82.4,17.2702],[82.3944,17.2788],[82.3984,17.2905],[82.3921,17.2943],[82.3819,17.2873],[82.372,17.2891],[82.37,17.2801],[82.373,17.2714],[82.3597,17.2692],[82.355,17.2632],[82.3579,17.2462],[82.3574,17.2395],[82.3546,17.2406],[82.346,17.2413],[82.3432,17.2354],[82.3219,17.2184],[82.3161,17.2412],[82.2883,17.2429],[82.2877,17.2499],[82.2571,17.2486],[82.2567,17.2295],[82.2613,17.2276],[82.2595,17.2246],[82.2647,17.2158],[82.2478,17.2138],[82.2338,17.1981],[82.2073,17.2174],[82.2062,17.2228],[82.2013,17.2227],[82.1906,17.2228],[82.19,17.2278],[82.1864,17.2244],[82.1833,17.2359],[82.1707,17.2353],[82.1682,17.2322],[82.1537,17.2345],[82.1518,17.2084],[82.1446,17.2058],[82.1457,17.2099],[82.1382,17.214],[82.1325,17.2119],[82.1314,17.2048],[82.131,17.21],[82.1206,17.2174],[82.1217,17.227],[82.1082,17.2396],[82.0976,17.2409],[82.0972,17.2493],[82.0897,17.2537],[82.0998,17.2832],[82.0903,17.2962],[82.0853,17.3025],[82.0638,17.3034],[82.0536,17.3161],[82.0621,17.3313],[82.0549,17.3446],[82.0621,17.3606],[82.0606,17.365],[82.0536,17.3667],[82.0515,17.3751],[82.0677,17.3902],[82.0702,17.384],[82.0749,17.3847],[82.0811,17.3946],[82.0712,17.3971],[82.0743,17.4017],[82.0822,17.4026],[82.0813,17.3977],[82.0841,17.3983],[82.0876,17.388],[82.0958,17.3947],[82.0942,17.4001],[82.0985,17.4008],[82.1015,17.3983],[82.0988,17.3943],[82.1034,17.3936],[82.0976,17.3905],[82.1018,17.3848],[82.1136,17.3919],[82.118,17.3892],[82.116,17.384],[82.1208,17.386],[82.122,17.3791],[82.1149,17.3789],[82.1114,17.3746],[82.1122,17.366],[82.1062,17.3634],[82.1048,17.3575],[82.0955,17.3553],[82.0916,17.347],[82.0938,17.3404],[82.1077,17.3388],[82.0993,17.3256],[82.1151,17.3288],[82.1142,17.3258],[82.1227,17.3229],[82.125,17.345],[82.1402,17.3446],[82.1427,17.3416],[82.1541,17.3488],[82.145,17.3521],[82.1494,17.3631],[82.1417,17.3632],[82.1391,17.3666],[82.1474,17.3672],[82.1498,17.3721],[82.1635,17.3759],[82.1656,17.3796],[82.17,17.3804],[82.1711,17.3762],[82.1856,17.3867],[82.1981,17.3792],[82.218,17.3892],[82.2172,17.3969],[82.2352,17.4099],[82.2532,17.431],[82.2762,17.439],[82.2847,17.446],[82.2913,17.4801],[82.3336,17.511]]]}},{"type":"Feature","properties":{"ac_no":37,"name":"Pithapuram","district":"Kakinada","reservation":"none","loksabha":"Kakinada"},"geometry":{"type":"Polygon","coordinates":[[[82.3546,17.2406],[82.3662,17.2241],[82.369,17.2142],[82.363,17.2067],[82.373,17.1993],[82.37,17.1944],[82.3733,17.1817],[82.4193,17.1534],[82.3076,17.044],[82.296,17.0508],[82.2818,17.0504],[82.2766,17.0535],[82.2771,17.0609],[82.2656,17.066],[82.2634,17.0696],[82.2495,17.072],[82.2453,17.078],[82.2352,17.0824],[82.2338,17.0898],[82.2258,17.0906],[82.1984,17.0803],[82.1884,17.0914],[82.179,17.0893],[82.1789,17.0924],[82.1742,17.0925],[82.1759,17.1013],[82.17,17.1363],[82.1726,17.1461],[82.1809,17.1424],[82.1861,17.154],[82.1899,17.1528],[82.1907,17.1558],[82.19,17.181],[82.2014,17.1839],[82.1988,17.1992],[82.1912,17.2063],[82.2013,17.2227],[82.2062,17.2228],[82.2073,17.2174],[82.2338,17.1981],[82.2478,17.2138],[82.2647,17.2158],[82.2595,17.2246],[82.2613,17.2276],[82.2567,17.2295],[82.2571,17.2486],[82.2877,17.2499],[82.2883,17.2429],[82.3161,17.2412],[82.3219,17.2184],[82.3432,17.2354],[82.346,17.2413],[82.3546,17.2406]]]}},{"type":"Feature","properties":{"ac_no":38,"name":"Kakinada Rural","district":"Kakinada","reservation":"none","loksabha":"Kakinada"},"geometry":{"type":"Polygon","coordinates":[[[82.3076,17.044],[82.2883,17.0161],[82.278,16.9831],[82.2678,16.9831],[82.2622,16.9717],[82.2589,16.9714],[82.2422,16.9762],[82.222,16.989],[82.2152,16.9797],[82.216,16.9726],[82.2206,16.9748],[82.2214,16.9705],[82.2139,16.9652],[82.2159,16.9624],[82.2034,16.9336],[82.2407,16.9307],[82.2474,16.9235],[82.2432,16.9068],[82.2349,16.9084],[82.232,16.8966],[82.2272,16.8945],[82.2225,16.8826],[82.2105,16.8841],[82.2023,16.8562],[82.1988,16.8522],[82.1837,16.8539],[82.1797,16.8511],[82.1784,16.8583],[82.1515,16.8678],[82.1453,16.8643],[82.1502,16.8624],[82.1527,16.8419],[82.1439,16.8285],[82.14,16.8294],[82.1335,16.8234],[82.1239,16.8292],[82.1247,16.8321],[82.1113,16.835],[82.1068,16.8424],[82.101,16.8426],[82.0962,16.8334],[82.0893,16.8338],[82.0923,16.8413],[82.0834,16.8537],[82.1096,16.8631],[82.0923,16.8768],[82.1071,16.8824],[82.105,16.8896],[82.1155,16.8879],[82.1232,16.8971],[82.1333,16.8896],[82.1448,16.8954],[82.1547,16.9202],[82.1494,16.9307],[82.1641,16.9429],[82.1675,16.9517],[82.184,16.9485],[82.2092,16.9831],[82.2125,16.9815],[82.2184,16.9913],[82.2062,16.9975],[82.2017,16.9946],[82.1962,16.9965],[82.1959,17.0084],[82.2137,17.0087],[82.2125,17.0117],[82.2194,17.0078],[82.2268,17.011],[82.2348,17.0088],[82.2397,17.0172],[82.2323,17.033],[82.2351,17.0451],[82.2391,17.0456],[82.2399,17.0517],[82.2482,17.0545],[82.2478,17.0597],[82.2577,17.0577],[82.2656,17.066],[82.2771,17.0609],[82.2766,17.0535],[82.2818,17.0504],[82.296,17.0508],[82.3076,17.044]]]}},{"type":"Feature","properties":{"ac_no":39,"name":"Peddapuram","district":"Kakinada","reservation":"none","loksabha":"Kakinada"},"geometry":{"type":"Polygon","coordinates":[[[82.1861,17.154],[82.1809,17.1424],[82.1726,17.1461],[82.17,17.1363],[82.1759,17.1013],[82.1742,17.0925],[82.1789,17.0924],[82.179,17.0893],[82.1884,17.0914],[82.1984,17.0803],[82.2258,17.0906],[82.2338,17.0898],[82.2352,17.0824],[82.2453,17.078],[82.2495,17.072],[82.2634,17.0696],[82.2656,17.066],[82.2577,17.0577],[82.2478,17.0597],[82.2482,17.0545],[82.2399,17.0517],[82.2391,17.0456],[82.2351,17.0451],[82.2323,17.033],[82.2397,17.0172],[82.2348,17.0088],[82.2268,17.011],[82.2194,17.0078],[82.2125,17.0117],[82.2137,17.0087],[82.1959,17.0084],[82.1962,16.9965],[82.2017,16.9946],[82.2062,16.9975],[82.2184,16.9913],[82.2125,16.9815],[82.2092,16.9831],[82.2002,16.9851],[82.1971,16.9799],[82.1897,16.9828],[82.1849,16.9777],[82.1771,16.9891],[82.1593,16.9929],[82.1543,16.9826],[82.1464,16.9786],[82.1388,16.9836],[82.1258,16.9849],[82.1152,16.97],[82.1019,16.9719],[82.1003,16.959],[82.0871,16.9634],[82.0721,16.9612],[82.0662,16.9766],[82.065,16.9928],[82.0586,16.9936],[82.0636,17.0003],[82.0615,17.0119],[82.0686,17.0132],[82.0699,17.0221],[82.0781,17.0285],[82.0775,17.0386],[82.0747,17.0416],[82.0313,17.0374],[82.0343,17.0473],[82.0319,17.0634],[82.0362,17.0633],[82.0474,17.0732],[82.0571,17.0759],[82.0626,17.0721],[82.0697,17.08],[82.0749,17.0798],[82.0763,17.0751],[82.0871,17.0989],[82.0783,17.1115],[82.0806,17.1098],[82.0824,17.1153],[82.0881,17.1168],[82.0906,17.1267],[82.1016,17.1292],[82.1085,17.1469],[82.1048,17.155],[82.1112,17.157],[82.1169,17.1756],[82.134,17.176],[82.1451,17.1707],[82.148,17.158],[82.1658,17.156],[82.1771,17.1584],[82.1861,17.154]]]}},{"type":"Feature","properties":{"ac_no":40,"name":"Anaparthy","district":"East Godavari","reservation":"none","loksabha":"Rajahmundry"},"geometry":{"type":"Polygon","coordinates":[[[82.0474,17.0732],[82.0362,17.0633],[82.0319,17.0634],[82.0343,17.0473],[82.0313,17.0374],[82.0747,17.0416],[82.0775,17.0386],[82.0781,17.0285],[82.0699,17.0221],[82.0686,17.0132],[82.0615,17.0119],[82.0636,17.0003],[82.0586,16.9936],[82.065,16.9928],[82.0662,16.9766],[82.0721,16.9612],[82.0871,16.9634],[82.1003,16.959],[82.1019,16.9719],[82.1152,16.97],[82.1258,16.9849],[82.1388,16.9836],[82.1464,16.9786],[82.1543,16.9826],[82.1593,16.9929],[82.1771,16.9891],[82.1849,16.9777],[82.1897,16.9828],[82.1971,16.9799],[82.2002,16.9851],[82.2092,16.9831],[82.184,16.9485],[82.1675,16.9517],[82.1641,16.9429],[82.1494,16.9307],[82.1547,16.9202],[82.1448,16.8954],[82.1333,16.8896],[82.1232,16.8971],[82.1155,16.8879],[82.105,16.8896],[82.1071,16.8824],[82.0923,16.8768],[82.0937,16.8834],[82.0861,16.8817],[82.0748,16.8852],[82.072,16.8788],[82.0583,16.8808],[82.0569,16.8747],[82.0472,16.8766],[82.0479,16.8811],[82.0438,16.8846],[82.0477,16.8961],[82.0379,16.9001],[82.0392,16.9049],[82.0292,16.8965],[82.0308,16.9042],[82.0204,16.9053],[82.0198,16.9087],[82.014,16.9101],[82.0128,16.9177],[82.0033,16.9171],[81.9966,16.9099],[81.9943,16.8956],[81.9833,16.8957],[81.9818,16.8832],[81.988,16.8782],[81.9835,16.8656],[81.9749,16.8651],[81.9742,16.8599],[81.9788,16.8559],[81.9659,16.8231],[81.9559,16.8249],[81.9582,16.8355],[81.9517,16.8382],[81.9523,16.8512],[81.9597,16.8702],[81.9497,16.8762],[81.9565,16.8995],[81.9534,16.8996],[81.9511,16.9065],[81.937,16.9131],[81.9384,16.9663],[81.9453,16.9717],[81.9574,16.9724],[81.9578,16.9753],[81.9654,16.9725],[81.9656,16.9795],[81.9812,16.983],[81.9822,16.9906],[81.9675,16.9899],[81.958,16.9935],[81.953,16.9979],[81.9472,17.0144],[81.9275,17.0255],[81.9328,17.0347],[81.9614,17.0475],[81.962,17.0563],[81.9506,17.0616],[81.9479,17.0709],[81.9282,17.0778],[81.929,17.0654],[81.9249,17.0665],[81.919,17.0589],[81.9138,17.0777],[81.9167,17.0783],[81.917,17.0888],[81.9239,17.1023],[81.9402,17.1044],[81.942,17.109],[81.951,17.11],[81.9581,17.1182],[81.9992,17.1197],[82.0226,17.103],[82.0472,17.0917],[82.0474,17.0732]]]}},{"type":"Feature","properties":{"ac_no":41,"name":"Kakinada City","district":"Kakinada","reservation":"none","loksabha":"Kakinada"},"geometry":{"type":"Polygon","coordinates":[[[82.278,16.9831],[82.2686,16.9546],[82.2708,16.9485],[82.269,16.9411],[82.2504,16.9357],[82.2474,16.9235],[82.2407,16.9307],[82.2034,16.9336],[82.2159,16.9624],[82.2139,16.9652],[82.2214,16.9705],[82.2206,16.9748],[82.216,16.9726],[82.2152,16.9797],[82.222,16.989],[82.2422,16.9762],[82.2589,16.9714],[82.2622,16.9717],[82.2678,16.9831],[82.278,16.9831]]]}},{"type":"Feature","properties":{"ac_no":42,"name":"Ramachandrapuram","district":"Dr. B.R. Ambedkar Konaseema","reservation":"none","loksabha":"Amalapuram"},"geometry":{"type":"Polygon","coordinates":[[[82.0923,16.8768],[82.1096,16.8631],[82.0834,16.8537],[82.0923,16.8413],[82.0893,16.8338],[82.0962,16.8334],[82.101,16.8426],[82.1068,16.8424],[82.1113,16.835],[82.1247,16.8321],[82.1239,16.8292],[82.1335,16.8234],[82.14,16.8294],[82.1439,16.8285],[82.1527,16.8419],[82.1502,16.8624],[82.1453,16.8643],[82.1515,16.8678],[82.1784,16.8583],[82.1797,16.8511],[82.1837,16.8539],[82.1988,16.8522],[82.2023,16.8562],[82.2129,16.856],[82.2113,16.8474],[82.2061,16.8457],[82.2054,16.8354],[82.212,16.818],[82.211,16.801],[82.2152,16.7899],[82.2061,16.7847],[82.2068,16.7819],[82.2149,16.7808],[82.2133,16.7757],[82.2066,16.7729],[82.2076,16.7682],[82.2027,16.7665],[82.2016,16.7612],[82.1912,16.7608],[82.179,16.7452],[82.1678,16.7477],[82.1606,16.7367],[82.1358,16.7204],[82.1446,16.7201],[82.1386,16.7168],[82.1249,16.7207],[82.1138,16.7301],[82.1054,16.7309],[82.0882,16.7201],[82.0649,16.712],[82.0567,16.7017],[82.0441,16.6946],[82.0302,16.6998],[82.0181,16.7112],[82.0183,16.7062],[82.0152,16.7157],[82.0087,16.7205],[81.9912,16.7076],[81.9854,16.7169],[81.9865,16.7269],[81.996,16.7273],[82.0021,16.7425],[81.9919,16.7463],[81.9948,16.7622],[81.9748,16.7619],[81.9772,16.7728],[81.9945,16.7684],[81.9976,16.7719],[82.0162,16.7691],[82.0153,16.7764],[82.0278,16.8109],[82.0229,16.8196],[82.0115,16.8267],[82.0065,16.8439],[82.0276,16.8434],[82.0292,16.8584],[82.0244,16.8608],[82.0247,16.867],[82.0188,16.8691],[82.0199,16.873],[82.0454,16.8666],[82.0472,16.8766],[82.0569,16.8747],[82.0583,16.8808],[82.072,16.8788],[82.0748,16.8852],[82.0861,16.8817],[82.0937,16.8834],[82.0923,16.8768]]]}},{"type":"Feature","properties":{"ac_no":43,"name":"Mummidivaram","district":"Dr. B.R. Ambedkar Konaseema","reservation":"none","loksabha":"Amalapuram"},"geometry":{"type":"Polygon","coordinates":[[[82.1401,16.496],[82.1411,16.5114],[82.1375,16.5118],[82.1356,16.5179],[82.1454,16.545],[82.1314,16.5512],[82.1357,16.5667],[82.1156,16.5807],[82.107,16.5716],[82.1045,16.5727],[82.0875,16.5935],[82.0775,16.5885],[82.069,16.5979],[82.0536,16.5886],[82.0558,16.5978],[82.047,16.5978],[82.038,16.6091],[82.0455,16.6173],[82.0544,16.6164],[82.078,16.6285],[82.0772,16.6588],[82.0847,16.6642],[82.0858,16.6783],[82.0777,16.676],[82.0523,16.6823],[82.0457,16.6804],[82.0438,16.675],[82.0308,16.6729],[82.0181,16.6847],[82.0116,16.6838],[82.0183,16.7062],[82.0181,16.7112],[82.0302,16.6998],[82.0441,16.6946],[82.0567,16.7017],[82.0649,16.712],[82.0882,16.7201],[82.1054,16.7309],[82.1138,16.7301],[82.1249,16.7207],[82.1386,16.7168],[82.1446,16.7201],[82.1358,16.7204],[82.1606,16.7367],[82.1678,16.7477],[82.179,16.7452],[82.1912,16.7608],[82.2016,16.7612],[82.2027,16.7665],[82.2076,16.7682],[82.2066,16.7729],[82.2133,16.7757],[82.2149,16.7808],[82.2068,16.7819],[82.2061,16.7847],[82.2152,16.7899],[82.211,16.801],[82.212,16.818],[82.2054,16.8354],[82.2061,16.8457],[82.2113,16.8474],[82.2129,16.856],[82.2023,16.8562],[82.2105,16.8841],[82.2225,16.8826],[82.2272,16.8945],[82.232,16.8966],[82.2349,16.9084],[82.2432,16.9068],[82.2474,16.9235],[82.2504,16.9357],[82.269,16.9411],[82.2708,16.9485],[82.3335,16.9934],[82.3512,16.9835],[82.3627,16.9667],[82.3699,16.9063],[82.3586,16.8134],[82.3436,16.7417],[82.3449,16.7361],[82.3642,16.731],[82.3692,16.7215],[82.3247,16.6591],[82.321,16.647],[82.329,16.6116],[82.3179,16.5758],[82.2845,16.557],[82.2308,16.5428],[82.1401,16.496]]]}},{"type":"Feature","properties":{"ac_no":44,"name":"Amalapuram","district":"Dr. B.R. Ambedkar Konaseema","reservation":"SC","loksabha":"Amalapuram"},"geometry":{"type":"Polygon","coordinates":[[[82.038,16.6091],[82.047,16.5978],[82.0558,16.5978],[82.0536,16.5886],[82.069,16.5979],[82.0775,16.5885],[82.0875,16.5935],[82.1045,16.5727],[82.107,16.5716],[82.1156,16.5807],[82.1357,16.5667],[82.1314,16.5512],[82.1454,16.545],[82.1356,16.5179],[82.1375,16.5118],[82.1411,16.5114],[82.1401,16.496],[81.9715,16.4106],[81.9582,16.399],[81.9479,16.3971],[81.9486,16.4235],[81.9601,16.4467],[81.9595,16.4556],[81.9566,16.4807],[81.9609,16.498],[81.9739,16.5117],[81.9699,16.5267],[81.9523,16.5407],[81.9623,16.5605],[81.9494,16.5677],[81.9523,16.5866],[81.9755,16.5914],[81.9807,16.5979],[81.9794,16.6021],[81.9671,16.6045],[81.9703,16.6123],[81.9683,16.6187],[81.9784,16.6246],[81.9876,16.6146],[81.9864,16.6115],[81.9918,16.612],[81.9955,16.617],[82.0096,16.6087],[82.0143,16.6183],[82.0208,16.614],[82.0298,16.6186],[82.0328,16.6108],[82.0364,16.6069],[82.038,16.6091]]]}},{"type":"Feature","properties":{"ac_no":45,"name":"Razole","district":"Dr. B.R. Ambedkar Konaseema","reservation":"SC","loksabha":"Amalapuram"},"geometry":{"type":"Polygon","coordinates":[[[81.9595,16.4556],[81.9601,16.4467],[81.9486,16.4235],[81.9479,16.3971],[81.9062,16.391],[81.8666,16.3801],[81.8373,16.369],[81.7239,16.3126],[81.7132,16.3169],[81.7161,16.3246],[81.7124,16.3275],[81.7122,16.3355],[81.7161,16.3561],[81.6965,16.4134],[81.7116,16.4447],[81.7181,16.4477],[81.726,16.445],[81.7352,16.424],[81.7558,16.4235],[81.7822,16.4507],[81.7853,16.4635],[81.7887,16.4629],[81.799,16.477],[81.8196,16.4901],[81.8437,16.4938],[81.8487,16.5014],[81.8563,16.502],[81.8597,16.5069],[81.8723,16.5058],[81.8741,16.5103],[81.8816,16.5085],[81.8816,16.5126],[81.8852,16.5125],[81.8869,16.5037],[81.8829,16.4964],[81.8668,16.491],[81.8689,16.4815],[81.8806,16.4804],[81.8896,16.4932],[81.9073,16.4846],[81.9085,16.4892],[81.9169,16.4899],[81.91,16.5071],[81.9242,16.5138],[81.9291,16.4955],[81.9395,16.4921],[81.9236,16.4904],[81.9224,16.4845],[81.9369,16.4824],[81.9339,16.4701],[81.9498,16.4664],[81.954,16.4565],[81.9595,16.4556]]]}},{"type":"Feature","properties":{"ac_no":46,"name":"Gannavaram","district":"Dr. B.R. Ambedkar Konaseema","reservation":"SC","loksabha":"Amalapuram"},"geometry":{"type":"Polygon","coordinates":[[[82.0183,16.7062],[82.0116,16.6838],[82.0181,16.6847],[82.0308,16.6729],[82.0438,16.675],[82.0457,16.6804],[82.0523,16.6823],[82.0777,16.676],[82.0858,16.6783],[82.0847,16.6642],[82.0772,16.6588],[82.078,16.6285],[82.0544,16.6164],[82.0455,16.6173],[82.038,16.6091],[82.0364,16.6069],[82.0328,16.6108],[82.0298,16.6186],[82.0208,16.614],[82.0143,16.6183],[82.0096,16.6087],[81.9955,16.617],[81.9918,16.612],[81.9864,16.6115],[81.9876,16.6146],[81.9784,16.6246],[81.9683,16.6187],[81.9703,16.6123],[81.9671,16.6045],[81.9794,16.6021],[81.9807,16.5979],[81.9755,16.5914],[81.9523,16.5866],[81.9494,16.5677],[81.9623,16.5605],[81.9523,16.5407],[81.9699,16.5267],[81.9739,16.5117],[81.9609,16.498],[81.9566,16.4807],[81.9595,16.4556],[81.954,16.4565],[81.9498,16.4664],[81.9339,16.4701],[81.9369,16.4824],[81.9224,16.4845],[81.9236,16.4904],[81.9395,16.4921],[81.9291,16.4955],[81.9242,16.5138],[81.91,16.5071],[81.9169,16.4899],[81.9085,16.4892],[81.9073,16.4846],[81.8896,16.4932],[81.8806,16.4804],[81.8689,16.4815],[81.8668,16.491],[81.8829,16.4964],[81.8869,16.5037],[81.8852,16.5125],[81.8816,16.5126],[81.8816,16.5085],[81.8741,16.5103],[81.8723,16.5058],[81.8597,16.5069],[81.8563,16.502],[81.8487,16.5014],[81.8468,16.5338],[81.8544,16.5585],[81.8587,16.5996],[81.8572,16.6117],[81.8432,16.6451],[81.8353,16.6549],[81.846,16.6614],[81.8516,16.6715],[81.8649,16.6733],[81.8799,16.6525],[81.88,16.6569],[81.8872,16.6577],[81.8868,16.6613],[81.8913,16.6582],[81.9141,16.6619],[81.9197,16.6478],[81.9326,16.6445],[81.9384,16.658],[81.9471,16.6555],[81.9493,16.6615],[81.9597,16.6613],[81.9615,16.6683],[81.955,16.6705],[81.9653,16.6917],[81.987,16.6878],[81.9958,16.7001],[81.9893,16.7061],[81.9912,16.7076],[82.0087,16.7205],[82.0152,16.7157],[82.0183,16.7062]]]}},{"type":"Feature","properties":{"ac_no":47,"name":"Kothapeta","district":"Dr. B.R. Ambedkar Konaseema","reservation":null,"loksabha":"Amalapuram"},"geometry":{"type":"Polygon","coordinates":[[[81.8704,16.8501],[81.9154,16.8331],[81.9134,16.8156],[81.9268,16.8127],[81.9197,16.7929],[81.9232,16.7857],[81.9177,16.7794],[81.9141,16.7805],[81.9086,16.768],[81.8885,16.7679],[81.8694,16.7827],[81.8658,16.7774],[81.8765,16.762],[81.8714,16.7469],[81.8876,16.7428],[81.8909,16.7345],[81.9123,16.7187],[81.9214,16.7059],[81.9264,16.7091],[81.9309,16.7059],[81.9403,16.709],[81.9514,16.7009],[81.9667,16.6974],[81.9653,16.6917],[81.955,16.6705],[81.9615,16.6683],[81.9597,16.6613],[81.9493,16.6615],[81.9471,16.6555],[81.9384,16.658],[81.9326,16.6445],[81.9197,16.6478],[81.9141,16.6619],[81.8913,16.6582],[81.8868,16.6613],[81.8872,16.6577],[81.88,16.6569],[81.8799,16.6525],[81.8649,16.6733],[81.8516,16.6715],[81.846,16.6614],[81.8353,16.6549],[81.812,16.6784],[81.8011,16.695],[81.7852,16.7093],[81.7951,16.7327],[81.7908,16.7458],[81.7845,16.7523],[81.764,16.762],[81.7448,16.7929],[81.7502,16.8053],[81.7465,16.8101],[81.7528,16.8226],[81.7515,16.8518],[81.7468,16.8663],[81.7342,16.8794],[81.7322,16.9138],[81.7242,16.914],[81.7283,16.9197],[81.7278,16.9284],[81.7308,16.9446],[81.7519,16.9444],[81.7531,16.9475],[81.7546,16.9444],[81.7781,16.945],[81.7822,16.9408],[81.7886,16.9282],[81.7931,16.8962],[81.8037,16.8798],[81.8042,16.8581],[81.8194,16.8669],[81.8294,16.8651],[81.8285,16.8728],[81.8317,16.8741],[81.8473,16.8704],[81.8512,16.8476],[81.8628,16.8452],[81.8635,16.849],[81.8704,16.8501]]]}},{"type":"Feature","properties":{"ac_no":48,"name":"Mandapeta","district":"Dr. B.R. Ambedkar Konaseema","reservation":null,"loksabha":"Amalapuram"},"geometry":{"type":"Polygon","coordinates":[[[81.9384,16.9663],[81.937,16.9131],[81.9511,16.9065],[81.9534,16.8996],[81.9565,16.8995],[81.9497,16.8762],[81.9597,16.8702],[81.9523,16.8512],[81.9517,16.8382],[81.9582,16.8355],[81.9559,16.8249],[81.9659,16.8231],[81.9788,16.8559],[81.9742,16.8599],[81.9749,16.8651],[81.9835,16.8656],[81.988,16.8782],[81.9818,16.8832],[81.9833,16.8957],[81.9943,16.8956],[81.9966,16.9099],[82.0033,16.9171],[82.0128,16.9177],[82.014,16.9101],[82.0198,16.9087],[82.0204,16.9053],[82.0308,16.9042],[82.0292,16.8965],[82.0392,16.9049],[82.0379,16.9001],[82.0477,16.8961],[82.0438,16.8846],[82.0479,16.8811],[82.0472,16.8766],[82.0454,16.8666],[82.0199,16.873],[82.0188,16.8691],[82.0247,16.867],[82.0244,16.8608],[82.0292,16.8584],[82.0276,16.8434],[82.0065,16.8439],[82.0115,16.8267],[82.0229,16.8196],[82.0278,16.8109],[82.0153,16.7764],[82.0162,16.7691],[81.9976,16.7719],[81.9945,16.7684],[81.9772,16.7728],[81.9748,16.7619],[81.9948,16.7622],[81.9919,16.7463],[82.0021,16.7425],[81.996,16.7273],[81.9865,16.7269],[81.9854,16.7169],[81.9912,16.7076],[81.9893,16.7061],[81.9958,16.7001],[81.987,16.6878],[81.9653,16.6917],[81.9667,16.6974],[81.9514,16.7009],[81.9403,16.709],[81.9309,16.7059],[81.9264,16.7091],[81.9214,16.7059],[81.9123,16.7187],[81.8909,16.7345],[81.8876,16.7428],[81.8714,16.7469],[81.8765,16.762],[81.8658,16.7774],[81.8694,16.7827],[81.8885,16.7679],[81.9086,16.768],[81.9141,16.7805],[81.9177,16.7794],[81.9232,16.7857],[81.9197,16.7929],[81.9268,16.8127],[81.9134,16.8156],[81.9154,16.8331],[81.8704,16.8501],[81.8656,16.8673],[81.8701,16.8785],[81.8814,16.8818],[81.8825,16.8903],[81.8788,16.894],[81.8822,16.9007],[81.8737,16.9041],[81.8726,16.9007],[81.863,16.906],[81.8687,16.9142],[81.8692,16.9321],[81.8617,16.9354],[81.8628,16.9408],[81.8802,16.9447],[81.882,16.9501],[81.9002,16.9502],[81.9048,16.966],[81.9132,16.969],[81.9176,16.9807],[81.9207,16.9761],[81.9302,16.9732],[81.931,16.9665],[81.9384,16.9663]]]}},{"type":"Feature","properties":{"ac_no":49,"name":"Rajanagaram","district":"East Godavari","reservation":null,"loksabha":"Rajahmundry"},"geometry":{"type":"Polygon","coordinates":[[[81.7754,17.2471],[81.7728,17.2369],[81.7829,17.2269],[81.7811,17.2171],[81.7917,17.2209],[81.8109,17.2166],[81.8023,17.1982],[81.8146,17.1949],[81.8157,17.1999],[81.821,17.199],[81.8197,17.1877],[81.8223,17.1901],[81.8403,17.1867],[81.8484,17.1927],[81.871,17.1962],[81.8734,17.2136],[81.8691,17.2154],[81.8722,17.2195],[81.88,17.22],[81.8747,17.2171],[81.8761,17.2128],[81.8834,17.2181],[81.8979,17.2213],[81.8978,17.2149],[81.9174,17.2125],[81.9207,17.1986],[81.9073,17.1922],[81.9031,17.1835],[81.9085,17.1727],[81.9097,17.1772],[81.9127,17.1665],[81.9187,17.1641],[81.9151,17.1402],[81.9194,17.1342],[81.9183,17.1165],[81.9239,17.1023],[81.917,17.0888],[81.9167,17.0783],[81.9138,17.0777],[81.919,17.0589],[81.9249,17.0665],[81.929,17.0654],[81.9282,17.0778],[81.9479,17.0709],[81.9506,17.0616],[81.962,17.0563],[81.9614,17.0475],[81.9328,17.0347],[81.9275,17.0255],[81.9472,17.0144],[81.953,16.9979],[81.958,16.9935],[81.9675,16.9899],[81.9822,16.9906],[81.9812,16.983],[81.9656,16.9795],[81.9654,16.9725],[81.9578,16.9753],[81.9574,16.9724],[81.9453,16.9717],[81.9384,16.9663],[81.931,16.9665],[81.9302,16.9732],[81.9207,16.9761],[81.9176,16.9807],[81.9132,16.969],[81.9048,16.966],[81.9002,16.9502],[81.882,16.9501],[81.8802,16.9447],[81.8628,16.9408],[81.8617,16.9354],[81.8541,16.9293],[81.8324,16.9277],[81.8286,16.9363],[81.8228,16.9392],[81.827,16.9459],[81.8321,16.9469],[81.8291,16.9579],[81.8231,16.9604],[81.8264,16.97],[81.837,16.9754],[81.8435,16.9747],[81.8441,16.9981],[81.8406,17.0055],[81.8139,17.012],[81.8031,17.0342],[81.8142,17.047],[81.8315,17.0585],[81.8336,17.0646],[81.7838,17.0749],[81.7871,17.088],[81.7608,17.0956],[81.76,17.0926],[81.7539,17.0924],[81.755,17.0861],[81.7133,17.0646],[81.6965,17.0851],[81.6806,17.094],[81.6752,17.1166],[81.6651,17.1315],[81.6636,17.1517],[81.6575,17.1713],[81.6405,17.2076],[81.6414,17.2293],[81.6539,17.248],[81.6577,17.2713],[81.6588,17.2682],[81.6646,17.2692],[81.674,17.2643],[81.6722,17.2621],[81.6618,17.2649],[81.666,17.2553],[81.6769,17.2525],[81.6782,17.2596],[81.6799,17.2507],[81.6869,17.2484],[81.6876,17.2394],[81.6813,17.233],[81.6924,17.2295],[81.7022,17.2315],[81.7149,17.2226],[81.72,17.2224],[81.7167,17.2375],[81.7299,17.2339],[81.7474,17.2386],[81.7544,17.2334],[81.7573,17.2416],[81.7665,17.2498],[81.7754,17.2471]]]}},{"type":"Feature","properties":{"ac_no":50,"name":"Rajahmundry City","district":"East Godavari","reservation":null,"loksabha":"Rajahmundry"},"geometry":{"type":"Polygon","coordinates":[[[81.7835,17.0365],[81.7988,17.0246],[81.8032,17.0106],[81.7871,16.9952],[81.7747,17.0018],[81.769,16.997],[81.7656,17.004],[81.7692,17.0156],[81.7671,17.0316],[81.7758,17.0293],[81.7835,17.0365]]]}},{"type":"Feature","properties":{"ac_no":51,"name":"Rajahmundry Rural","district":"East Godavari","reservation":null,"loksabha":"Rajahmundry"},"geometry":{"type":"Polygon","coordinates":[[[81.8617,16.9354],[81.8692,16.9321],[81.8687,16.9142],[81.863,16.906],[81.8726,16.9007],[81.8737,16.9041],[81.8822,16.9007],[81.8788,16.894],[81.8825,16.8903],[81.8814,16.8818],[81.8701,16.8785],[81.8656,16.8673],[81.8704,16.8501],[81.8635,16.849],[81.8628,16.8452],[81.8512,16.8476],[81.8473,16.8704],[81.8317,16.8741],[81.8285,16.8728],[81.8294,16.8651],[81.8194,16.8669],[81.8042,16.8581],[81.8037,16.8798],[81.7931,16.8962],[81.7886,16.9282],[81.7822,16.9408],[81.7781,16.945],[81.7546,16.9444],[81.7531,16.9475],[81.7519,16.9444],[81.7308,16.9446],[81.7451,16.9652],[81.7425,17.0066],[81.7392,17.0162],[81.7314,17.0207],[81.7241,17.0371],[81.7221,17.0528],[81.7133,17.0646],[81.755,17.0861],[81.7539,17.0924],[81.76,17.0926],[81.7608,17.0956],[81.7871,17.088],[81.7838,17.0749],[81.8336,17.0646],[81.8315,17.0585],[81.8142,17.047],[81.8031,17.0342],[81.8139,17.012],[81.8406,17.0055],[81.8441,16.9981],[81.8435,16.9747],[81.837,16.9754],[81.8264,16.97],[81.8231,16.9604],[81.8291,16.9579],[81.8321,16.9469],[81.827,16.9459],[81.8228,16.9392],[81.8286,16.9363],[81.8324,16.9277],[81.8541,16.9293],[81.8617,16.9354]],[[81.7835,17.0365],[81.7758,17.0293],[81.7671,17.0316],[81.7692,17.0156],[81.7656,17.004],[81.769,16.997],[81.7747,17.0018],[81.7871,16.9952],[81.8032,17.0106],[81.7988,17.0246],[81.7835,17.0365]]]}},{"type":"Feature","properties":{"ac_no":52,"name":"Jaggampeta","district":"Kakinada","reservation":null,"loksabha":"Kakinada"},"geometry":{"type":"Polygon","coordinates":[[[82.0903,17.2962],[82.0998,17.2832],[82.0897,17.2537],[82.0972,17.2493],[82.0976,17.2409],[82.1082,17.2396],[82.1217,17.227],[82.1206,17.2174],[82.131,17.21],[82.1314,17.2048],[82.1325,17.2119],[82.1382,17.214],[82.1457,17.2099],[82.1446,17.2058],[82.1518,17.2084],[82.1537,17.2345],[82.1682,17.2322],[82.1707,17.2353],[82.1833,17.2359],[82.1864,17.2244],[82.19,17.2278],[82.1906,17.2228],[82.2013,17.2227],[82.1912,17.2063],[82.1988,17.1992],[82.2014,17.1839],[82.19,17.181],[82.1907,17.1558],[82.1899,17.1528],[82.1861,17.154],[82.1771,17.1584],[82.1658,17.156],[82.148,17.158],[82.1451,17.1707],[82.134,17.176],[82.1169,17.1756],[82.1112,17.157],[82.1048,17.155],[82.1085,17.1469],[82.1016,17.1292],[82.0906,17.1267],[82.0881,17.1168],[82.0824,17.1153],[82.0806,17.1098],[82.0783,17.1115],[82.0871,17.0989],[82.0763,17.0751],[82.0749,17.0798],[82.0697,17.08],[82.0626,17.0721],[82.0571,17.0759],[82.0474,17.0732],[82.0472,17.0917],[82.0226,17.103],[81.9992,17.1197],[81.9581,17.1182],[81.951,17.11],[81.942,17.109],[81.9402,17.1044],[81.9239,17.1023],[81.9183,17.1165],[81.9194,17.1342],[81.9151,17.1402],[81.9187,17.1641],[81.9127,17.1665],[81.9097,17.1772],[81.9085,17.1727],[81.9031,17.1835],[81.9073,17.1922],[81.9207,17.1986],[81.9174,17.2125],[81.8978,17.2149],[81.8979,17.2213],[81.8834,17.2181],[81.8761,17.2128],[81.8747,17.2171],[81.88,17.22],[81.8722,17.2195],[81.8691,17.2154],[81.8734,17.2136],[81.871,17.1962],[81.8484,17.1927],[81.8403,17.1867],[81.8223,17.1901],[81.8197,17.1877],[81.821,17.199],[81.8157,17.1999],[81.8146,17.1949],[81.8023,17.1982],[81.8109,17.2166],[81.7917,17.2209],[81.7811,17.2171],[81.7829,17.2269],[81.7728,17.2369],[81.7754,17.2471],[81.7831,17.2482],[81.7967,17.2434],[81.8064,17.2462],[81.8075,17.2599],[81.8266,17.2582],[81.8269,17.2767],[81.8228,17.2883],[81.8245,17.3048],[81.8288,17.3095],[81.8418,17.3095],[81.8453,17.3005],[81.8565,17.2972],[81.8595,17.2886],[81.8633,17.2916],[81.8671,17.2878],[81.8818,17.2963],[81.8783,17.3081],[81.8807,17.3137],[81.8907,17.3179],[81.9119,17.304],[81.9242,17.3134],[81.9139,17.277],[81.9237,17.2757],[81.9241,17.2803],[81.9409,17.2804],[81.9458,17.2849],[81.9513,17.2845],[81.9549,17.2918],[81.9643,17.292],[81.9629,17.2995],[81.9761,17.3027],[81.9739,17.3148],[81.9987,17.3088],[82.0094,17.3143],[82.011,17.309],[82.0244,17.3111],[82.0356,17.3056],[82.038,17.2949],[82.0578,17.2992],[82.0591,17.2944],[82.0709,17.3021],[82.0903,17.2962]]]}},{"type":"Feature","properties":{"ac_no":53,"name":"Rampachodavaram","district":"Alluri Sitharama Raju","reservation":"ST","loksabha":"Araku"},"geometry":{"type":"Polygon","coordinates":[[[80.9097,17.6399],[80.9043,17.641],[80.9018,17.6417],[80.9043,17.641],[80.9097,17.6399]]]}},{"type":"Feature","properties":{"ac_no":53,"name":"Rampachodavaram","district":"Alluri Sitharama Raju","reservation":"ST","loksabha":"Araku"},"geometry":{"type":"Polygon","coordinates":[[[80.9097,17.6399],[80.9125,17.6469],[80.9097,17.6584],[80.9138,17.6706],[80.8984,17.6785],[80.8758,17.6731],[80.8779,17.6769],[80.8799,17.6793],[80.8808,17.6802],[80.8818,17.6815],[80.8841,17.6876],[80.8841,17.6876],[80.8843,17.6953],[80.8841,17.6979],[80.884,17.6992],[80.8839,17.7009],[80.8836,17.7038],[80.8835,17.704],[80.8829,17.7087],[80.8814,17.725],[80.881,17.7282],[80.8808,17.7309],[80.8974,17.7496],[80.9056,17.7463],[80.9158,17.7495],[80.9192,17.7565],[80.9278,17.7613],[80.9457,17.76],[80.9623,17.7767],[80.9731,17.776],[80.9743,17.7794],[80.9849,17.7557],[80.9917,17.7503],[81.016,17.7439],[81.0252,17.7488],[81.0354,17.7445],[81.0424,17.7272],[81.0196,17.7202],[81.0603,17.7152],[81.0574,17.7134],[81.059,17.7048],[81.0662,17.6962],[81.0732,17.6965],[81.0785,17.7142],[81.0737,17.7103],[81.0666,17.7155],[81.0664,17.7271],[81.0632,17.7282],[81.0671,17.7329],[81.0817,17.7225],[81.082,17.7184],[81.0892,17.7215],[81.0894,17.7348],[81.086,17.7346],[81.0751,17.76],[81.0847,17.7602],[81.0822,17.7739],[81.0958,17.7752],[81.0816,17.7946],[81.1024,17.816],[81.1279,17.827],[81.1421,17.8415],[81.1661,17.8576],[81.1993,17.847],[81.2156,17.8345],[81.2393,17.826],[81.2484,17.8168],[81.2653,17.8097],[81.3055,17.8086],[81.326,17.8139],[81.3456,17.8103],[81.354,17.8123],[81.3771,17.8045],[81.3865,17.7949],[81.3923,17.7941],[81.3918,17.8154],[81.3966,17.8202],[81.4102,17.8186],[81.4156,17.8134],[81.4341,17.8319],[81.4442,17.825],[81.4739,17.838],[81.49,17.8127],[81.5184,17.8163],[81.5302,17.8229],[81.5637,17.8257],[81.5743,17.8372],[81.5942,17.834],[81.6167,17.8221],[81.6223,17.8334],[81.6301,17.832],[81.6408,17.8402],[81.652,17.8561],[81.6538,17.8681],[81.6619,17.8812],[81.6709,17.8872],[81.6861,17.8853],[81.6997,17.901],[81.7044,17.8777],[81.7104,17.8719],[81.7504,17.8938],[81.7683,17.9063],[81.7714,17.9125],[81.7784,17.9128],[81.7901,17.9208],[81.7971,17.9373],[81.8099,17.951],[81.831,17.9579],[81.8432,17.957],[81.8665,17.9633],[81.8934,17.9762],[81.9037,17.9767],[81.9181,17.9904],[81.9366,17.9903],[81.9619,17.9988],[81.9801,18.0132],[81.9836,18.0043],[81.9967,17.9989],[82.0002,17.9865],[82.0097,17.9799],[82.0069,17.9653],[82.0219,17.957],[82.0296,17.9392],[82.0275,17.9311],[82.0203,17.9273],[82.0201,17.9208],[82.0134,17.9167],[82.0023,17.8998],[82.0007,17.8855],[82.0042,17.8712],[82.0173,17.8614],[82.0196,17.8391],[82.0095,17.8271],[82.0077,17.8447],[81.9946,17.8442],[81.9885,17.8517],[81.9744,17.841],[81.9617,17.8162],[81.9437,17.8115],[81.9349,17.8129],[81.9245,17.8071],[81.9258,17.8],[81.9007,17.788],[81.8797,17.7717],[81.8741,17.759],[81.8611,17.7517],[81.8788,17.7406],[81.898,17.7448],[81.9075,17.7401],[81.9228,17.7421],[81.9352,17.738],[81.9717,17.7462],[81.9606,17.7574],[81.9784,17.7676],[81.9982,17.7639],[82.0063,17.7547],[82.0163,17.7529],[82.0182,17.7489],[82.0113,17.7375],[82.0281,17.7276],[82.0291,17.7151],[82.0335,17.714],[82.0332,17.7083],[82.0249,17.7027],[82.0289,17.6953],[82.0264,17.6837],[82.0194,17.6762],[82.0224,17.6687],[82.0167,17.6612],[82.0064,17.6587],[82.0064,17.6478],[82.0104,17.6458],[82.002,17.6391],[82.005,17.6272],[82.0163,17.618],[82.0243,17.6229],[82.0235,17.6316],[82.0338,17.6319],[82.0523,17.6427],[82.0586,17.6354],[82.0651,17.6433],[82.0769,17.6444],[82.0918,17.6563],[82.1062,17.6501],[82.1161,17.655],[82.1354,17.6486],[82.138,17.6345],[82.1633,17.6094],[82.181,17.6081],[82.1911,17.6215],[82.2108,17.6332],[82.2264,17.6376],[82.2482,17.6183],[82.2759,17.6233],[82.2744,17.6107],[82.2884,17.6039],[82.3036,17.5889],[82.3227,17.5838],[82.3312,17.5874],[82.3408,17.5856],[82.3412,17.5729],[82.3329,17.5671],[82.3291,17.5534],[82.3302,17.5401],[82.3373,17.5232],[82.3324,17.5177],[82.3336,17.511],[82.2913,17.4801],[82.2847,17.446],[82.2762,17.439],[82.2532,17.431],[82.2352,17.4099],[82.2172,17.3969],[82.218,17.3892],[82.1981,17.3792],[82.1856,17.3867],[82.1711,17.3762],[82.17,17.3804],[82.1656,17.3796],[82.1635,17.3759],[82.1498,17.3721],[82.1474,17.3672],[82.1391,17.3666],[82.1417,17.3632],[82.1494,17.3631],[82.145,17.3521],[82.1541,17.3488],[82.1427,17.3416],[82.1402,17.3446],[82.125,17.345],[82.1227,17.3229],[82.1142,17.3258],[82.1151,17.3288],[82.0993,17.3256],[82.1077,17.3388],[82.0938,17.3404],[82.0916,17.347],[82.0955,17.3553],[82.1048,17.3575],[82.1062,17.3634],[82.1122,17.366],[82.1114,17.3746],[82.1149,17.3789],[82.122,17.3791],[82.1208,17.386],[82.116,17.384],[82.118,17.3892],[82.1136,17.3919],[82.1018,17.3848],[82.0976,17.3905],[82.1034,17.3936],[82.0988,17.3943],[82.1015,17.3983],[82.0985,17.4008],[82.0942,17.4001],[82.0958,17.3947],[82.0876,17.388],[82.0841,17.3983],[82.0813,17.3977],[82.0822,17.4026],[82.0743,17.4017],[82.0712,17.3971],[82.0811,17.3946],[82.0749,17.3847],[82.0702,17.384],[82.0677,17.3902],[82.0515,17.3751],[82.0536,17.3667],[82.0606,17.365],[82.0621,17.3606],[82.0549,17.3446],[82.0621,17.3313],[82.0536,17.3161],[82.0638,17.3034],[82.0853,17.3025],[82.0903,17.2962],[82.0709,17.3021],[82.0591,17.2944],[82.0578,17.2992],[82.038,17.2949],[82.0356,17.3056],[82.0244,17.3111],[82.011,17.309],[82.0094,17.3143],[81.9987,17.3088],[81.9739,17.3148],[81.9761,17.3027],[81.9629,17.2995],[81.9643,17.292],[81.9549,17.2918],[81.9513,17.2845],[81.9458,17.2849],[81.9409,17.2804],[81.9241,17.2803],[81.9237,17.2757],[81.9139,17.277],[81.9242,17.3134],[81.9119,17.304],[81.8907,17.3179],[81.8807,17.3137],[81.8783,17.3081],[81.8818,17.2963],[81.8671,17.2878],[81.8633,17.2916],[81.8595,17.2886],[81.8565,17.2972],[81.8453,17.3005],[81.8418,17.3095],[81.8288,17.3095],[81.8245,17.3048],[81.8228,17.2883],[81.8269,17.2767],[81.8266,17.2582],[81.8075,17.2599],[81.8064,17.2462],[81.7967,17.2434],[81.7831,17.2482],[81.7754,17.2471],[81.7665,17.2498],[81.7573,17.2416],[81.7544,17.2334],[81.7474,17.2386],[81.7299,17.2339],[81.7167,17.2375],[81.72,17.2224],[81.7149,17.2226],[81.7022,17.2315],[81.6924,17.2295],[81.6813,17.233],[81.6876,17.2394],[81.6869,17.2484],[81.6799,17.2507],[81.6782,17.2596],[81.6769,17.2525],[81.666,17.2553],[81.6618,17.2649],[81.6722,17.2621],[81.674,17.2643],[81.6646,17.2692],[81.6588,17.2682],[81.6577,17.2713],[81.6624,17.2827],[81.6786,17.2902],[81.6781,17.3015],[81.6424,17.3237],[81.6268,17.3247],[81.6143,17.3312],[81.6107,17.3436],[81.6141,17.3524],[81.6042,17.3756],[81.6096,17.3973],[81.6159,17.4002],[81.6139,17.4068],[81.6028,17.4113],[81.5858,17.4057],[81.5798,17.4151],[81.5756,17.4328],[81.5635,17.4398],[81.5412,17.4365],[81.5316,17.4396],[81.5181,17.4547],[81.5134,17.4708],[81.5059,17.4778],[81.498,17.4809],[81.4949,17.4764],[81.5021,17.4613],[81.4239,17.4515],[81.4013,17.4556],[81.3681,17.4851],[81.3461,17.4874],[81.3213,17.4823],[81.301,17.4829],[81.2923,17.4922],[81.2759,17.5351],[81.259,17.5595],[81.2498,17.5636],[81.2208,17.5605],[81.1861,17.5643],[81.1349,17.5866],[81.1132,17.608],[81.099,17.6165],[81.0744,17.6176],[81.0405,17.6034],[81.0162,17.5986],[81.006,17.6098],[81.0091,17.636],[81.001,17.65],[80.9866,17.6527],[80.9656,17.6476],[80.9438,17.6343],[80.9097,17.6399]]]}},{"type":"Feature","properties":{"ac_no":54,"name":"Kovvur","district":"East Godavari","reservation":"SC","loksabha":"Rajahmundry"},"geometry":{"type":"Polygon","coordinates":[[[81.6575,17.1713],[81.6636,17.1517],[81.6651,17.1315],[81.6752,17.1166],[81.6806,17.094],[81.6965,17.0851],[81.7133,17.0646],[81.7221,17.0528],[81.7241,17.0371],[81.7314,17.0207],[81.7392,17.0162],[81.7425,17.0066],[81.7451,16.9652],[81.7308,16.9446],[81.7278,16.9284],[81.7216,16.9251],[81.7205,16.9302],[81.712,16.9264],[81.7071,16.931],[81.6961,16.9299],[81.6954,16.9201],[81.6897,16.9196],[81.6852,16.9291],[81.665,16.9274],[81.6599,16.9378],[81.6319,16.9291],[81.6302,16.9317],[81.609,16.9317],[81.604,16.9391],[81.5931,16.9348],[81.5898,16.9363],[81.5886,16.9458],[81.5831,16.9467],[81.5811,16.954],[81.5703,16.9612],[81.5704,16.973],[81.5784,16.987],[81.5967,16.9857],[81.5982,17.0057],[81.6038,17.0063],[81.6011,17.0226],[81.63,17.026],[81.6366,17.02],[81.6404,17.0252],[81.6504,17.025],[81.6511,17.0275],[81.6446,17.0368],[81.6481,17.0556],[81.6351,17.0551],[81.6318,17.0721],[81.6127,17.0771],[81.6149,17.0812],[81.6332,17.0808],[81.6337,17.0942],[81.6221,17.0979],[81.6108,17.0948],[81.611,17.1049],[81.618,17.1122],[81.6165,17.1184],[81.5962,17.1207],[81.5966,17.1257],[81.5899,17.1344],[81.5921,17.1423],[81.5892,17.1545],[81.5932,17.1571],[81.59,17.1573],[81.5923,17.162],[81.6027,17.1685],[81.6214,17.1712],[81.6283,17.1785],[81.627,17.1854],[81.6366,17.1828],[81.653,17.1675],[81.6575,17.1713]]]}},{"type":"Feature","properties":{"ac_no":55,"name":"Nidadavole","district":"East Godavari","reservation":null,"loksabha":"Rajahmundry"},"geometry":{"type":"Polygon","coordinates":[[[81.5703,16.9612],[81.5811,16.954],[81.5831,16.9467],[81.5886,16.9458],[81.5898,16.9363],[81.5931,16.9348],[81.604,16.9391],[81.609,16.9317],[81.6302,16.9317],[81.6319,16.9291],[81.6599,16.9378],[81.665,16.9274],[81.6852,16.9291],[81.6897,16.9196],[81.6954,16.9201],[81.6961,16.9299],[81.7071,16.931],[81.712,16.9264],[81.7205,16.9302],[81.7216,16.9251],[81.7278,16.9284],[81.7283,16.9197],[81.7242,16.914],[81.7322,16.9138],[81.7342,16.8794],[81.7468,16.8663],[81.7515,16.8518],[81.7528,16.8226],[81.7465,16.8101],[81.7502,16.8053],[81.7448,16.7929],[81.764,16.762],[81.7845,16.7523],[81.7908,16.7458],[81.7951,16.7327],[81.7852,16.7093],[81.8011,16.695],[81.788,16.695],[81.7885,16.6858],[81.769,16.6818],[81.7677,16.6743],[81.7592,16.6745],[81.7592,16.6941],[81.7524,16.7049],[81.7489,16.7052],[81.7525,16.728],[81.7448,16.7304],[81.738,16.7251],[81.7202,16.7282],[81.7241,16.759],[81.727,16.7595],[81.7257,16.7707],[81.721,16.77],[81.7217,16.7641],[81.69,16.7667],[81.6875,16.7614],[81.6867,16.7668],[81.6821,16.7676],[81.6806,16.7613],[81.6762,16.768],[81.6704,16.7668],[81.6685,16.775],[81.6453,16.7786],[81.6464,16.7843],[81.6351,16.7851],[81.6249,16.7955],[81.6312,16.8006],[81.6382,16.8233],[81.6406,16.8296],[81.6522,16.8374],[81.6525,16.8465],[81.6574,16.8515],[81.6432,16.8568],[81.637,16.8541],[81.6248,16.8916],[81.6096,16.8988],[81.6076,16.9043],[81.5736,16.9019],[81.569,16.9112],[81.5533,16.9186],[81.5522,16.9365],[81.5391,16.9477],[81.5433,16.9591],[81.5542,16.9639],[81.5703,16.9612]]]}},{"type":"Feature","properties":{"ac_no":56,"name":"Achanta","district":"West Godavari","reservation":null,"loksabha":"Narasapuram"},"geometry":{"type":"Polygon","coordinates":[[[81.8011,16.695],[81.812,16.6784],[81.8353,16.6549],[81.8432,16.6451],[81.8572,16.6117],[81.8587,16.5996],[81.8544,16.5585],[81.8468,16.5338],[81.8442,16.5389],[81.824,16.5386],[81.8184,16.535],[81.8202,16.5521],[81.7986,16.5555],[81.8006,16.5434],[81.7907,16.5464],[81.7831,16.5367],[81.7793,16.5372],[81.7663,16.5488],[81.7656,16.5602],[81.7599,16.5692],[81.7395,16.5722],[81.7331,16.5684],[81.7279,16.575],[81.7201,16.5747],[81.7194,16.571],[81.7073,16.5722],[81.7028,16.5795],[81.7062,16.5841],[81.7048,16.5952],[81.7011,16.5953],[81.6956,16.5855],[81.6793,16.5864],[81.68,16.6192],[81.6656,16.6185],[81.6671,16.6066],[81.6502,16.6128],[81.6392,16.606],[81.6326,16.6165],[81.6144,16.6241],[81.6124,16.6312],[81.6284,16.6615],[81.6243,16.6651],[81.6329,16.67],[81.6481,16.6684],[81.6481,16.6853],[81.6565,16.6954],[81.6621,16.6922],[81.669,16.6943],[81.6793,16.6875],[81.6767,16.6785],[81.6804,16.6775],[81.6804,16.6711],[81.6874,16.6695],[81.6829,16.6533],[81.6851,16.6442],[81.6952,16.6382],[81.6985,16.6384],[81.6986,16.6435],[81.7029,16.6438],[81.7075,16.6541],[81.7202,16.6466],[81.7306,16.6458],[81.7319,16.657],[81.7247,16.663],[81.7322,16.6618],[81.7327,16.6697],[81.7378,16.6694],[81.7397,16.6749],[81.7592,16.6745],[81.7677,16.6743],[81.769,16.6818],[81.7885,16.6858],[81.788,16.695],[81.8011,16.695]]]}},{"type":"Feature","properties":{"ac_no":57,"name":"Palakollu","district":"West Godavari","reservation":null,"loksabha":"Narasapuram"},"geometry":{"type":"Polygon","coordinates":[[[81.8468,16.5338],[81.8487,16.5014],[81.8437,16.4938],[81.8196,16.4901],[81.799,16.477],[81.7887,16.4629],[81.7853,16.4635],[81.7822,16.4507],[81.7558,16.4235],[81.7352,16.424],[81.726,16.445],[81.7477,16.4484],[81.7506,16.4561],[81.7462,16.4678],[81.7315,16.4768],[81.7114,16.484],[81.7116,16.4792],[81.7028,16.4764],[81.6999,16.4702],[81.687,16.4737],[81.6802,16.4845],[81.6718,16.4833],[81.6618,16.4897],[81.6512,16.4849],[81.6479,16.4951],[81.6437,16.4902],[81.6348,16.4892],[81.6363,16.4969],[81.6399,16.4979],[81.6352,16.5015],[81.6376,16.508],[81.635,16.5145],[81.6397,16.5166],[81.6428,16.5246],[81.6413,16.5284],[81.6369,16.5272],[81.6357,16.533],[81.6418,16.5313],[81.6437,16.542],[81.6435,16.5388],[81.6483,16.5393],[81.6549,16.549],[81.6647,16.5477],[81.6718,16.5521],[81.678,16.5667],[81.6746,16.5817],[81.6793,16.5864],[81.6956,16.5855],[81.7011,16.5953],[81.7048,16.5952],[81.7062,16.5841],[81.7028,16.5795],[81.7073,16.5722],[81.7194,16.571],[81.7201,16.5747],[81.7279,16.575],[81.7331,16.5684],[81.7395,16.5722],[81.7599,16.5692],[81.7656,16.5602],[81.7663,16.5488],[81.7793,16.5372],[81.7831,16.5367],[81.7907,16.5464],[81.8006,16.5434],[81.7986,16.5555],[81.8202,16.5521],[81.8184,16.535],[81.824,16.5386],[81.8442,16.5389],[81.8468,16.5338]]]}},{"type":"Feature","properties":{"ac_no":58,"name":"Narasapuram","district":"West Godavari","reservation":null,"loksabha":"Narasapuram"},"geometry":{"type":"Polygon","coordinates":[[[81.726,16.445],[81.7181,16.4477],[81.7116,16.4447],[81.6965,16.4134],[81.7161,16.3561],[81.7122,16.3355],[81.7124,16.3275],[81.7161,16.3246],[81.7132,16.3169],[81.6906,16.3278],[81.5588,16.3471],[81.5441,16.3779],[81.5214,16.3803],[81.5118,16.3705],[81.4947,16.3694],[81.4896,16.3719],[81.4717,16.3971],[81.4808,16.3911],[81.4938,16.4029],[81.4986,16.4033],[81.4983,16.4149],[81.5118,16.4227],[81.5275,16.4442],[81.5359,16.4491],[81.543,16.4224],[81.5416,16.4039],[81.5575,16.4032],[81.5643,16.4138],[81.5552,16.4202],[81.5798,16.4289],[81.5857,16.4489],[81.5812,16.4528],[81.5917,16.4586],[81.5981,16.4579],[81.5976,16.4834],[81.6042,16.4824],[81.6045,16.4758],[81.6143,16.4696],[81.6129,16.4599],[81.6332,16.4704],[81.6348,16.4892],[81.6437,16.4902],[81.6479,16.4951],[81.6512,16.4849],[81.6618,16.4897],[81.6718,16.4833],[81.6802,16.4845],[81.687,16.4737],[81.6999,16.4702],[81.7028,16.4764],[81.7116,16.4792],[81.7114,16.484],[81.7315,16.4768],[81.7462,16.4678],[81.7506,16.4561],[81.7477,16.4484],[81.726,16.445]]]}},{"type":"Feature","properties":{"ac_no":59,"name":"Bhimavaram","district":"West Godavari","reservation":null,"loksabha":"Narasapuram"},"geometry":{"type":"Polygon","coordinates":[[[81.6144,16.6241],[81.6326,16.6165],[81.6392,16.606],[81.6502,16.6128],[81.6671,16.6066],[81.6656,16.6185],[81.68,16.6192],[81.6793,16.5864],[81.6746,16.5817],[81.678,16.5667],[81.6718,16.5521],[81.6647,16.5477],[81.6549,16.549],[81.6483,16.5393],[81.6435,16.5388],[81.6437,16.542],[81.6418,16.5313],[81.6357,16.533],[81.6369,16.5272],[81.6413,16.5284],[81.6428,16.5246],[81.6397,16.5166],[81.635,16.5145],[81.6376,16.508],[81.6352,16.5015],[81.6399,16.4979],[81.6363,16.4969],[81.6348,16.4892],[81.6332,16.4704],[81.6129,16.4599],[81.6143,16.4696],[81.6045,16.4758],[81.6042,16.4824],[81.5976,16.4834],[81.5981,16.4579],[81.5917,16.4586],[81.5812,16.4528],[81.5857,16.4489],[81.5798,16.4289],[81.5552,16.4202],[81.5643,16.4138],[81.5575,16.4032],[81.5416,16.4039],[81.543,16.4224],[81.5359,16.4491],[81.5275,16.4442],[81.5118,16.4227],[81.4983,16.4149],[81.4986,16.4033],[81.4938,16.4029],[81.4808,16.3911],[81.4717,16.3971],[81.4629,16.3984],[81.4543,16.4052],[81.4372,16.3988],[81.4246,16.4192],[81.4138,16.4189],[81.4038,16.4268],[81.4114,16.4427],[81.4337,16.4632],[81.4385,16.4822],[81.4607,16.4723],[81.4741,16.4938],[81.483,16.5003],[81.4822,16.5149],[81.4882,16.5164],[81.4845,16.538],[81.5023,16.5472],[81.4992,16.5572],[81.5026,16.5831],[81.5205,16.5805],[81.5243,16.5694],[81.5324,16.5684],[81.528,16.5663],[81.529,16.5613],[81.5436,16.5508],[81.5497,16.5514],[81.5499,16.5372],[81.5584,16.5232],[81.5724,16.5148],[81.5698,16.5089],[81.5867,16.5073],[81.5938,16.5228],[81.6003,16.5242],[81.6163,16.5671],[81.6146,16.573],[81.6086,16.5687],[81.595,16.5737],[81.5979,16.5837],[81.6078,16.5826],[81.6149,16.5855],[81.6176,16.5909],[81.6184,16.5939],[81.6122,16.5952],[81.6108,16.6019],[81.6049,16.6047],[81.6144,16.6241]]]}},{"type":"Feature","properties":{"ac_no":60,"name":"Undi","district":"West Godavari","reservation":null,"loksabha":"Narasapuram"},"geometry":{"type":"Polygon","coordinates":[[[81.5515,16.6427],[81.5516,16.6349],[81.5753,16.6352],[81.5761,16.6298],[81.5838,16.6277],[81.577,16.6004],[81.5839,16.5983],[81.5814,16.5917],[81.5874,16.5895],[81.5929,16.5958],[81.5956,16.5942],[81.5932,16.5899],[81.5958,16.59],[81.6049,16.6047],[81.6108,16.6019],[81.6122,16.5952],[81.6184,16.5939],[81.6176,16.5909],[81.6149,16.5855],[81.6078,16.5826],[81.5979,16.5837],[81.595,16.5737],[81.6086,16.5687],[81.6146,16.573],[81.6163,16.5671],[81.6003,16.5242],[81.5938,16.5228],[81.5867,16.5073],[81.5698,16.5089],[81.5724,16.5148],[81.5584,16.5232],[81.5499,16.5372],[81.5497,16.5514],[81.5436,16.5508],[81.529,16.5613],[81.528,16.5663],[81.5324,16.5684],[81.5243,16.5694],[81.5205,16.5805],[81.5026,16.5831],[81.4992,16.5572],[81.5023,16.5472],[81.4845,16.538],[81.4882,16.5164],[81.4822,16.5149],[81.483,16.5003],[81.4741,16.4938],[81.4607,16.4723],[81.4385,16.4822],[81.4337,16.4632],[81.4114,16.4427],[81.4038,16.4268],[81.4018,16.4284],[81.3996,16.4334],[81.4021,16.438],[81.3972,16.4419],[81.3907,16.4399],[81.3858,16.4427],[81.3882,16.4466],[81.3834,16.447],[81.3735,16.4584],[81.3791,16.4664],[81.3684,16.476],[81.3711,16.4982],[81.3622,16.5071],[81.3422,16.5045],[81.3321,16.5101],[81.3336,16.5132],[81.3391,16.5127],[81.3391,16.5261],[81.3432,16.5303],[81.342,16.5398],[81.3485,16.5682],[81.3468,16.5905],[81.3539,16.592],[81.3509,16.597],[81.3577,16.5972],[81.3546,16.6106],[81.3436,16.6066],[81.3267,16.6202],[81.3338,16.6695],[81.3294,16.6876],[81.3531,16.6922],[81.3522,16.6784],[81.343,16.6749],[81.3414,16.6644],[81.3446,16.6572],[81.3595,16.664],[81.394,16.667],[81.4188,16.6655],[81.4321,16.6604],[81.4439,16.6634],[81.4534,16.6759],[81.4723,16.6782],[81.4742,16.6881],[81.4959,16.6892],[81.492,16.6736],[81.5006,16.6701],[81.4991,16.6643],[81.5067,16.6625],[81.5064,16.6661],[81.5142,16.6687],[81.5143,16.673],[81.5321,16.6722],[81.5325,16.6656],[81.5396,16.6649],[81.539,16.6523],[81.543,16.6523],[81.5443,16.6467],[81.5515,16.6427]]]}},{"type":"Feature","properties":{"ac_no":61,"name":"Tanuku","district":"West Godavari","reservation":null,"loksabha":"Narasapuram"},"geometry":{"type":"Polygon","coordinates":[[[81.6382,16.8233],[81.6312,16.8006],[81.6249,16.7955],[81.6351,16.7851],[81.6464,16.7843],[81.6453,16.7786],[81.6685,16.775],[81.6704,16.7668],[81.6762,16.768],[81.6806,16.7613],[81.6821,16.7676],[81.6867,16.7668],[81.6875,16.7614],[81.69,16.7667],[81.7217,16.7641],[81.721,16.77],[81.7257,16.7707],[81.727,16.7595],[81.7241,16.759],[81.7202,16.7282],[81.738,16.7251],[81.7448,16.7304],[81.7525,16.728],[81.7489,16.7052],[81.7524,16.7049],[81.7592,16.6941],[81.7592,16.6745],[81.7397,16.6749],[81.7378,16.6694],[81.7327,16.6697],[81.7322,16.6618],[81.7247,16.663],[81.7319,16.657],[81.7306,16.6458],[81.7202,16.6466],[81.7075,16.6541],[81.7029,16.6438],[81.6986,16.6435],[81.6985,16.6384],[81.6952,16.6382],[81.6851,16.6442],[81.6829,16.6533],[81.6874,16.6695],[81.6804,16.6711],[81.6804,16.6775],[81.6767,16.6785],[81.6793,16.6875],[81.669,16.6943],[81.6621,16.6922],[81.6565,16.6954],[81.6481,16.6853],[81.6481,16.6684],[81.6329,16.67],[81.6243,16.6651],[81.6284,16.6615],[81.6124,16.6312],[81.6144,16.6241],[81.6049,16.6047],[81.5958,16.59],[81.5932,16.5899],[81.5956,16.5942],[81.5929,16.5958],[81.5874,16.5895],[81.5814,16.5917],[81.5839,16.5983],[81.577,16.6004],[81.5838,16.6277],[81.5761,16.6298],[81.5753,16.6352],[81.5516,16.6349],[81.5515,16.6427],[81.5607,16.6492],[81.5634,16.6564],[81.5536,16.6667],[81.556,16.6791],[81.5711,16.6818],[81.5708,16.6914],[81.5791,16.6933],[81.5842,16.7032],[81.5981,16.7026],[81.5937,16.7222],[81.5969,16.7414],[81.6008,16.7461],[81.6054,16.7447],[81.6144,16.7568],[81.6076,16.7591],[81.6048,16.7665],[81.6113,16.7799],[81.5959,16.7831],[81.6056,16.7944],[81.6025,16.8054],[81.6146,16.812],[81.6137,16.8273],[81.6382,16.8233]]]}},{"type":"Feature","properties":{"ac_no":62,"name":"Tadepalligudem","district":"West Godavari","reservation":null,"loksabha":"Narasapuram"},"geometry":{"type":"Polygon","coordinates":[[[81.5391,16.9477],[81.5522,16.9365],[81.5533,16.9186],[81.569,16.9112],[81.5736,16.9019],[81.6076,16.9043],[81.6096,16.8988],[81.6248,16.8916],[81.637,16.8541],[81.6432,16.8568],[81.6574,16.8515],[81.6525,16.8465],[81.6522,16.8374],[81.6406,16.8296],[81.6382,16.8233],[81.6137,16.8273],[81.6146,16.812],[81.6025,16.8054],[81.6056,16.7944],[81.5959,16.7831],[81.6113,16.7799],[81.6048,16.7665],[81.6076,16.7591],[81.6144,16.7568],[81.6054,16.7447],[81.6008,16.7461],[81.5969,16.7414],[81.5937,16.7222],[81.5685,16.7229],[81.5661,16.7349],[81.5701,16.7418],[81.5639,16.7606],[81.5532,16.7626],[81.5467,16.7364],[81.5428,16.7345],[81.5406,16.7377],[81.5319,16.7383],[81.5316,16.7345],[81.5268,16.7357],[81.5278,16.7319],[81.5215,16.7306],[81.5222,16.7342],[81.5182,16.732],[81.5162,16.7367],[81.5117,16.7292],[81.5033,16.7263],[81.4891,16.7353],[81.4792,16.7369],[81.4755,16.7302],[81.4706,16.731],[81.47,16.7265],[81.4493,16.7235],[81.4482,16.7341],[81.4433,16.7352],[81.4401,16.758],[81.4627,16.7547],[81.4698,16.7602],[81.4805,16.758],[81.4769,16.761],[81.4758,16.7767],[81.4724,16.7803],[81.4829,16.7977],[81.4898,16.7966],[81.4982,16.8137],[81.4861,16.8184],[81.4876,16.8255],[81.4844,16.8264],[81.4783,16.8419],[81.4748,16.8642],[81.4579,16.8709],[81.463,16.8878],[81.4618,16.8987],[81.473,16.8969],[81.4866,16.9101],[81.489,16.9216],[81.4863,16.943],[81.4932,16.9568],[81.4917,16.9724],[81.4958,16.9679],[81.4942,16.9651],[81.5018,16.9627],[81.5047,16.956],[81.5122,16.9556],[81.5303,16.9429],[81.5391,16.9477]]]}},{"type":"Feature","properties":{"ac_no":63,"name":"Unguturu","district":"Eluru","reservation":null,"loksabha":"Eluru"},"geometry":{"type":"Polygon","coordinates":[[[81.4618,16.8987],[81.463,16.8878],[81.4579,16.8709],[81.4748,16.8642],[81.4783,16.8419],[81.4844,16.8264],[81.4876,16.8255],[81.4861,16.8184],[81.4982,16.8137],[81.4898,16.7966],[81.4829,16.7977],[81.4724,16.7803],[81.4758,16.7767],[81.4769,16.761],[81.4805,16.758],[81.4698,16.7602],[81.4627,16.7547],[81.4401,16.758],[81.4433,16.7352],[81.4482,16.7341],[81.4493,16.7235],[81.47,16.7265],[81.4706,16.731],[81.4755,16.7302],[81.4792,16.7369],[81.4891,16.7353],[81.5033,16.7263],[81.5117,16.7292],[81.5162,16.7367],[81.5182,16.732],[81.5222,16.7342],[81.5215,16.7306],[81.5278,16.7319],[81.5268,16.7357],[81.5316,16.7345],[81.5319,16.7383],[81.5406,16.7377],[81.5428,16.7345],[81.5467,16.7364],[81.5532,16.7626],[81.5639,16.7606],[81.5701,16.7418],[81.5661,16.7349],[81.5685,16.7229],[81.5937,16.7222],[81.5981,16.7026],[81.5842,16.7032],[81.5791,16.6933],[81.5708,16.6914],[81.5711,16.6818],[81.556,16.6791],[81.5536,16.6667],[81.5634,16.6564],[81.5607,16.6492],[81.5515,16.6427],[81.5443,16.6467],[81.543,16.6523],[81.539,16.6523],[81.5396,16.6649],[81.5325,16.6656],[81.5321,16.6722],[81.5143,16.673],[81.5142,16.6687],[81.5064,16.6661],[81.5067,16.6625],[81.4991,16.6643],[81.5006,16.6701],[81.492,16.6736],[81.4959,16.6892],[81.4742,16.6881],[81.4723,16.6782],[81.4534,16.6759],[81.4439,16.6634],[81.4321,16.6604],[81.4188,16.6655],[81.394,16.667],[81.3595,16.664],[81.3446,16.6572],[81.3414,16.6644],[81.343,16.6749],[81.3522,16.6784],[81.3531,16.6922],[81.3294,16.6876],[81.3081,16.6923],[81.2796,16.6568],[81.2449,16.6641],[81.2484,16.6643],[81.256,16.677],[81.2522,16.6784],[81.2478,16.6704],[81.2464,16.682],[81.253,16.6832],[81.2469,16.6854],[81.2466,16.6918],[81.2512,16.687],[81.2563,16.6896],[81.2497,16.7016],[81.2578,16.7039],[81.2495,16.7197],[81.2572,16.7304],[81.2386,16.7536],[81.2212,16.7635],[81.2277,16.7754],[81.2287,16.7942],[81.2325,16.7972],[81.2273,16.8224],[81.2327,16.8315],[81.229,16.8364],[81.2321,16.8471],[81.2422,16.8437],[81.2528,16.8535],[81.2608,16.8527],[81.2632,16.8231],[81.2714,16.8209],[81.2754,16.8258],[81.2819,16.8236],[81.2789,16.8567],[81.2996,16.8529],[81.3004,16.8268],[81.3117,16.8305],[81.3325,16.8213],[81.3377,16.8317],[81.3406,16.8652],[81.3319,16.8824],[81.3367,16.8984],[81.3638,16.8971],[81.3743,16.9086],[81.3899,16.9069],[81.3941,16.8966],[81.3906,16.8912],[81.3893,16.8715],[81.3909,16.8653],[81.3956,16.8638],[81.4003,16.8709],[81.4218,16.8685],[81.4406,16.8764],[81.4479,16.887],[81.4436,16.9001],[81.4618,16.8987]]]}},{"type":"Feature","properties":{"ac_no":64,"name":"Denduluru","district":"Eluru","reservation":null,"loksabha":"Eluru"},"geometry":{"type":"Polygon","coordinates":[[[81.2007,16.888],[81.1989,16.8819],[81.2051,16.8843],[81.2124,16.8805],[81.2135,16.8625],[81.225,16.8611],[81.2284,16.8478],[81.2321,16.8471],[81.229,16.8364],[81.2327,16.8315],[81.2273,16.8224],[81.2325,16.7972],[81.2287,16.7942],[81.2277,16.7754],[81.2212,16.7635],[81.2386,16.7536],[81.2572,16.7304],[81.2495,16.7197],[81.2578,16.7039],[81.2497,16.7016],[81.2563,16.6896],[81.2512,16.687],[81.2466,16.6918],[81.2469,16.6854],[81.253,16.6832],[81.2464,16.682],[81.2478,16.6704],[81.2522,16.6784],[81.256,16.677],[81.2484,16.6643],[81.2449,16.6641],[81.2796,16.6568],[81.2704,16.614],[81.2652,16.6039],[81.237,16.5918],[81.2423,16.5752],[81.2372,16.5699],[81.2349,16.5749],[81.2288,16.5739],[81.2098,16.5923],[81.201,16.6116],[81.1884,16.6218],[81.173,16.6164],[81.1671,16.6182],[81.1517,16.5938],[81.1422,16.5981],[81.1381,16.606],[81.1308,16.6157],[81.1356,16.6318],[81.1317,16.6322],[81.1317,16.6372],[81.1354,16.6459],[81.1126,16.6789],[81.1126,16.6848],[81.1173,16.6879],[81.1282,16.6865],[81.1318,16.6942],[81.1251,16.7099],[81.1389,16.7088],[81.1436,16.7176],[81.1371,16.7278],[81.131,16.7294],[81.1261,16.7252],[81.1173,16.7334],[81.1109,16.7347],[81.1084,16.7415],[81.1024,16.7406],[81.0935,16.7611],[81.0944,16.7773],[81.0821,16.7816],[81.0795,16.7539],[81.0871,16.7501],[81.0858,16.7342],[81.0889,16.7256],[81.083,16.7272],[81.0753,16.7409],[81.0682,16.7444],[81.0691,16.7391],[81.0761,16.7347],[81.0723,16.7267],[81.0739,16.7196],[81.0688,16.7185],[81.0675,16.7111],[81.0751,16.7029],[81.0708,16.6904],[81.1,16.6797],[81.0995,16.6707],[81.0929,16.672],[81.0897,16.6533],[81.1092,16.6193],[81.103,16.6147],[81.0976,16.6155],[81.0878,16.6068],[81.0845,16.5953],[81.0868,16.5915],[81.0913,16.5919],[81.0926,16.5867],[81.085,16.5809],[81.0625,16.5704],[81.0485,16.5702],[81.0405,16.5667],[81.04,16.5623],[81.0269,16.5629],[81.0225,16.5578],[81.0118,16.5615],[81.0075,16.5861],[81.0016,16.5891],[81.0012,16.5952],[80.9728,16.6264],[80.9694,16.646],[80.9538,16.6647],[80.9557,16.6708],[80.9718,16.6653],[80.9767,16.6636],[80.9953,16.6353],[81.0091,16.6339],[81.018,16.6498],[80.9991,16.6641],[81.0075,16.6719],[80.9966,16.6777],[80.9903,16.6802],[80.9813,16.7241],[80.99,16.7238],[80.9998,16.7471],[81.0168,16.7768],[81.0262,16.7758],[81.0331,16.7823],[81.0418,16.7841],[81.041,16.7959],[81.0366,16.8079],[81.0329,16.8052],[81.0251,16.8073],[81.0166,16.8214],[81.0095,16.8203],[80.9975,16.827],[80.9993,16.837],[80.9847,16.8657],[80.9991,16.8734],[81.0131,16.8679],[81.0338,16.873],[81.0529,16.8678],[81.0546,16.8719],[81.0654,16.8694],[81.0888,16.9077],[81.0944,16.9112],[81.1361,16.9042],[81.148,16.8952],[81.1556,16.8838],[81.1882,16.8751],[81.2007,16.888]]]}},{"type":"Feature","properties":{"ac_no":65,"name":"Eluru","district":"Eluru","reservation":null,"loksabha":"Eluru"},"geometry":{"type":"Polygon","coordinates":[[[81.1381,16.606],[81.1155,16.5916],[81.0974,16.6064],[81.0878,16.6068],[81.0976,16.6155],[81.103,16.6147],[81.1092,16.6193],[81.0897,16.6533],[81.0929,16.672],[81.0995,16.6707],[81.1,16.6797],[81.0708,16.6904],[81.0751,16.7029],[81.0675,16.7111],[81.0688,16.7185],[81.0739,16.7196],[81.0723,16.7267],[81.0761,16.7347],[81.0691,16.7391],[81.0682,16.7444],[81.0753,16.7409],[81.083,16.7272],[81.0889,16.7256],[81.0858,16.7342],[81.0871,16.7501],[81.0795,16.7539],[81.0821,16.7816],[81.0944,16.7773],[81.0935,16.7611],[81.1024,16.7406],[81.1084,16.7415],[81.1109,16.7347],[81.1173,16.7334],[81.1261,16.7252],[81.131,16.7294],[81.1371,16.7278],[81.1436,16.7176],[81.1389,16.7088],[81.1251,16.7099],[81.1318,16.6942],[81.1282,16.6865],[81.1173,16.6879],[81.1126,16.6848],[81.1126,16.6789],[81.1354,16.6459],[81.1317,16.6372],[81.1317,16.6322],[81.1356,16.6318],[81.1308,16.6157],[81.1381,16.606]]]}},{"type":"Feature","properties":{"ac_no":66,"name":"Gopalapuram","district":"East Godavari","reservation":"SC","loksabha":"Rajahmundry"},"geometry":{"type":"Polygon","coordinates":[[[81.627,17.1854],[81.6283,17.1785],[81.6214,17.1712],[81.6027,17.1685],[81.5923,17.162],[81.59,17.1573],[81.5932,17.1571],[81.5892,17.1545],[81.5921,17.1423],[81.5899,17.1344],[81.5966,17.1257],[81.5962,17.1207],[81.6165,17.1184],[81.618,17.1122],[81.611,17.1049],[81.6108,17.0948],[81.6221,17.0979],[81.6337,17.0942],[81.6332,17.0808],[81.6149,17.0812],[81.6127,17.0771],[81.6318,17.0721],[81.6351,17.0551],[81.6481,17.0556],[81.6446,17.0368],[81.6511,17.0275],[81.6504,17.025],[81.6404,17.0252],[81.6366,17.02],[81.63,17.026],[81.6011,17.0226],[81.6038,17.0063],[81.5982,17.0057],[81.5967,16.9857],[81.5784,16.987],[81.5704,16.973],[81.5703,16.9612],[81.5542,16.9639],[81.5433,16.9591],[81.5391,16.9477],[81.5303,16.9429],[81.5122,16.9556],[81.5047,16.956],[81.5018,16.9627],[81.4942,16.9651],[81.4958,16.9679],[81.4917,16.9724],[81.4932,16.9568],[81.4863,16.943],[81.489,16.9216],[81.4866,16.9101],[81.473,16.8969],[81.4618,16.8987],[81.4436,16.9001],[81.4479,16.887],[81.4406,16.8764],[81.4218,16.8685],[81.4003,16.8709],[81.3956,16.8638],[81.3909,16.8653],[81.3893,16.8715],[81.3906,16.8912],[81.3941,16.8966],[81.3899,16.9069],[81.3743,16.9086],[81.3638,16.8971],[81.3367,16.8984],[81.3319,16.8824],[81.3406,16.8652],[81.3377,16.8317],[81.3325,16.8213],[81.3117,16.8305],[81.3004,16.8268],[81.2996,16.8529],[81.2789,16.8567],[81.2819,16.8236],[81.2754,16.8258],[81.2714,16.8209],[81.2632,16.8231],[81.2608,16.8527],[81.2528,16.8535],[81.2422,16.8437],[81.2321,16.8471],[81.2284,16.8478],[81.225,16.8611],[81.2135,16.8625],[81.2124,16.8805],[81.2051,16.8843],[81.1989,16.8819],[81.2007,16.888],[81.2124,16.9096],[81.2207,16.9077],[81.2226,16.9111],[81.2229,16.9173],[81.211,16.9222],[81.2114,16.9347],[81.218,16.9481],[81.215,16.9609],[81.2176,16.9714],[81.2201,16.9751],[81.2445,16.9723],[81.251,16.9823],[81.2514,16.9952],[81.2584,17.0187],[81.2636,17.0253],[81.2823,17.0228],[81.2844,17.013],[81.2964,17.0075],[81.3077,17.0144],[81.3091,17.0383],[81.3127,17.0445],[81.3335,17.0479],[81.3375,17.0534],[81.3476,17.056],[81.3538,17.0391],[81.358,17.0372],[81.3555,17.0309],[81.36,17.0286],[81.3694,17.0279],[81.3756,17.0334],[81.3808,17.0325],[81.3806,17.0368],[81.3872,17.0379],[81.3881,17.0416],[81.3935,17.0402],[81.3956,17.0458],[81.4123,17.0437],[81.4139,17.0495],[81.4209,17.0491],[81.4342,17.0409],[81.4322,17.0303],[81.4379,17.0276],[81.4432,17.0106],[81.4553,17.0071],[81.459,17.0175],[81.4582,17.0305],[81.451,17.0362],[81.4561,17.0435],[81.4431,17.0464],[81.4424,17.0499],[81.4369,17.0479],[81.438,17.0541],[81.4356,17.0603],[81.4318,17.0602],[81.4319,17.0663],[81.4341,17.0709],[81.4433,17.0708],[81.4436,17.0783],[81.4519,17.0754],[81.4571,17.0815],[81.46,17.0949],[81.4577,17.0992],[81.4501,17.0979],[81.4466,17.1122],[81.4657,17.1127],[81.4704,17.1252],[81.4781,17.1266],[81.4764,17.1432],[81.4855,17.1551],[81.4772,17.1645],[81.48,17.1849],[81.4958,17.1954],[81.5,17.2027],[81.5146,17.2002],[81.5266,17.2076],[81.5318,17.2067],[81.5317,17.2127],[81.5354,17.2107],[81.5431,17.2252],[81.55,17.2298],[81.5747,17.2155],[81.6019,17.221],[81.6045,17.2134],[81.5985,17.211],[81.5985,17.2016],[81.6037,17.2004],[81.6065,17.1919],[81.6243,17.1923],[81.627,17.1854]]]}},{"type":"Feature","properties":{"ac_no":67,"name":"Polavaram","district":"Eluru","reservation":"ST","loksabha":"Eluru"},"geometry":{"type":"Polygon","coordinates":[[[80.9173,17.2084],[80.9173,17.2084],[80.9173,17.2088],[80.9173,17.2084]]]}},{"type":"Feature","properties":{"ac_no":67,"name":"Polavaram","district":"Eluru","reservation":"ST","loksabha":"Eluru"},"geometry":{"type":"Polygon","coordinates":[[[80.8799,17.6793],[80.8779,17.6769],[80.8758,17.6731],[80.8779,17.6769],[80.8799,17.6793]]]}},{"type":"Feature","properties":{"ac_no":67,"name":"Polavaram","district":"Eluru","reservation":"ST","loksabha":"Eluru"},"geometry":{"type":"Polygon","coordinates":[[[80.8799,17.6793],[80.8808,17.6802],[80.8818,17.6815],[80.8808,17.6802],[80.8799,17.6793]]]}},{"type":"Feature","properties":{"ac_no":67,"name":"Polavaram","district":"Eluru","reservation":"ST","loksabha":"Eluru"},"geometry":{"type":"Polygon","coordinates":[[[80.8841,17.6876],[80.8841,17.6876],[80.8843,17.6953],[80.8841,17.6876]]]}},{"type":"Feature","properties":{"ac_no":67,"name":"Polavaram","district":"Eluru","reservation":"ST","loksabha":"Eluru"},"geometry":{"type":"Polygon","coordinates":[[[80.884,17.6992],[80.8841,17.6979],[80.8839,17.7009],[80.884,17.6992]]]}},{"type":"Feature","properties":{"ac_no":67,"name":"Polavaram","district":"Eluru","reservation":"ST","loksabha":"Eluru"},"geometry":{"type":"Polygon","coordinates":[[[80.8835,17.704],[80.8836,17.7038],[80.8829,17.7087],[80.8835,17.704]]]}},{"type":"Feature","properties":{"ac_no":67,"name":"Polavaram","district":"Eluru","reservation":"ST","loksabha":"Eluru"},"geometry":{"type":"Polygon","coordinates":[[[80.881,17.7282],[80.8808,17.7309],[80.8814,17.725],[80.881,17.7282]]]}},{"type":"Feature","properties":{"ac_no":67,"name":"Polavaram","district":"Eluru","reservation":"ST","loksabha":"Eluru"},"geometry":{"type":"Polygon","coordinates":[[[81.0091,17.636],[81.006,17.6098],[81.0162,17.5986],[81.0405,17.6034],[81.0744,17.6176],[81.099,17.6165],[81.1132,17.608],[81.1349,17.5866],[81.1861,17.5643],[81.2208,17.5605],[81.2498,17.5636],[81.259,17.5595],[81.2759,17.5351],[81.2923,17.4922],[81.301,17.4829],[81.3213,17.4823],[81.3461,17.4874],[81.3681,17.4851],[81.4013,17.4556],[81.4239,17.4515],[81.5021,17.4613],[81.4949,17.4764],[81.498,17.4809],[81.5059,17.4778],[81.5134,17.4708],[81.5181,17.4547],[81.5316,17.4396],[81.5412,17.4365],[81.5635,17.4398],[81.5756,17.4328],[81.5798,17.4151],[81.5858,17.4057],[81.6028,17.4113],[81.6139,17.4068],[81.6159,17.4002],[81.6096,17.3973],[81.6042,17.3756],[81.6141,17.3524],[81.6107,17.3436],[81.6143,17.3312],[81.6268,17.3247],[81.6424,17.3237],[81.6781,17.3015],[81.6786,17.2902],[81.6624,17.2827],[81.6577,17.2713],[81.6539,17.248],[81.6414,17.2293],[81.6405,17.2076],[81.6575,17.1713],[81.653,17.1675],[81.6366,17.1828],[81.627,17.1854],[81.6243,17.1923],[81.6065,17.1919],[81.6037,17.2004],[81.5985,17.2016],[81.5985,17.211],[81.6045,17.2134],[81.6019,17.221],[81.5747,17.2155],[81.55,17.2298],[81.5431,17.2252],[81.5354,17.2107],[81.5317,17.2127],[81.5318,17.2067],[81.5266,17.2076],[81.5146,17.2002],[81.5,17.2027],[81.4958,17.1954],[81.48,17.1849],[81.4772,17.1645],[81.4855,17.1551],[81.4764,17.1432],[81.4781,17.1266],[81.4704,17.1252],[81.4657,17.1127],[81.4466,17.1122],[81.4501,17.0979],[81.4577,17.0992],[81.46,17.0949],[81.4571,17.0815],[81.4519,17.0754],[81.4436,17.0783],[81.4433,17.0708],[81.4341,17.0709],[81.4319,17.0663],[81.4318,17.0602],[81.4356,17.0603],[81.438,17.0541],[81.4369,17.0479],[81.4424,17.0499],[81.4431,17.0464],[81.4561,17.0435],[81.451,17.0362],[81.4582,17.0305],[81.459,17.0175],[81.4553,17.0071],[81.4432,17.0106],[81.4379,17.0276],[81.4322,17.0303],[81.4342,17.0409],[81.4209,17.0491],[81.4139,17.0495],[81.4123,17.0437],[81.3956,17.0458],[81.3935,17.0402],[81.3881,17.0416],[81.3872,17.0379],[81.3806,17.0368],[81.3808,17.0325],[81.3756,17.0334],[81.3694,17.0279],[81.36,17.0286],[81.3555,17.0309],[81.358,17.0372],[81.3538,17.0391],[81.3476,17.056],[81.3507,17.0611],[81.3622,17.0582],[81.3621,17.0694],[81.3712,17.08],[81.3855,17.0796],[81.3857,17.0877],[81.3962,17.0929],[81.3983,17.0981],[81.4085,17.0966],[81.4103,17.1182],[81.4065,17.1196],[81.4076,17.1241],[81.4045,17.1204],[81.3907,17.1237],[81.3876,17.1197],[81.378,17.1211],[81.3622,17.1135],[81.344,17.1183],[81.3332,17.107],[81.3232,17.1105],[81.3156,17.1296],[81.332,17.1491],[81.3088,17.1558],[81.3054,17.1518],[81.3019,17.1534],[81.3024,17.1593],[81.2919,17.1692],[81.2955,17.1821],[81.2908,17.1817],[81.2882,17.1883],[81.2976,17.2046],[81.2892,17.21],[81.2811,17.2088],[81.2751,17.2032],[81.2729,17.1945],[81.2879,17.1833],[81.2781,17.1768],[81.2688,17.1822],[81.2653,17.1779],[81.2596,17.1804],[81.2473,17.17],[81.239,17.1762],[81.2406,17.1667],[81.2285,17.1531],[81.22,17.1601],[81.2155,17.1774],[81.1973,17.1853],[81.1877,17.1808],[81.181,17.1522],[81.1522,17.1635],[81.1472,17.1636],[81.1449,17.1574],[81.149,17.1564],[81.1593,17.1411],[81.1571,17.135],[81.1612,17.1272],[81.1742,17.1274],[81.1823,17.1211],[81.1931,17.1228],[81.2006,17.1209],[81.202,17.1155],[81.2177,17.1139],[81.2108,17.1008],[81.2173,17.1029],[81.2195,17.1015],[81.2168,17.0997],[81.23,17.0997],[81.2357,17.0961],[81.2386,17.0645],[81.2419,17.0641],[81.2349,17.0407],[81.2191,17.0421],[81.204,17.05],[81.1844,17.0391],[81.1806,17.0434],[81.1775,17.0399],[81.1689,17.0429],[81.1662,17.0477],[81.134,17.0351],[81.1212,17.04],[81.1229,17.0221],[81.1094,17.0196],[81.1034,16.9896],[81.0909,16.9863],[81.0894,16.9967],[81.0839,17.0009],[81.0782,17.0007],[81.0776,16.9928],[81.0621,16.9953],[81.0668,16.9988],[81.066,17.009],[81.0765,17.0113],[81.0766,17.0263],[81.0775,17.029],[81.082,17.0279],[81.0849,17.0536],[81.0599,17.0657],[81.0601,17.0722],[81.0734,17.0743],[81.0699,17.08],[81.0487,17.0863],[81.0572,17.126],[81.056,17.1298],[81.0377,17.1361],[81.0444,17.1409],[81.0463,17.157],[81.0355,17.1649],[81.0495,17.1826],[81.0428,17.2016],[81.0544,17.216],[81.055,17.2248],[81.079,17.2149],[81.1028,17.2223],[81.1737,17.2306],[81.1876,17.2547],[81.1782,17.2687],[81.1763,17.2859],[81.1897,17.3248],[81.2098,17.3263],[81.2376,17.3208],[81.2455,17.3261],[81.2739,17.3181],[81.3024,17.3431],[81.3159,17.3688],[81.2994,17.3837],[81.2617,17.3931],[81.2451,17.4029],[81.2271,17.438],[81.2113,17.4348],[81.2044,17.4211],[81.1632,17.4388],[81.1592,17.4473],[81.1698,17.4607],[81.1566,17.4795],[81.1295,17.4857],[81.1107,17.4635],[81.0984,17.4562],[81.0778,17.4633],[81.0442,17.4818],[81.012,17.4927],[81.0,17.53],[80.9835,17.5413],[80.9703,17.5574],[80.9615,17.5868],[80.9568,17.5918],[80.8918,17.5931],[80.8607,17.608],[80.8522,17.6086],[80.851,17.6163],[80.843,17.6247],[80.8493,17.6381],[80.8871,17.6346],[80.8966,17.6428],[80.9018,17.6417],[80.9043,17.641],[80.9097,17.6399],[80.9438,17.6343],[80.9656,17.6476],[80.9866,17.6527],[81.001,17.65],[81.0091,17.636]]]}},{"type":"Feature","properties":{"ac_no":68,"name":"Chintalapudi","district":"Eluru","reservation":"SC","loksabha":"Eluru"},"geometry":{"type":"Polygon","coordinates":[[[81.0428,17.2016],[81.0495,17.1826],[81.0355,17.1649],[81.0463,17.157],[81.0444,17.1409],[81.0377,17.1361],[81.056,17.1298],[81.0572,17.126],[81.0487,17.0863],[81.0699,17.08],[81.0734,17.0743],[81.0601,17.0722],[81.0599,17.0657],[81.0849,17.0536],[81.082,17.0279],[81.0775,17.029],[81.0766,17.0263],[81.0765,17.0113],[81.066,17.009],[81.0668,16.9988],[81.0621,16.9953],[81.0776,16.9928],[81.0782,17.0007],[81.0839,17.0009],[81.0894,16.9967],[81.0909,16.9863],[81.1034,16.9896],[81.1094,17.0196],[81.1229,17.0221],[81.1212,17.04],[81.134,17.0351],[81.1662,17.0477],[81.1689,17.0429],[81.1775,17.0399],[81.1806,17.0434],[81.1844,17.0391],[81.204,17.05],[81.2191,17.0421],[81.2349,17.0407],[81.2419,17.0641],[81.2386,17.0645],[81.2357,17.0961],[81.23,17.0997],[81.2168,17.0997],[81.2195,17.1015],[81.2173,17.1029],[81.2108,17.1008],[81.2177,17.1139],[81.202,17.1155],[81.2006,17.1209],[81.1931,17.1228],[81.1823,17.1211],[81.1742,17.1274],[81.1612,17.1272],[81.1571,17.135],[81.1593,17.1411],[81.149,17.1564],[81.1449,17.1574],[81.1472,17.1636],[81.1522,17.1635],[81.181,17.1522],[81.1877,17.1808],[81.1973,17.1853],[81.2155,17.1774],[81.22,17.1601],[81.2285,17.1531],[81.2406,17.1667],[81.239,17.1762],[81.2473,17.17],[81.2596,17.1804],[81.2653,17.1779],[81.2688,17.1822],[81.2781,17.1768],[81.2879,17.1833],[81.2729,17.1945],[81.2751,17.2032],[81.2811,17.2088],[81.2892,17.21],[81.2976,17.2046],[81.2882,17.1883],[81.2908,17.1817],[81.2955,17.1821],[81.2919,17.1692],[81.3024,17.1593],[81.3019,17.1534],[81.3054,17.1518],[81.3088,17.1558],[81.332,17.1491],[81.3156,17.1296],[81.3232,17.1105],[81.3332,17.107],[81.344,17.1183],[81.3622,17.1135],[81.378,17.1211],[81.3876,17.1197],[81.3907,17.1237],[81.4045,17.1204],[81.4076,17.1241],[81.4065,17.1196],[81.4103,17.1182],[81.4085,17.0966],[81.3983,17.0981],[81.3962,17.0929],[81.3857,17.0877],[81.3855,17.0796],[81.3712,17.08],[81.3621,17.0694],[81.3622,17.0582],[81.3507,17.0611],[81.3476,17.056],[81.3375,17.0534],[81.3335,17.0479],[81.3127,17.0445],[81.3091,17.0383],[81.3077,17.0144],[81.2964,17.0075],[81.2844,17.013],[81.2823,17.0228],[81.2636,17.0253],[81.2584,17.0187],[81.2514,16.9952],[81.251,16.9823],[81.2445,16.9723],[81.2201,16.9751],[81.2176,16.9714],[81.215,16.9609],[81.218,16.9481],[81.2114,16.9347],[81.211,16.9222],[81.2229,16.9173],[81.2226,16.9111],[81.2207,16.9077],[81.2124,16.9096],[81.2007,16.888],[81.1882,16.8751],[81.1556,16.8838],[81.148,16.8952],[81.1361,16.9042],[81.0944,16.9112],[81.0888,16.9077],[81.0654,16.8694],[81.0546,16.8719],[81.0529,16.8678],[81.0338,16.873],[81.0131,16.8679],[80.9991,16.8734],[80.9847,16.8657],[80.9753,16.8948],[80.9667,16.8996],[80.9606,16.9123],[80.9624,16.921],[80.9577,16.9243],[80.9563,16.9349],[80.9338,16.9597],[80.9381,16.9731],[80.9357,16.9819],[80.9516,16.9901],[80.9514,16.9968],[80.9595,17.01],[80.9643,17.0342],[80.9607,17.046],[80.9431,17.0666],[80.9271,17.0708],[80.9175,17.0646],[80.9072,17.0703],[80.8978,17.0651],[80.8876,17.0675],[80.8859,17.071],[80.8768,17.0698],[80.8675,17.08],[80.8762,17.1058],[80.8682,17.1248],[80.8796,17.1342],[80.8804,17.161],[80.9098,17.1534],[80.9239,17.1573],[80.9253,17.1831],[80.918,17.1895],[80.9174,17.208],[80.9173,17.2084],[80.9173,17.2088],[80.9189,17.2196],[80.9398,17.2194],[80.9595,17.2043],[80.9679,17.2027],[80.9675,17.1981],[80.9743,17.2006],[80.9985,17.19],[81.0126,17.1942],[81.0304,17.1904],[81.0428,17.2016]]]}},{"type":"Feature","properties":{"ac_no":69,"name":"Tiruvuru","district":"NTR","reservation":"SC","loksabha":"Vijayawada"},"geometry":{"type":"Polygon","coordinates":[[[80.7993,17.0607],[80.7913,17.0393],[80.7795,17.0218],[80.7892,17.015],[80.7992,17.0007],[80.8256,16.9898],[80.8294,16.9668],[80.8238,16.9277],[80.8365,16.924],[80.8535,16.9085],[80.8444,16.886],[80.826,16.879],[80.7976,16.8821],[80.787,16.8835],[80.7865,16.8879],[80.7688,16.8933],[80.7619,16.9025],[80.765,16.9163],[80.7748,16.9303],[80.7621,16.941],[80.744,16.9667],[80.7285,16.9612],[80.7178,16.9634],[80.7102,16.9346],[80.7141,16.9319],[80.7119,16.9238],[80.7157,16.9225],[80.7116,16.9108],[80.7112,16.8895],[80.7032,16.8918],[80.7002,16.8862],[80.6985,16.8926],[80.6679,16.9186],[80.6638,16.9106],[80.664,16.8895],[80.6544,16.8824],[80.6478,16.8601],[80.6386,16.8594],[80.6108,16.8758],[80.5917,16.8826],[80.5952,16.885],[80.5944,16.8968],[80.586,16.9037],[80.6015,16.9189],[80.5834,16.9292],[80.5797,16.9376],[80.5748,16.9377],[80.5461,16.9567],[80.5327,16.9618],[80.5257,16.9479],[80.5041,16.9569],[80.4964,16.9546],[80.4927,16.9273],[80.4476,16.9555],[80.3635,16.9759],[80.3868,17.0085],[80.406,17.0158],[80.4064,17.0265],[80.3951,17.0362],[80.3974,17.0529],[80.3845,17.0687],[80.3924,17.0777],[80.4042,17.083],[80.4086,17.0916],[80.4186,17.0921],[80.4171,17.0729],[80.4309,17.0557],[80.4382,17.0375],[80.4638,17.0304],[80.471,17.05],[80.4719,17.0502],[80.4728,17.0504],[80.4904,17.0518],[80.4951,17.0618],[80.5037,17.0665],[80.5099,17.0854],[80.5027,17.0899],[80.5132,17.1114],[80.5134,17.1214],[80.5276,17.1176],[80.5477,17.1301],[80.5489,17.1315],[80.5492,17.1316],[80.5615,17.1325],[80.5777,17.1503],[80.578,17.1507],[80.5783,17.1512],[80.5967,17.1449],[80.6052,17.1356],[80.6198,17.128],[80.6361,17.1283],[80.6436,17.1242],[80.6407,17.1164],[80.6699,17.1016],[80.6669,17.0946],[80.655,17.0874],[80.6514,17.0704],[80.6653,17.0677],[80.6706,17.0701],[80.6728,17.0673],[80.6763,17.0711],[80.6934,17.0741],[80.6979,17.0826],[80.7092,17.0821],[80.738,17.0794],[80.7636,17.0667],[80.7993,17.0607]]]}},{"type":"Feature","properties":{"ac_no":70,"name":"Nuzvid","district":"Eluru","reservation":null,"loksabha":"Eluru"},"geometry":{"type":"Polygon","coordinates":[[[80.9847,16.8657],[80.9993,16.837],[80.9975,16.827],[81.0095,16.8203],[81.0166,16.8214],[81.0251,16.8073],[81.0329,16.8052],[81.0366,16.8079],[81.041,16.7959],[81.0418,16.7841],[81.0331,16.7823],[81.0262,16.7758],[81.0168,16.7768],[80.9998,16.7471],[80.9745,16.7595],[80.9684,16.7623],[80.9565,16.7555],[80.943,16.7531],[80.9519,16.7502],[80.9507,16.7437],[80.9358,16.726],[80.9308,16.7129],[80.9397,16.711],[80.9476,16.7055],[80.946,16.7024],[80.9542,16.7009],[80.9695,16.7266],[80.9813,16.7241],[80.9903,16.6802],[80.9892,16.6775],[80.9681,16.6798],[80.9718,16.6653],[80.9557,16.6708],[80.9386,16.6749],[80.9418,16.6863],[80.9252,16.6954],[80.9277,16.7046],[80.922,16.706],[80.916,16.7003],[80.9192,16.7093],[80.9151,16.7063],[80.9046,16.7102],[80.9027,16.7069],[80.9019,16.7136],[80.8998,16.7086],[80.8958,16.7081],[80.8904,16.7143],[80.8754,16.7106],[80.8785,16.7025],[80.8737,16.6915],[80.8565,16.6978],[80.8513,16.689],[80.8531,16.6715],[80.8871,16.6541],[80.8856,16.6315],[80.8805,16.6177],[80.8735,16.6166],[80.8613,16.6248],[80.848,16.6104],[80.8365,16.6137],[80.833,16.6187],[80.8312,16.6322],[80.836,16.6433],[80.8243,16.6527],[80.8195,16.6758],[80.8084,16.6603],[80.8167,16.6573],[80.8177,16.6513],[80.8035,16.6377],[80.7955,16.6361],[80.7927,16.6428],[80.7793,16.6228],[80.7552,16.6296],[80.7433,16.6273],[80.7393,16.6188],[80.7173,16.6256],[80.6971,16.6265],[80.6879,16.6336],[80.6859,16.6598],[80.6899,16.6733],[80.7242,16.7207],[80.7608,16.7846],[80.7658,16.7873],[80.7674,16.7978],[80.7765,16.8099],[80.7744,16.8146],[80.7778,16.8214],[80.7759,16.8361],[80.7689,16.8458],[80.772,16.8505],[80.7944,16.8594],[80.7976,16.8821],[80.826,16.879],[80.8444,16.886],[80.8535,16.9085],[80.8365,16.924],[80.8238,16.9277],[80.8294,16.9668],[80.8256,16.9898],[80.7992,17.0007],[80.7892,17.015],[80.7795,17.0218],[80.7913,17.0393],[80.7993,17.0607],[80.8106,17.0547],[80.8327,17.0507],[80.8449,17.0392],[80.8558,17.0462],[80.8704,17.0676],[80.8768,17.0698],[80.8859,17.071],[80.8876,17.0675],[80.8978,17.0651],[80.9072,17.0703],[80.9175,17.0646],[80.9271,17.0708],[80.9431,17.0666],[80.9607,17.046],[80.9643,17.0342],[80.9595,17.01],[80.9514,16.9968],[80.9516,16.9901],[80.9357,16.9819],[80.9381,16.9731],[80.9338,16.9597],[80.9563,16.9349],[80.9577,16.9243],[80.9624,16.921],[80.9606,16.9123],[80.9667,16.8996],[80.9753,16.8948],[80.9847,16.8657]]]}},{"type":"Feature","properties":{"ac_no":71,"name":"Gannavaram","district":"Krishna","reservation":null,"loksabha":"Machilipatnam"},"geometry":{"type":"Polygon","coordinates":[[[80.9966,16.6777],[81.0075,16.6719],[80.9991,16.6641],[81.018,16.6498],[81.0091,16.6339],[80.9953,16.6353],[80.9767,16.6636],[80.9718,16.6653],[80.9681,16.6798],[80.9892,16.6775],[80.9903,16.6802],[80.9966,16.6777]]]}},{"type":"Feature","properties":{"ac_no":71,"name":"Gannavaram","district":"Krishna","reservation":null,"loksabha":"Machilipatnam"},"geometry":{"type":"Polygon","coordinates":[[[80.9745,16.7595],[80.9998,16.7471],[80.99,16.7238],[80.9813,16.7241],[80.9695,16.7266],[80.9542,16.7009],[80.946,16.7024],[80.9476,16.7055],[80.9397,16.711],[80.9308,16.7129],[80.9358,16.726],[80.9507,16.7437],[80.9519,16.7502],[80.943,16.7531],[80.9565,16.7555],[80.9684,16.7623],[80.9745,16.7595]]]}},{"type":"Feature","properties":{"ac_no":71,"name":"Gannavaram","district":"Krishna","reservation":null,"loksabha":"Machilipatnam"},"geometry":{"type":"Polygon","coordinates":[[[80.8904,16.7143],[80.8958,16.7081],[80.8998,16.7086],[80.9019,16.7136],[80.9027,16.7069],[80.9046,16.7102],[80.9151,16.7063],[80.9192,16.7093],[80.916,16.7003],[80.922,16.706],[80.9277,16.7046],[80.9252,16.6954],[80.9418,16.6863],[80.9386,16.6749],[80.9557,16.6708],[80.9538,16.6647],[80.9694,16.646],[80.9728,16.6264],[81.0012,16.5952],[81.0016,16.5891],[81.0075,16.5861],[81.0118,16.5615],[80.9973,16.5442],[80.9813,16.5498],[80.9775,16.5481],[80.9734,16.5426],[80.9792,16.5381],[80.9718,16.5303],[80.9651,16.5327],[80.9621,16.5427],[80.941,16.5477],[80.9383,16.5442],[80.9319,16.5454],[80.9168,16.4921],[80.9137,16.4931],[80.909,16.4878],[80.8987,16.4508],[80.8707,16.4545],[80.8653,16.4457],[80.8535,16.4445],[80.843,16.4323],[80.8137,16.4351],[80.8097,16.4575],[80.814,16.471],[80.833,16.4639],[80.8383,16.4743],[80.838,16.4785],[80.8276,16.4801],[80.8219,16.4848],[80.8201,16.4924],[80.825,16.495],[80.8253,16.5025],[80.8132,16.5042],[80.8086,16.4957],[80.8086,16.4984],[80.8029,16.4985],[80.8041,16.5029],[80.7956,16.4942],[80.7881,16.4928],[80.7862,16.4983],[80.7795,16.5002],[80.765,16.5151],[80.7522,16.5054],[80.7443,16.4872],[80.7131,16.5001],[80.7117,16.5081],[80.6832,16.5154],[80.6817,16.5158],[80.6779,16.5214],[80.6801,16.5249],[80.6765,16.5268],[80.68,16.5425],[80.6579,16.5471],[80.6602,16.5597],[80.6467,16.5628],[80.6425,16.5566],[80.6466,16.5536],[80.6433,16.5444],[80.619,16.5532],[80.6261,16.5671],[80.6227,16.5695],[80.6266,16.5824],[80.6311,16.5814],[80.6414,16.5881],[80.6521,16.6004],[80.6486,16.6069],[80.6579,16.6414],[80.6608,16.6411],[80.6645,16.6525],[80.6721,16.6522],[80.6848,16.6728],[80.6899,16.6733],[80.6859,16.6598],[80.6879,16.6336],[80.6971,16.6265],[80.7173,16.6256],[80.7393,16.6188],[80.7433,16.6273],[80.7552,16.6296],[80.7793,16.6228],[80.7927,16.6428],[80.7955,16.6361],[80.8035,16.6377],[80.8177,16.6513],[80.8167,16.6573],[80.8084,16.6603],[80.8195,16.6758],[80.8243,16.6527],[80.836,16.6433],[80.8312,16.6322],[80.833,16.6187],[80.8365,16.6137],[80.848,16.6104],[80.8613,16.6248],[80.8735,16.6166],[80.8805,16.6177],[80.8856,16.6315],[80.8871,16.6541],[80.8531,16.6715],[80.8513,16.689],[80.8565,16.6978],[80.8737,16.6915],[80.8785,16.7025],[80.8754,16.7106],[80.8904,16.7143]]]}},{"type":"Feature","properties":{"ac_no":72,"name":"Gudivada","district":"Krishna","reservation":null,"loksabha":"Machilipatnam"},"geometry":{"type":"Polygon","coordinates":[[[81.1397,16.3765],[81.1333,16.3646],[81.1264,16.3641],[81.1212,16.3554],[81.1076,16.3544],[81.1075,16.3458],[81.1001,16.3348],[81.1016,16.3263],[81.1186,16.3181],[81.1232,16.3229],[81.1325,16.3073],[81.1123,16.2962],[81.1158,16.2921],[81.1042,16.2818],[81.0829,16.2942],[81.0745,16.3064],[81.0602,16.2902],[81.0441,16.2796],[81.0339,16.283],[81.031,16.2906],[81.0337,16.2992],[81.0236,16.3032],[81.0249,16.3112],[81.0219,16.3132],[81.0302,16.3242],[81.0254,16.3255],[81.0253,16.3308],[81.02,16.3343],[81.018,16.3314],[81.0094,16.3318],[81.0028,16.3358],[81.0074,16.3496],[81.0066,16.3593],[80.9934,16.3614],[81.0003,16.3763],[80.9576,16.3843],[80.9525,16.3807],[80.9515,16.3878],[80.9443,16.3912],[80.9465,16.3955],[80.9523,16.3965],[80.9585,16.4112],[80.9636,16.4107],[80.9666,16.4297],[80.97,16.4311],[80.9753,16.4469],[80.9699,16.449],[80.9784,16.4625],[80.9685,16.4767],[80.9746,16.4935],[80.9365,16.5021],[80.9303,16.5012],[80.9272,16.4897],[80.9168,16.4921],[80.9319,16.5454],[80.9383,16.5442],[80.941,16.5477],[80.9621,16.5427],[80.9651,16.5327],[80.9718,16.5303],[80.9792,16.5381],[80.9734,16.5426],[80.9775,16.5481],[80.9813,16.5498],[80.9973,16.5442],[81.0118,16.5615],[81.0225,16.5578],[81.0269,16.5629],[81.04,16.5623],[81.0405,16.5667],[81.0485,16.5702],[81.0625,16.5704],[81.085,16.5809],[81.0835,16.5764],[81.1003,16.5876],[81.1059,16.5808],[81.0903,16.5587],[81.0926,16.5529],[81.1007,16.5552],[81.1058,16.5523],[81.1008,16.5212],[81.1181,16.5124],[81.1116,16.4974],[81.1053,16.4974],[81.0959,16.49],[81.0889,16.4954],[81.0827,16.4827],[81.0931,16.4679],[81.0861,16.4609],[81.0906,16.4573],[81.0866,16.4524],[81.0756,16.4572],[81.075,16.4537],[81.0844,16.4494],[81.0799,16.4387],[81.0828,16.4365],[81.0812,16.4318],[81.0674,16.4381],[81.0675,16.4419],[81.0611,16.4377],[81.0479,16.4373],[81.0443,16.4211],[81.0568,16.4177],[81.0638,16.4087],[81.0619,16.3985],[81.0795,16.3948],[81.0787,16.3892],[81.0831,16.3831],[81.1025,16.3807],[81.1093,16.3883],[81.1166,16.3813],[81.1397,16.3765]]]}},{"type":"Feature","properties":{"ac_no":73,"name":"Kaikalur","district":"Eluru","reservation":null,"loksabha":"Eluru"},"geometry":{"type":"Polygon","coordinates":[[[81.3294,16.6876],[81.3338,16.6695],[81.3267,16.6202],[81.3436,16.6066],[81.3546,16.6106],[81.3577,16.5972],[81.3509,16.597],[81.3539,16.592],[81.3468,16.5905],[81.3485,16.5682],[81.342,16.5398],[81.3432,16.5303],[81.3391,16.5261],[81.3391,16.5127],[81.3336,16.5132],[81.3321,16.5101],[81.3422,16.5045],[81.3622,16.5071],[81.3711,16.4982],[81.3684,16.476],[81.3791,16.4664],[81.3735,16.4584],[81.3834,16.447],[81.3882,16.4466],[81.3858,16.4427],[81.3907,16.4399],[81.3972,16.4419],[81.4021,16.438],[81.3996,16.4334],[81.4018,16.4284],[81.3847,16.4149],[81.3865,16.4101],[81.383,16.4086],[81.3435,16.4059],[81.3466,16.4096],[81.3316,16.4148],[81.334,16.4171],[81.3198,16.419],[81.325,16.4315],[81.3251,16.4438],[81.3213,16.4591],[81.3147,16.4588],[81.2919,16.4537],[81.2991,16.449],[81.3046,16.4389],[81.2825,16.4265],[81.2786,16.4295],[81.2543,16.4034],[81.231,16.4125],[81.227,16.4168],[81.2283,16.4271],[81.2145,16.4198],[81.2067,16.4092],[81.2023,16.3814],[81.1722,16.3865],[81.1727,16.4026],[81.1587,16.4047],[81.1554,16.3937],[81.1503,16.3939],[81.1397,16.3765],[81.1166,16.3813],[81.1093,16.3883],[81.1025,16.3807],[81.0831,16.3831],[81.0787,16.3892],[81.0795,16.3948],[81.0619,16.3985],[81.0638,16.4087],[81.0568,16.4177],[81.0443,16.4211],[81.0479,16.4373],[81.0611,16.4377],[81.0675,16.4419],[81.0674,16.4381],[81.0812,16.4318],[81.0828,16.4365],[81.0799,16.4387],[81.0844,16.4494],[81.075,16.4537],[81.0756,16.4572],[81.0866,16.4524],[81.0906,16.4573],[81.0861,16.4609],[81.0931,16.4679],[81.0827,16.4827],[81.0889,16.4954],[81.0959,16.49],[81.1053,16.4974],[81.1116,16.4974],[81.1181,16.5124],[81.1008,16.5212],[81.1058,16.5523],[81.1007,16.5552],[81.0926,16.5529],[81.0903,16.5587],[81.1059,16.5808],[81.1003,16.5876],[81.0835,16.5764],[81.085,16.5809],[81.0926,16.5867],[81.0913,16.5919],[81.0868,16.5915],[81.0845,16.5953],[81.0878,16.6068],[81.0974,16.6064],[81.1155,16.5916],[81.1381,16.606],[81.1422,16.5981],[81.1517,16.5938],[81.1671,16.6182],[81.173,16.6164],[81.1884,16.6218],[81.201,16.6116],[81.2098,16.5923],[81.2288,16.5739],[81.2349,16.5749],[81.2372,16.5699],[81.2423,16.5752],[81.237,16.5918],[81.2652,16.6039],[81.2704,16.614],[81.2796,16.6568],[81.3081,16.6923],[81.3294,16.6876]]]}},{"type":"Feature","properties":{"ac_no":74,"name":"Pedana","district":"Krishna","reservation":null,"loksabha":"Machilipatnam"},"geometry":{"type":"Polygon","coordinates":[[[81.4018,16.4284],[81.4038,16.4268],[81.4138,16.4189],[81.4246,16.4192],[81.4372,16.3988],[81.4543,16.4052],[81.4629,16.3984],[81.4717,16.3971],[81.4896,16.3719],[81.4947,16.3694],[81.5118,16.3705],[81.5214,16.3803],[81.5441,16.3779],[81.5588,16.3471],[81.5304,16.3537],[81.4878,16.3554],[81.4289,16.3491],[81.3925,16.3426],[81.3094,16.3072],[81.3048,16.3235],[81.297,16.3288],[81.257,16.3258],[81.2557,16.3164],[81.2469,16.3122],[81.2466,16.3062],[81.2504,16.3045],[81.2452,16.2942],[81.2482,16.2856],[81.2147,16.2799],[81.2144,16.2736],[81.2196,16.2656],[81.2041,16.2588],[81.2065,16.2495],[81.1891,16.2482],[81.1828,16.2631],[81.1522,16.2472],[81.1383,16.2436],[81.1395,16.2407],[81.1106,16.2227],[81.1119,16.2133],[81.0956,16.2052],[81.0783,16.1893],[81.091,16.1736],[81.1002,16.1693],[81.0952,16.1637],[81.08,16.1597],[81.0723,16.142],[81.0638,16.1425],[81.0591,16.1483],[81.0536,16.1483],[81.0505,16.1544],[81.0477,16.1481],[81.0424,16.1471],[81.0434,16.1539],[81.0376,16.1612],[81.035,16.1554],[81.0343,16.1654],[81.0121,16.1574],[81.0113,16.1669],[81.0155,16.1723],[81.0161,16.1789],[81.025,16.1774],[81.0263,16.1826],[81.0351,16.1816],[81.0321,16.1863],[81.0402,16.204],[81.0237,16.206],[81.0216,16.2189],[81.0265,16.2241],[81.0269,16.2307],[81.0218,16.2363],[81.0343,16.2395],[81.0366,16.2501],[81.0432,16.2478],[81.0451,16.2686],[81.0393,16.2701],[81.0441,16.2796],[81.0602,16.2902],[81.0745,16.3064],[81.0829,16.2942],[81.1042,16.2818],[81.1158,16.2921],[81.1123,16.2962],[81.1325,16.3073],[81.1232,16.3229],[81.1186,16.3181],[81.1016,16.3263],[81.1001,16.3348],[81.1075,16.3458],[81.1076,16.3544],[81.1212,16.3554],[81.1264,16.3641],[81.1333,16.3646],[81.1397,16.3765],[81.1503,16.3939],[81.1554,16.3937],[81.1587,16.4047],[81.1727,16.4026],[81.1722,16.3865],[81.2023,16.3814],[81.2067,16.4092],[81.2145,16.4198],[81.2283,16.4271],[81.227,16.4168],[81.231,16.4125],[81.2543,16.4034],[81.2786,16.4295],[81.2825,16.4265],[81.3046,16.4389],[81.2991,16.449],[81.2919,16.4537],[81.3147,16.4588],[81.3213,16.4591],[81.3251,16.4438],[81.325,16.4315],[81.3198,16.419],[81.334,16.4171],[81.3316,16.4148],[81.3466,16.4096],[81.3435,16.4059],[81.383,16.4086],[81.3865,16.4101],[81.3847,16.4149],[81.4018,16.4284]]]}},{"type":"Feature","properties":{"ac_no":75,"name":"Machilipatnam","district":"Krishna","reservation":null,"loksabha":"Machilipatnam"},"geometry":{"type":"Polygon","coordinates":[[[81.3094,16.3072],[81.2644,16.2781],[81.237,16.2492],[81.2121,16.2092],[81.2095,16.1933],[81.2029,16.1825],[81.202,16.1526],[81.1942,16.1143],[81.1789,16.0783],[81.147,16.0201],[81.1425,15.9974],[81.1478,15.9753],[81.1362,15.9678],[81.1251,15.9779],[81.1212,15.9947],[81.1163,16.0002],[81.0901,16.0051],[81.0754,15.9994],[81.0655,16.0044],[81.0632,16.0127],[81.0705,16.0127],[81.0749,16.0249],[81.0701,16.0516],[81.056,16.0579],[81.0444,16.0573],[81.0429,16.0716],[81.0391,16.0764],[81.0128,16.0878],[81.0123,16.0986],[81.0001,16.1033],[81.0038,16.1099],[81.0257,16.1219],[81.0329,16.1153],[81.0389,16.1179],[81.0419,16.1115],[81.0466,16.1114],[81.0465,16.1272],[81.0566,16.1273],[81.0657,16.1368],[81.0638,16.1425],[81.0723,16.142],[81.08,16.1597],[81.0952,16.1637],[81.1002,16.1693],[81.091,16.1736],[81.0783,16.1893],[81.0956,16.2052],[81.1119,16.2133],[81.1106,16.2227],[81.1395,16.2407],[81.1383,16.2436],[81.1522,16.2472],[81.1828,16.2631],[81.1891,16.2482],[81.2065,16.2495],[81.2041,16.2588],[81.2196,16.2656],[81.2144,16.2736],[81.2147,16.2799],[81.2482,16.2856],[81.2452,16.2942],[81.2504,16.3045],[81.2466,16.3062],[81.2469,16.3122],[81.2557,16.3164],[81.257,16.3258],[81.297,16.3288],[81.3048,16.3235],[81.3094,16.3072]]]}},{"type":"Feature","properties":{"ac_no":76,"name":"Avanigadda","district":"Krishna","reservation":null,"loksabha":"Machilipatnam"},"geometry":{"type":"Polygon","coordinates":[[[81.0155,16.1723],[81.0113,16.1669],[81.0121,16.1574],[81.0343,16.1654],[81.035,16.1554],[81.0376,16.1612],[81.0434,16.1539],[81.0424,16.1471],[81.0477,16.1481],[81.0505,16.1544],[81.0536,16.1483],[81.0591,16.1483],[81.0638,16.1425],[81.0657,16.1368],[81.0566,16.1273],[81.0465,16.1272],[81.0466,16.1114],[81.0419,16.1115],[81.0389,16.1179],[81.0329,16.1153],[81.0257,16.1219],[81.0038,16.1099],[81.0001,16.1033],[81.0123,16.0986],[81.0128,16.0878],[81.0391,16.0764],[81.0429,16.0716],[81.0444,16.0573],[81.056,16.0579],[81.0701,16.0516],[81.0749,16.0249],[81.0705,16.0127],[81.0632,16.0127],[81.0655,16.0044],[81.0754,15.9994],[81.0901,16.0051],[81.1163,16.0002],[81.1212,15.9947],[81.1251,15.9779],[81.1362,15.9678],[81.0747,15.9163],[81.0025,15.8371],[81.0008,15.8017],[81.0132,15.772],[81.0119,15.7663],[80.9975,15.7705],[80.9968,15.7638],[81.0046,15.7571],[81.004,15.7605],[81.0087,15.761],[81.0082,15.7541],[80.9388,15.7166],[80.927,15.72],[80.8335,15.707],[80.8323,15.7417],[80.838,15.7618],[80.8562,15.8072],[80.8617,15.8094],[80.8627,15.8254],[80.8722,15.8453],[80.8806,15.8571],[80.8862,15.8564],[80.9027,15.9172],[80.8946,15.9231],[80.8984,15.9355],[80.8965,15.9654],[80.89,15.9608],[80.891,16.0025],[80.8768,16.0528],[80.8804,16.0544],[80.8818,16.0631],[80.8807,16.0687],[80.8712,16.0685],[80.875,16.0699],[80.8755,16.08],[80.8723,16.0895],[80.8666,16.091],[80.8677,16.1056],[80.8551,16.1039],[80.8548,16.112],[80.8641,16.1314],[80.8284,16.1988],[80.8412,16.2156],[80.8474,16.2214],[80.8693,16.2217],[80.8881,16.217],[80.8881,16.2115],[80.9014,16.2102],[80.9022,16.2005],[80.908,16.1995],[80.9083,16.2038],[80.9221,16.2086],[80.9232,16.2002],[80.9292,16.1986],[80.9356,16.2048],[80.9498,16.1985],[80.9614,16.2009],[80.9663,16.1953],[80.9817,16.1946],[80.9818,16.1839],[80.9745,16.176],[80.9914,16.1781],[81.0155,16.1723]]]}},{"type":"Feature","properties":{"ac_no":77,"name":"Pamarru","district":"Krishna","reservation":"SC","loksabha":"Machilipatnam"},"geometry":{"type":"Polygon","coordinates":[[[81.0441,16.2796],[81.0393,16.2701],[81.0451,16.2686],[81.0432,16.2478],[81.0366,16.2501],[81.0343,16.2395],[81.0218,16.2363],[81.0269,16.2307],[81.0265,16.2241],[81.0216,16.2189],[81.0237,16.206],[81.0402,16.204],[81.0321,16.1863],[81.0351,16.1816],[81.0263,16.1826],[81.025,16.1774],[81.0161,16.1789],[81.0155,16.1723],[80.9914,16.1781],[80.9745,16.176],[80.9818,16.1839],[80.9817,16.1946],[80.9663,16.1953],[80.9614,16.2009],[80.9498,16.1985],[80.9356,16.2048],[80.9292,16.1986],[80.9232,16.2002],[80.9221,16.2086],[80.9083,16.2038],[80.908,16.1995],[80.9022,16.2005],[80.9014,16.2102],[80.8881,16.2115],[80.8881,16.217],[80.8693,16.2217],[80.8474,16.2214],[80.8412,16.2156],[80.8206,16.2179],[80.8175,16.241],[80.803,16.2422],[80.8039,16.2543],[80.7977,16.2831],[80.7843,16.2885],[80.7741,16.3041],[80.7478,16.3303],[80.7253,16.3808],[80.7395,16.4072],[80.7551,16.3897],[80.7669,16.4063],[80.7701,16.4005],[80.7823,16.4004],[80.797,16.3947],[80.7884,16.3712],[80.8058,16.367],[80.8073,16.3576],[80.8152,16.3571],[80.8297,16.3701],[80.839,16.3625],[80.8352,16.3533],[80.851,16.349],[80.8546,16.365],[80.8622,16.3634],[80.8608,16.3674],[80.8714,16.3795],[80.8795,16.3783],[80.8803,16.3814],[80.8828,16.3746],[80.8936,16.3728],[80.8962,16.3823],[80.9025,16.3819],[80.9106,16.3918],[80.9163,16.3922],[80.9188,16.403],[80.9146,16.4074],[80.9145,16.4148],[80.9173,16.4262],[80.8938,16.4312],[80.894,16.4499],[80.8987,16.4508],[80.909,16.4878],[80.9137,16.4931],[80.9168,16.4921],[80.9272,16.4897],[80.9303,16.5012],[80.9365,16.5021],[80.9746,16.4935],[80.9685,16.4767],[80.9784,16.4625],[80.9699,16.449],[80.9753,16.4469],[80.97,16.4311],[80.9666,16.4297],[80.9636,16.4107],[80.9585,16.4112],[80.9523,16.3965],[80.9465,16.3955],[80.9443,16.3912],[80.9515,16.3878],[80.9525,16.3807],[80.9576,16.3843],[81.0003,16.3763],[80.9934,16.3614],[81.0066,16.3593],[81.0074,16.3496],[81.0028,16.3358],[81.0094,16.3318],[81.018,16.3314],[81.02,16.3343],[81.0253,16.3308],[81.0254,16.3255],[81.0302,16.3242],[81.0219,16.3132],[81.0249,16.3112],[81.0236,16.3032],[81.0337,16.2992],[81.031,16.2906],[81.0339,16.283],[81.0441,16.2796]]]}},{"type":"Feature","properties":{"ac_no":78,"name":"Penamaluru","district":"Krishna","reservation":null,"loksabha":"Machilipatnam"},"geometry":{"type":"Polygon","coordinates":[[[80.8987,16.4508],[80.894,16.4499],[80.8938,16.4312],[80.9173,16.4262],[80.9145,16.4148],[80.9146,16.4074],[80.9188,16.403],[80.9163,16.3922],[80.9106,16.3918],[80.9025,16.3819],[80.8962,16.3823],[80.8936,16.3728],[80.8828,16.3746],[80.8803,16.3814],[80.8795,16.3783],[80.8714,16.3795],[80.8608,16.3674],[80.8622,16.3634],[80.8546,16.365],[80.851,16.349],[80.8352,16.3533],[80.839,16.3625],[80.8297,16.3701],[80.8152,16.3571],[80.8073,16.3576],[80.8058,16.367],[80.7884,16.3712],[80.797,16.3947],[80.7823,16.4004],[80.7701,16.4005],[80.7669,16.4063],[80.7551,16.3897],[80.7395,16.4072],[80.7253,16.3808],[80.7248,16.3814],[80.7073,16.3997],[80.6745,16.4242],[80.6745,16.4423],[80.6659,16.4406],[80.6629,16.4493],[80.6696,16.4664],[80.6526,16.48],[80.6628,16.4883],[80.6699,16.4821],[80.6769,16.4821],[80.6774,16.4862],[80.6715,16.4889],[80.6832,16.5154],[80.7117,16.5081],[80.7131,16.5001],[80.7443,16.4872],[80.7522,16.5054],[80.765,16.5151],[80.7795,16.5002],[80.7862,16.4983],[80.7881,16.4928],[80.7956,16.4942],[80.8041,16.5029],[80.8029,16.4985],[80.8086,16.4984],[80.8086,16.4957],[80.8132,16.5042],[80.8253,16.5025],[80.825,16.495],[80.8201,16.4924],[80.8219,16.4848],[80.8276,16.4801],[80.838,16.4785],[80.8383,16.4743],[80.833,16.4639],[80.814,16.471],[80.8097,16.4575],[80.8137,16.4351],[80.843,16.4323],[80.8535,16.4445],[80.8653,16.4457],[80.8707,16.4545],[80.8987,16.4508]]]}},{"type":"Feature","properties":{"ac_no":79,"name":"Vijayawada West","district":"NTR","reservation":null,"loksabha":"Vijayawada"},"geometry":{"type":"Polygon","coordinates":[[[80.6433,16.5444],[80.6351,16.5243],[80.6233,16.4973],[80.5908,16.5127],[80.5889,16.5171],[80.5901,16.5313],[80.5974,16.5472],[80.6095,16.5408],[80.6151,16.5435],[80.6188,16.5515],[80.6164,16.5531],[80.619,16.5532],[80.6433,16.5444]]]}},{"type":"Feature","properties":{"ac_no":80,"name":"Vijayawada Central","district":"NTR","reservation":null,"loksabha":"Vijayawada"},"geometry":{"type":"Polygon","coordinates":[[[80.6817,16.5158],[80.6351,16.5243],[80.6433,16.5444],[80.6466,16.5536],[80.6425,16.5566],[80.6467,16.5628],[80.6602,16.5597],[80.6579,16.5471],[80.68,16.5425],[80.6765,16.5268],[80.6801,16.5249],[80.6779,16.5214],[80.6817,16.5158]]]}},{"type":"Feature","properties":{"ac_no":81,"name":"Vijayawada East","district":"NTR","reservation":null,"loksabha":"Vijayawada"},"geometry":{"type":"Polygon","coordinates":[[[80.6817,16.5158],[80.6832,16.5154],[80.6715,16.4889],[80.6774,16.4862],[80.6769,16.4821],[80.6699,16.4821],[80.6628,16.4883],[80.6526,16.48],[80.6233,16.4973],[80.6351,16.5243],[80.6817,16.5158]]]}},{"type":"Feature","properties":{"ac_no":82,"name":"Mylavaram","district":"NTR","reservation":null,"loksabha":"Vijayawada"},"geometry":{"type":"Polygon","coordinates":[[[80.7976,16.8821],[80.7944,16.8594],[80.772,16.8505],[80.7689,16.8458],[80.7759,16.8361],[80.7778,16.8214],[80.7744,16.8146],[80.7765,16.8099],[80.7674,16.7978],[80.7658,16.7873],[80.7608,16.7846],[80.7242,16.7207],[80.6899,16.6733],[80.6848,16.6728],[80.6721,16.6522],[80.6645,16.6525],[80.6608,16.6411],[80.6579,16.6414],[80.6486,16.6069],[80.6521,16.6004],[80.6414,16.5881],[80.6311,16.5814],[80.6266,16.5824],[80.6227,16.5695],[80.6261,16.5671],[80.619,16.5532],[80.6164,16.5531],[80.6188,16.5515],[80.6151,16.5435],[80.6095,16.5408],[80.5974,16.5472],[80.5901,16.5313],[80.5889,16.5171],[80.5732,16.5234],[80.5549,16.5331],[80.5544,16.5417],[80.5289,16.5627],[80.4981,16.5798],[80.466,16.591],[80.4273,16.5879],[80.4092,16.5845],[80.4106,16.609],[80.4145,16.6131],[80.4101,16.6166],[80.4159,16.631],[80.425,16.6303],[80.442,16.6384],[80.452,16.655],[80.4672,16.6703],[80.4744,16.6862],[80.4832,16.6857],[80.4924,16.6903],[80.4879,16.7014],[80.5044,16.7097],[80.5033,16.7257],[80.4934,16.7536],[80.5036,16.779],[80.525,16.7746],[80.5502,16.7751],[80.5692,16.7686],[80.5771,16.7794],[80.5961,16.7926],[80.6073,16.7938],[80.6077,16.7942],[80.6082,16.7943],[80.6113,16.7936],[80.6116,16.7937],[80.6117,16.7937],[80.5936,16.8024],[80.5749,16.8266],[80.5643,16.8276],[80.5625,16.8331],[80.5707,16.8594],[80.5678,16.8688],[80.5748,16.8777],[80.5752,16.8782],[80.5766,16.8796],[80.5917,16.8826],[80.6108,16.8758],[80.6386,16.8594],[80.6478,16.8601],[80.6544,16.8824],[80.664,16.8895],[80.6638,16.9106],[80.6679,16.9186],[80.6985,16.8926],[80.7002,16.8862],[80.7032,16.8918],[80.7112,16.8895],[80.7116,16.9108],[80.7157,16.9225],[80.7119,16.9238],[80.7141,16.9319],[80.7102,16.9346],[80.7178,16.9634],[80.7285,16.9612],[80.744,16.9667],[80.7621,16.941],[80.7748,16.9303],[80.765,16.9163],[80.7619,16.9025],[80.7688,16.8933],[80.7865,16.8879],[80.787,16.8835],[80.7976,16.8821]]]}},{"type":"Feature","properties":{"ac_no":83,"name":"Nandigama","district":"NTR","reservation":"SC","loksabha":"Vijayawada"},"geometry":{"type":"Polygon","coordinates":[[[80.4612,16.8196],[80.4629,16.82],[80.463,16.82],[80.4659,16.8165],[80.464,16.7949],[80.485,16.7918],[80.4937,16.7829],[80.5036,16.779],[80.4934,16.7536],[80.5033,16.7257],[80.5044,16.7097],[80.4879,16.7014],[80.4924,16.6903],[80.4832,16.6857],[80.4744,16.6862],[80.4672,16.6703],[80.452,16.655],[80.442,16.6384],[80.425,16.6303],[80.4159,16.631],[80.4101,16.6166],[80.4145,16.6131],[80.4106,16.609],[80.4092,16.5845],[80.3673,16.5876],[80.3647,16.593],[80.3309,16.6117],[80.2514,16.6112],[80.2195,16.6218],[80.1802,16.6427],[80.1624,16.6417],[80.141,16.6502],[80.1363,16.6571],[80.1366,16.6688],[80.1483,16.6885],[80.1407,16.7052],[80.1437,16.7346],[80.134,16.762],[80.1313,16.783],[80.1366,16.782],[80.1413,16.7884],[80.1449,16.7684],[80.1431,16.7602],[80.1638,16.7537],[80.1655,16.7588],[80.1573,16.7585],[80.1632,16.7682],[80.1597,16.7887],[80.1746,16.7876],[80.1764,16.7931],[80.1896,16.7918],[80.1932,16.8001],[80.2325,16.7939],[80.2597,16.8119],[80.2724,16.8053],[80.2955,16.8057],[80.3011,16.7918],[80.3088,16.8018],[80.3371,16.7934],[80.333,16.7786],[80.3514,16.7704],[80.3531,16.7662],[80.3673,16.7853],[80.3598,16.7891],[80.3572,16.8078],[80.3625,16.8106],[80.3663,16.8084],[80.3725,16.8182],[80.3779,16.8198],[80.3837,16.8162],[80.3852,16.8254],[80.3983,16.8333],[80.4037,16.8325],[80.4076,16.847],[80.3782,16.853],[80.382,16.8569],[80.3784,16.8629],[80.3827,16.8654],[80.4128,16.852],[80.4262,16.8498],[80.428,16.8381],[80.4612,16.8196]]]}},{"type":"Feature","properties":{"ac_no":84,"name":"Jaggayyapeta","district":"NTR","reservation":null,"loksabha":"Vijayawada"},"geometry":{"type":"Polygon","coordinates":[[[80.3124,16.9171],[80.3124,16.9171],[80.3242,16.9037],[80.3213,16.8794],[80.3437,16.8744],[80.3403,16.8604],[80.3729,16.8521],[80.3719,16.8408],[80.3794,16.8415],[80.3731,16.8303],[80.3779,16.8198],[80.3725,16.8182],[80.3663,16.8084],[80.3625,16.8106],[80.3572,16.8078],[80.3598,16.7891],[80.3673,16.7853],[80.3531,16.7662],[80.3514,16.7704],[80.333,16.7786],[80.3371,16.7934],[80.3088,16.8018],[80.3011,16.7918],[80.2955,16.8057],[80.2724,16.8053],[80.2597,16.8119],[80.2325,16.7939],[80.1932,16.8001],[80.1896,16.7918],[80.1764,16.7931],[80.1746,16.7876],[80.1597,16.7887],[80.1632,16.7682],[80.1573,16.7585],[80.1655,16.7588],[80.1638,16.7537],[80.1431,16.7602],[80.1449,16.7684],[80.1413,16.7884],[80.1366,16.782],[80.1313,16.783],[80.129,16.8013],[80.1149,16.8226],[80.1052,16.8239],[80.0727,16.8182],[80.0487,16.8323],[80.0465,16.853],[80.0182,16.8535],[80.0038,16.8615],[80.0023,16.8711],[80.0172,16.9169],[80.0406,16.9193],[80.0511,16.9367],[80.0486,16.9499],[80.058,16.9637],[80.0566,16.9715],[80.0928,16.9683],[80.095,16.9763],[80.0954,16.9779],[80.0955,16.9805],[80.0971,16.99],[80.1126,16.987],[80.1216,16.9876],[80.1218,16.9914],[80.142,16.9906],[80.1527,17.0075],[80.1666,17.0056],[80.1693,17.0166],[80.1696,17.0167],[80.17,17.0168],[80.1864,17.0212],[80.1955,17.044],[80.2036,17.039],[80.1978,17.0273],[80.2003,17.0187],[80.208,17.0117],[80.221,17.0088],[80.2253,17.0158],[80.2395,17.003],[80.2643,16.9976],[80.2695,17.0041],[80.2832,17.0075],[80.2932,16.9961],[80.2901,16.9818],[80.2924,16.9769],[80.3066,16.9736],[80.3027,16.9542],[80.3154,16.9485],[80.3124,16.9171]]]}},{"type":"Feature","properties":{"ac_no":85,"name":"Pedakurapadu","district":"Palnadu","reservation":null,"loksabha":"Narasaraopet"},"geometry":{"type":"Polygon","coordinates":[[[80.1313,16.783],[80.134,16.762],[80.1437,16.7346],[80.1407,16.7052],[80.1483,16.6885],[80.1366,16.6688],[80.1363,16.6571],[80.141,16.6502],[80.1624,16.6417],[80.1802,16.6427],[80.2195,16.6218],[80.2514,16.6112],[80.3309,16.6117],[80.3647,16.593],[80.3673,16.5876],[80.4092,16.5845],[80.4273,16.5879],[80.424,16.5629],[80.428,16.5586],[80.4238,16.5502],[80.4169,16.5505],[80.4067,16.5256],[80.4095,16.5253],[80.4073,16.5077],[80.4197,16.5057],[80.4186,16.4899],[80.4279,16.4781],[80.3981,16.4812],[80.3927,16.4762],[80.3812,16.4783],[80.3781,16.4643],[80.3695,16.4652],[80.3674,16.4586],[80.3434,16.4623],[80.3409,16.4664],[80.3381,16.4634],[80.3188,16.4636],[80.3129,16.4535],[80.3087,16.4543],[80.3088,16.4394],[80.3033,16.4257],[80.2831,16.4297],[80.2767,16.4215],[80.2535,16.4288],[80.2518,16.4395],[80.2234,16.4505],[80.2266,16.4637],[80.2051,16.4719],[80.2082,16.4776],[80.2129,16.4769],[80.2155,16.4899],[80.2029,16.501],[80.1851,16.5032],[80.1885,16.5119],[80.1856,16.5146],[80.1635,16.5212],[80.1594,16.5193],[80.1641,16.5132],[80.1599,16.5057],[80.1523,16.5043],[80.1542,16.4956],[80.1442,16.4788],[80.1378,16.4818],[80.1382,16.4869],[80.1145,16.4916],[80.1081,16.4837],[80.0912,16.4861],[80.0817,16.485],[80.0804,16.481],[80.0737,16.4831],[80.0699,16.4678],[80.0542,16.4698],[80.0381,16.4773],[80.0362,16.4728],[80.0267,16.4698],[80.0166,16.4724],[80.0165,16.4651],[80.0119,16.4651],[80.0101,16.4689],[80.0078,16.4626],[79.9956,16.4668],[79.9946,16.4789],[79.9787,16.4797],[79.9698,16.4752],[79.9623,16.4841],[79.9642,16.4867],[79.9696,16.4826],[79.9734,16.496],[79.9844,16.51],[79.9866,16.5208],[80.0015,16.5192],[79.9999,16.5275],[79.9854,16.5355],[79.9886,16.5495],[79.9924,16.5511],[79.9884,16.5544],[79.9828,16.5503],[79.9766,16.5541],[79.9777,16.5501],[79.9618,16.5138],[79.9495,16.5153],[79.9562,16.5453],[79.9677,16.556],[79.9597,16.5577],[79.953,16.5647],[79.9576,16.5782],[79.9506,16.5792],[79.9484,16.5703],[79.9468,16.5788],[79.9355,16.5714],[79.9125,16.5738],[79.9134,16.5845],[79.9251,16.6013],[79.9163,16.6013],[79.9076,16.6084],[79.9117,16.6334],[79.9314,16.6313],[79.9493,16.6355],[79.9647,16.6447],[79.9761,16.6604],[79.9766,16.6611],[79.9781,16.6628],[79.9977,16.7022],[80.0065,16.7088],[80.0301,16.7144],[80.0384,16.7305],[80.0538,16.7433],[80.0543,16.7666],[80.0669,16.788],[80.0727,16.8182],[80.1052,16.8239],[80.1149,16.8226],[80.129,16.8013],[80.1313,16.783]]]}},{"type":"Feature","properties":{"ac_no":86,"name":"Tadikonda","district":"Guntur","reservation":"SC","loksabha":"Guntur"},"geometry":{"type":"Polygon","coordinates":[[[80.5732,16.5234],[80.5698,16.5104],[80.5622,16.512],[80.5579,16.5098],[80.5577,16.5046],[80.5483,16.5038],[80.5451,16.4956],[80.5372,16.4938],[80.5354,16.4868],[80.5315,16.4876],[80.5254,16.4754],[80.4957,16.472],[80.4972,16.4685],[80.4902,16.4635],[80.5061,16.4489],[80.5058,16.4466],[80.497,16.4498],[80.4937,16.4241],[80.5225,16.4164],[80.5165,16.3998],[80.5165,16.3832],[80.5139,16.3777],[80.5015,16.3847],[80.48,16.3859],[80.4698,16.3912],[80.4506,16.3897],[80.4426,16.364],[80.4302,16.3656],[80.4243,16.3521],[80.4158,16.3549],[80.4184,16.3648],[80.4104,16.3658],[80.4011,16.3605],[80.3996,16.3553],[80.3963,16.3572],[80.3906,16.3537],[80.3842,16.3584],[80.3851,16.3642],[80.3695,16.3672],[80.3573,16.3563],[80.3538,16.3454],[80.3578,16.3415],[80.3557,16.3298],[80.3589,16.3266],[80.3534,16.3191],[80.3673,16.3214],[80.3598,16.3076],[80.3569,16.288],[80.3531,16.2839],[80.3466,16.2862],[80.3491,16.2931],[80.3464,16.2958],[80.352,16.2999],[80.3486,16.3038],[80.35,16.3136],[80.3467,16.3146],[80.3433,16.3103],[80.3412,16.3],[80.337,16.3006],[80.3355,16.3053],[80.3397,16.309],[80.3372,16.3135],[80.3297,16.3155],[80.319,16.3024],[80.3121,16.3002],[80.3104,16.2938],[80.314,16.2928],[80.3104,16.2861],[80.2945,16.2805],[80.2801,16.2661],[80.2446,16.2738],[80.2381,16.2667],[80.2427,16.2652],[80.2308,16.2463],[80.2188,16.2496],[80.2202,16.258],[80.1999,16.2623],[80.1921,16.268],[80.1907,16.2767],[80.1767,16.2785],[80.1783,16.2635],[80.171,16.2641],[80.1634,16.2703],[80.1524,16.2586],[80.1264,16.2719],[80.1224,16.2953],[80.1247,16.3104],[80.1357,16.3053],[80.1574,16.3035],[80.1621,16.3122],[80.1577,16.3142],[80.1603,16.3262],[80.1749,16.3237],[80.1815,16.3589],[80.1949,16.3561],[80.2044,16.3409],[80.2174,16.3391],[80.2208,16.3435],[80.2178,16.3503],[80.2259,16.355],[80.231,16.3659],[80.2254,16.3697],[80.2302,16.3824],[80.2276,16.3867],[80.2183,16.3892],[80.2199,16.3948],[80.2234,16.3943],[80.2395,16.4159],[80.2697,16.41],[80.2767,16.4215],[80.2831,16.4297],[80.3033,16.4257],[80.3088,16.4394],[80.3087,16.4543],[80.3129,16.4535],[80.3188,16.4636],[80.3381,16.4634],[80.3409,16.4664],[80.3434,16.4623],[80.3674,16.4586],[80.3695,16.4652],[80.3781,16.4643],[80.3812,16.4783],[80.3927,16.4762],[80.3981,16.4812],[80.4279,16.4781],[80.4186,16.4899],[80.4197,16.5057],[80.4073,16.5077],[80.4095,16.5253],[80.4067,16.5256],[80.4169,16.5505],[80.4238,16.5502],[80.428,16.5586],[80.424,16.5629],[80.4273,16.5879],[80.466,16.591],[80.4981,16.5798],[80.5289,16.5627],[80.5544,16.5417],[80.5549,16.5331],[80.5732,16.5234]]]}},{"type":"Feature","properties":{"ac_no":87,"name":"Mangalagiri","district":"Guntur","reservation":null,"loksabha":"Guntur"},"geometry":{"type":"Polygon","coordinates":[[[80.5889,16.5171],[80.5908,16.5127],[80.6233,16.4973],[80.6526,16.48],[80.6696,16.4664],[80.6629,16.4493],[80.6659,16.4406],[80.6745,16.4423],[80.6745,16.4242],[80.7073,16.3997],[80.7248,16.3814],[80.7061,16.3701],[80.7018,16.3565],[80.6854,16.3575],[80.6797,16.3471],[80.6808,16.3335],[80.701,16.3317],[80.7009,16.3194],[80.6926,16.3204],[80.689,16.3077],[80.667,16.3094],[80.6635,16.2965],[80.6335,16.2988],[80.636,16.313],[80.6314,16.3206],[80.6282,16.3171],[80.6222,16.3175],[80.6254,16.3242],[80.5705,16.3251],[80.5539,16.3271],[80.5664,16.3523],[80.5687,16.3658],[80.5165,16.3832],[80.5165,16.3998],[80.5225,16.4164],[80.4937,16.4241],[80.497,16.4498],[80.5058,16.4466],[80.5061,16.4489],[80.4902,16.4635],[80.4972,16.4685],[80.4957,16.472],[80.5254,16.4754],[80.5315,16.4876],[80.5354,16.4868],[80.5372,16.4938],[80.5451,16.4956],[80.5483,16.5038],[80.5577,16.5046],[80.5579,16.5098],[80.5622,16.512],[80.5698,16.5104],[80.5732,16.5234],[80.5889,16.5171]]]}},{"type":"Feature","properties":{"ac_no":88,"name":"Ponnuru","district":"Guntur","reservation":null,"loksabha":"Guntur"},"geometry":{"type":"Polygon","coordinates":[[[80.5165,16.3832],[80.5687,16.3658],[80.5664,16.3523],[80.5539,16.3271],[80.5705,16.3251],[80.5666,16.3116],[80.5493,16.3102],[80.5473,16.3008],[80.5616,16.3006],[80.5962,16.2889],[80.599,16.294],[80.6106,16.29],[80.6108,16.279],[80.6054,16.2743],[80.6086,16.2624],[80.5989,16.2601],[80.5981,16.2529],[80.588,16.2479],[80.5774,16.2534],[80.5754,16.2498],[80.5738,16.2387],[80.5828,16.2293],[80.5711,16.2041],[80.5569,16.2031],[80.5632,16.1756],[80.5535,16.1788],[80.5493,16.1745],[80.5437,16.1649],[80.5531,16.1628],[80.55,16.1492],[80.5428,16.1417],[80.545,16.1363],[80.5531,16.1337],[80.5621,16.1519],[80.5718,16.1507],[80.5694,16.1216],[80.5799,16.1168],[80.5891,16.1037],[80.5962,16.1024],[80.5906,16.0608],[80.5984,16.0482],[80.5831,16.0415],[80.5871,16.0345],[80.5807,16.0247],[80.5626,16.0316],[80.5607,16.0134],[80.5492,16.0132],[80.5465,16.0064],[80.5384,16.0105],[80.5353,15.9967],[80.5247,16.0002],[80.5291,16.0146],[80.5221,16.0142],[80.512,16.0032],[80.5036,16.0023],[80.4973,15.9967],[80.4937,15.9979],[80.4996,16.0055],[80.4919,16.0092],[80.4968,16.0235],[80.4908,16.0227],[80.4911,16.0293],[80.4966,16.0328],[80.4989,16.043],[80.4665,16.0423],[80.4598,16.0328],[80.4517,16.0334],[80.451,16.0402],[80.4772,16.0538],[80.4821,16.0604],[80.4751,16.1066],[80.4805,16.1159],[80.4808,16.139],[80.4931,16.1416],[80.5001,16.1517],[80.4956,16.1664],[80.5055,16.1865],[80.4702,16.1936],[80.4721,16.2012],[80.4509,16.207],[80.4651,16.2277],[80.4677,16.2444],[80.4747,16.2491],[80.4868,16.2482],[80.4956,16.2434],[80.4982,16.2628],[80.5068,16.273],[80.5022,16.2739],[80.5032,16.2817],[80.4884,16.2834],[80.4861,16.2979],[80.4829,16.2994],[80.4738,16.311],[80.4595,16.3138],[80.4623,16.3284],[80.4598,16.3303],[80.4658,16.3426],[80.465,16.3604],[80.467,16.3654],[80.4749,16.3666],[80.48,16.3859],[80.5015,16.3847],[80.5139,16.3777],[80.5165,16.3832]]]}},{"type":"Feature","properties":{"ac_no":89,"name":"Vemuru","district":"Bapatla","reservation":"SC","loksabha":"Bapatla"},"geometry":{"type":"Polygon","coordinates":[[[80.803,16.2422],[80.8175,16.241],[80.8206,16.2179],[80.8412,16.2156],[80.8284,16.1988],[80.8641,16.1314],[80.8548,16.112],[80.8551,16.1039],[80.8677,16.1056],[80.8666,16.091],[80.8723,16.0895],[80.8755,16.08],[80.875,16.0699],[80.8712,16.0685],[80.8807,16.0687],[80.8818,16.0631],[80.8804,16.0544],[80.8768,16.0528],[80.8598,16.0492],[80.8629,16.0433],[80.8554,16.0415],[80.8449,16.0427],[80.8424,16.0474],[80.835,16.0475],[80.833,16.0513],[80.8255,16.0499],[80.8278,16.0633],[80.8183,16.0664],[80.8158,16.0777],[80.8194,16.0803],[80.8124,16.0816],[80.8097,16.0764],[80.805,16.076],[80.813,16.0708],[80.8109,16.0634],[80.8069,16.0626],[80.8073,16.0574],[80.8162,16.0514],[80.8161,16.0451],[80.795,16.0428],[80.7959,16.0385],[80.7911,16.0351],[80.7888,16.0417],[80.7714,16.0461],[80.7745,16.0592],[80.7734,16.0658],[80.7688,16.0652],[80.7688,16.0709],[80.752,16.0646],[80.7506,16.0607],[80.7432,16.0921],[80.7416,16.1088],[80.7451,16.1142],[80.7301,16.1165],[80.7286,16.1099],[80.7042,16.111],[80.7012,16.0902],[80.6985,16.0901],[80.6995,16.0725],[80.6877,16.067],[80.6632,16.0663],[80.6644,16.0596],[80.6492,16.0586],[80.6392,16.0463],[80.6152,16.043],[80.5994,16.0443],[80.5984,16.0482],[80.5906,16.0608],[80.5962,16.1024],[80.5891,16.1037],[80.5799,16.1168],[80.5694,16.1216],[80.5718,16.1507],[80.5621,16.1519],[80.5531,16.1337],[80.545,16.1363],[80.5428,16.1417],[80.55,16.1492],[80.5531,16.1628],[80.5437,16.1649],[80.5493,16.1745],[80.5535,16.1788],[80.5632,16.1756],[80.5569,16.2031],[80.5711,16.2041],[80.5828,16.2293],[80.5882,16.2266],[80.5916,16.2375],[80.6037,16.2357],[80.6082,16.2233],[80.616,16.2219],[80.621,16.2263],[80.6233,16.2248],[80.6207,16.2201],[80.6336,16.2127],[80.6431,16.2143],[80.6494,16.1948],[80.6729,16.1941],[80.6781,16.199],[80.6858,16.1999],[80.6921,16.2285],[80.7154,16.2313],[80.7196,16.2449],[80.7315,16.2446],[80.7354,16.2427],[80.7372,16.2351],[80.7485,16.2316],[80.753,16.2423],[80.7488,16.2423],[80.75,16.2482],[80.7561,16.247],[80.7586,16.2548],[80.7749,16.25],[80.7784,16.2566],[80.7817,16.2565],[80.7779,16.2502],[80.7798,16.2467],[80.803,16.2422]]]}},{"type":"Feature","properties":{"ac_no":90,"name":"Repalle","district":"Bapatla","reservation":null,"loksabha":"Bapatla"},"geometry":{"type":"Polygon","coordinates":[[[80.8768,16.0528],[80.891,16.0025],[80.89,15.9608],[80.8965,15.9654],[80.8984,15.9355],[80.8946,15.9231],[80.9027,15.9172],[80.8862,15.8564],[80.8806,15.8571],[80.8722,15.8453],[80.8627,15.8254],[80.8617,15.8094],[80.8562,15.8072],[80.838,15.7618],[80.8323,15.7417],[80.8335,15.707],[80.8233,15.709],[80.8199,15.714],[80.8115,15.7631],[80.7811,15.8309],[80.7796,15.8412],[80.7858,15.8311],[80.7887,15.8327],[80.7907,15.8181],[80.7924,15.8158],[80.7914,15.821],[80.8008,15.8062],[80.8018,15.8099],[80.8134,15.8154],[80.8126,15.8315],[80.8004,15.8483],[80.7792,15.8646],[80.7674,15.8651],[80.7485,15.8744],[80.7273,15.8792],[80.6873,15.882],[80.6047,15.8706],[80.5332,15.8488],[80.5245,15.861],[80.5207,15.8784],[80.5455,15.8801],[80.5753,15.8747],[80.5962,15.8795],[80.613,15.8928],[80.6172,15.9122],[80.618,15.9267],[80.6104,15.9236],[80.6066,15.9362],[80.6354,15.9248],[80.6393,15.9287],[80.6434,15.926],[80.6487,15.9327],[80.6253,15.9691],[80.6539,15.9777],[80.6517,16.0025],[80.6488,16.0106],[80.6414,16.0085],[80.6449,16.005],[80.623,15.9961],[80.6148,16.0157],[80.6179,16.0229],[80.6124,16.0281],[80.6152,16.043],[80.6392,16.0463],[80.6492,16.0586],[80.6644,16.0596],[80.6632,16.0663],[80.6877,16.067],[80.6995,16.0725],[80.6985,16.0901],[80.7012,16.0902],[80.7042,16.111],[80.7286,16.1099],[80.7301,16.1165],[80.7451,16.1142],[80.7416,16.1088],[80.7432,16.0921],[80.7506,16.0607],[80.752,16.0646],[80.7688,16.0709],[80.7688,16.0652],[80.7734,16.0658],[80.7745,16.0592],[80.7714,16.0461],[80.7888,16.0417],[80.7911,16.0351],[80.7959,16.0385],[80.795,16.0428],[80.8161,16.0451],[80.8162,16.0514],[80.8073,16.0574],[80.8069,16.0626],[80.8109,16.0634],[80.813,16.0708],[80.805,16.076],[80.8097,16.0764],[80.8124,16.0816],[80.8194,16.0803],[80.8158,16.0777],[80.8183,16.0664],[80.8278,16.0633],[80.8255,16.0499],[80.833,16.0513],[80.835,16.0475],[80.8424,16.0474],[80.8449,16.0427],[80.8554,16.0415],[80.8629,16.0433],[80.8598,16.0492],[80.8768,16.0528]]]}},{"type":"Feature","properties":{"ac_no":91,"name":"Tenali","district":"Guntur","reservation":null,"loksabha":"Guntur"},"geometry":{"type":"Polygon","coordinates":[[[80.7253,16.3808],[80.7478,16.3303],[80.7741,16.3041],[80.7843,16.2885],[80.7977,16.2831],[80.8039,16.2543],[80.803,16.2422],[80.7798,16.2467],[80.7779,16.2502],[80.7817,16.2565],[80.7784,16.2566],[80.7749,16.25],[80.7586,16.2548],[80.7561,16.247],[80.75,16.2482],[80.7488,16.2423],[80.753,16.2423],[80.7485,16.2316],[80.7372,16.2351],[80.7354,16.2427],[80.7315,16.2446],[80.7196,16.2449],[80.7154,16.2313],[80.6921,16.2285],[80.6858,16.1999],[80.6781,16.199],[80.6729,16.1941],[80.6494,16.1948],[80.6431,16.2143],[80.6336,16.2127],[80.6207,16.2201],[80.6233,16.2248],[80.621,16.2263],[80.616,16.2219],[80.6082,16.2233],[80.6037,16.2357],[80.5916,16.2375],[80.5882,16.2266],[80.5828,16.2293],[80.5738,16.2387],[80.5754,16.2498],[80.5774,16.2534],[80.588,16.2479],[80.5981,16.2529],[80.5989,16.2601],[80.6086,16.2624],[80.6054,16.2743],[80.6108,16.279],[80.6106,16.29],[80.599,16.294],[80.5962,16.2889],[80.5616,16.3006],[80.5473,16.3008],[80.5493,16.3102],[80.5666,16.3116],[80.5705,16.3251],[80.6254,16.3242],[80.6222,16.3175],[80.6282,16.3171],[80.6314,16.3206],[80.636,16.313],[80.6335,16.2988],[80.6635,16.2965],[80.667,16.3094],[80.689,16.3077],[80.6926,16.3204],[80.7009,16.3194],[80.701,16.3317],[80.6808,16.3335],[80.6797,16.3471],[80.6854,16.3575],[80.7018,16.3565],[80.7061,16.3701],[80.7248,16.3814],[80.7253,16.3808]]]}},{"type":"Feature","properties":{"ac_no":92,"name":"Bapatla","district":"Bapatla","reservation":null,"loksabha":"Bapatla"},"geometry":{"type":"Polygon","coordinates":[[[80.6152,16.043],[80.6124,16.0281],[80.6179,16.0229],[80.6148,16.0157],[80.623,15.9961],[80.6449,16.005],[80.6414,16.0085],[80.6488,16.0106],[80.6517,16.0025],[80.6539,15.9777],[80.6253,15.9691],[80.6487,15.9327],[80.6434,15.926],[80.6393,15.9287],[80.6354,15.9248],[80.6066,15.9362],[80.6104,15.9236],[80.618,15.9267],[80.6172,15.9122],[80.613,15.8928],[80.5962,15.8795],[80.5753,15.8747],[80.5455,15.8801],[80.5207,15.8784],[80.5245,15.861],[80.5332,15.8488],[80.4899,15.8332],[80.4174,15.7974],[80.4162,15.8076],[80.4462,15.823],[80.4521,15.8203],[80.4471,15.8267],[80.4464,15.8338],[80.4497,15.8361],[80.446,15.8476],[80.476,15.8528],[80.4726,15.8594],[80.4549,15.8552],[80.4534,15.8584],[80.4492,15.8573],[80.4357,15.8781],[80.406,15.8575],[80.3861,15.8917],[80.3776,15.8967],[80.3748,15.923],[80.3785,15.935],[80.3746,15.944],[80.3793,15.9738],[80.3848,15.971],[80.3849,15.977],[80.3973,15.974],[80.4172,15.9635],[80.4257,15.9809],[80.436,15.9836],[80.4515,15.9816],[80.4558,15.9934],[80.4515,16.0013],[80.4586,16.011],[80.4919,16.0092],[80.4996,16.0055],[80.4937,15.9979],[80.4973,15.9967],[80.5036,16.0023],[80.512,16.0032],[80.5221,16.0142],[80.5291,16.0146],[80.5247,16.0002],[80.5353,15.9967],[80.5384,16.0105],[80.5465,16.0064],[80.5492,16.0132],[80.5607,16.0134],[80.5626,16.0316],[80.5807,16.0247],[80.5871,16.0345],[80.5831,16.0415],[80.5984,16.0482],[80.5994,16.0443],[80.6152,16.043]]]}},{"type":"Feature","properties":{"ac_no":93,"name":"Prathipadu","district":"Guntur","reservation":"SC","loksabha":"Guntur"},"geometry":{"type":"Polygon","coordinates":[[[80.48,16.3859],[80.4749,16.3666],[80.467,16.3654],[80.465,16.3604],[80.4658,16.3426],[80.4598,16.3303],[80.4512,16.3298],[80.421,16.3397],[80.418,16.3282],[80.4053,16.329],[80.4026,16.3195],[80.4135,16.3163],[80.4153,16.3194],[80.4325,16.3113],[80.4418,16.2911],[80.425,16.2924],[80.4234,16.2746],[80.4312,16.271],[80.4416,16.2743],[80.4494,16.272],[80.455,16.2607],[80.4585,16.2607],[80.4623,16.2686],[80.4664,16.2663],[80.4695,16.2698],[80.4982,16.2628],[80.4956,16.2434],[80.4868,16.2482],[80.4747,16.2491],[80.4677,16.2444],[80.4651,16.2277],[80.4509,16.207],[80.4721,16.2012],[80.4702,16.1936],[80.5055,16.1865],[80.4956,16.1664],[80.5001,16.1517],[80.4931,16.1416],[80.4808,16.139],[80.4805,16.1159],[80.4751,16.1066],[80.4821,16.0604],[80.4772,16.0538],[80.451,16.0402],[80.4517,16.0334],[80.4598,16.0328],[80.4665,16.0423],[80.4989,16.043],[80.4966,16.0328],[80.4911,16.0293],[80.4908,16.0227],[80.4968,16.0235],[80.4919,16.0092],[80.4586,16.011],[80.4515,16.0013],[80.4558,15.9934],[80.4515,15.9816],[80.436,15.9836],[80.4257,15.9809],[80.4252,15.9998],[80.4088,16.0012],[80.3862,16.0113],[80.3713,16.013],[80.3715,16.0158],[80.3584,16.0217],[80.3586,16.027],[80.345,16.029],[80.3424,16.0231],[80.3369,16.0213],[80.3355,16.0151],[80.3251,16.0186],[80.3277,16.0256],[80.3136,16.0291],[80.3181,16.0451],[80.3018,16.0555],[80.3009,16.0498],[80.2935,16.0535],[80.284,16.0493],[80.2624,16.0534],[80.2612,16.046],[80.24,16.0526],[80.2371,16.0373],[80.2297,16.0379],[80.2285,16.0552],[80.2324,16.0616],[80.2282,16.0707],[80.2308,16.0826],[80.2264,16.0878],[80.2347,16.0836],[80.2513,16.0954],[80.2567,16.0927],[80.2566,16.0978],[80.2812,16.0926],[80.2898,16.1034],[80.2661,16.125],[80.2738,16.1289],[80.2786,16.1428],[80.2713,16.1559],[80.2825,16.1629],[80.2892,16.1623],[80.294,16.1721],[80.2965,16.1896],[80.2746,16.1994],[80.2801,16.2178],[80.2892,16.2154],[80.3062,16.2327],[80.3158,16.2483],[80.3189,16.2465],[80.3236,16.2513],[80.3301,16.2661],[80.3395,16.2718],[80.3466,16.2862],[80.3531,16.2839],[80.3569,16.288],[80.3598,16.3076],[80.3673,16.3214],[80.3534,16.3191],[80.3589,16.3266],[80.3557,16.3298],[80.3578,16.3415],[80.3538,16.3454],[80.3573,16.3563],[80.3695,16.3672],[80.3851,16.3642],[80.3842,16.3584],[80.3906,16.3537],[80.3963,16.3572],[80.3996,16.3553],[80.4011,16.3605],[80.4104,16.3658],[80.4184,16.3648],[80.4158,16.3549],[80.4243,16.3521],[80.4302,16.3656],[80.4426,16.364],[80.4506,16.3897],[80.4698,16.3912],[80.48,16.3859]]]}},{"type":"Feature","properties":{"ac_no":94,"name":"Guntur West","district":"Guntur","reservation":null,"loksabha":"Guntur"},"geometry":{"type":"Polygon","coordinates":[[[80.4598,16.3303],[80.4623,16.3284],[80.4595,16.3138],[80.4738,16.311],[80.4829,16.2994],[80.4418,16.2911],[80.4325,16.3113],[80.4153,16.3194],[80.4135,16.3163],[80.4026,16.3195],[80.4053,16.329],[80.418,16.3282],[80.421,16.3397],[80.4512,16.3298],[80.4598,16.3303]]]}},{"type":"Feature","properties":{"ac_no":95,"name":"Guntur East","district":"Guntur","reservation":null,"loksabha":"Guntur"},"geometry":{"type":"Polygon","coordinates":[[[80.4982,16.2628],[80.4695,16.2698],[80.4664,16.2663],[80.4623,16.2686],[80.4585,16.2607],[80.455,16.2607],[80.4494,16.272],[80.4416,16.2743],[80.4312,16.271],[80.4234,16.2746],[80.425,16.2924],[80.4418,16.2911],[80.4829,16.2994],[80.4861,16.2979],[80.4884,16.2834],[80.5032,16.2817],[80.5022,16.2739],[80.5068,16.273],[80.4982,16.2628]]]}},{"type":"Feature","properties":{"ac_no":96,"name":"Chilakaluripet","district":"Palnadu","reservation":null,"loksabha":"Narasaraopet"},"geometry":{"type":"Polygon","coordinates":[[[80.3466,16.2862],[80.3395,16.2718],[80.3301,16.2661],[80.3236,16.2513],[80.3189,16.2465],[80.3158,16.2483],[80.3062,16.2327],[80.2892,16.2154],[80.2801,16.2178],[80.2746,16.1994],[80.2965,16.1896],[80.294,16.1721],[80.2892,16.1623],[80.2825,16.1629],[80.2713,16.1559],[80.2786,16.1428],[80.2738,16.1289],[80.2661,16.125],[80.2898,16.1034],[80.2812,16.0926],[80.2566,16.0978],[80.2567,16.0927],[80.2513,16.0954],[80.2347,16.0836],[80.2264,16.0878],[80.2308,16.0826],[80.2282,16.0707],[80.2324,16.0616],[80.2285,16.0552],[80.2297,16.0379],[80.2286,16.0322],[80.1897,16.0386],[80.1868,16.0256],[80.1814,16.0267],[80.1822,16.0346],[80.1544,16.0417],[80.1549,16.0459],[80.1372,16.0457],[80.1328,16.02],[80.1396,16.0158],[80.1199,16.0207],[80.1002,16.0116],[80.0907,16.0135],[80.0861,16.0209],[80.0844,16.0518],[80.0797,16.0563],[80.0823,16.063],[80.0732,16.0688],[80.0705,16.0761],[80.074,16.0923],[80.0682,16.095],[80.0472,16.0855],[80.0404,16.0927],[80.0514,16.1198],[80.0502,16.131],[80.0608,16.1328],[80.0762,16.1293],[80.0905,16.1755],[80.0986,16.1748],[80.1017,16.1938],[80.0896,16.1963],[80.0953,16.2219],[80.1023,16.2349],[80.0994,16.2361],[80.1014,16.2474],[80.0918,16.2689],[80.0961,16.2818],[80.1264,16.2719],[80.1524,16.2586],[80.1634,16.2703],[80.171,16.2641],[80.1783,16.2635],[80.1767,16.2785],[80.1907,16.2767],[80.1921,16.268],[80.1999,16.2623],[80.2202,16.258],[80.2188,16.2496],[80.2308,16.2463],[80.2427,16.2652],[80.2381,16.2667],[80.2446,16.2738],[80.2801,16.2661],[80.2945,16.2805],[80.3104,16.2861],[80.314,16.2928],[80.3104,16.2938],[80.3121,16.3002],[80.319,16.3024],[80.3297,16.3155],[80.3372,16.3135],[80.3397,16.309],[80.3355,16.3053],[80.337,16.3006],[80.3412,16.3],[80.3433,16.3103],[80.3467,16.3146],[80.35,16.3136],[80.3486,16.3038],[80.352,16.2999],[80.3464,16.2958],[80.3491,16.2931],[80.3466,16.2862]]]}},{"type":"Feature","properties":{"ac_no":97,"name":"Narasaraopet","district":"Palnadu","reservation":null,"loksabha":"Narasaraopet"},"geometry":{"type":"Polygon","coordinates":[[[79.8531,16.2712],[79.8568,16.2728],[79.8628,16.2675],[79.8417,16.2475],[79.8266,16.2583],[79.8157,16.2589],[79.8068,16.2649],[79.8068,16.2757],[79.8197,16.2798],[79.8531,16.2712]]]}},{"type":"Feature","properties":{"ac_no":97,"name":"Narasaraopet","district":"Palnadu","reservation":null,"loksabha":"Narasaraopet"},"geometry":{"type":"Polygon","coordinates":[[[79.912,16.3412],[79.9275,16.3305],[79.94,16.3423],[79.9522,16.3314],[79.9682,16.3248],[79.9677,16.3106],[79.977,16.3061],[79.9758,16.2849],[79.9927,16.2779],[80.0039,16.2832],[80.027,16.2856],[80.0308,16.2986],[80.025,16.3037],[80.0242,16.3129],[80.0416,16.3341],[80.0659,16.3278],[80.0625,16.2984],[80.0834,16.2876],[80.102,16.2842],[80.1058,16.2972],[80.1224,16.2953],[80.1264,16.2719],[80.0961,16.2818],[80.0918,16.2689],[80.1014,16.2474],[80.0994,16.2361],[80.1023,16.2349],[80.0953,16.2219],[80.0896,16.1963],[80.1017,16.1938],[80.0986,16.1748],[80.0905,16.1755],[80.0762,16.1293],[80.0608,16.1328],[80.0502,16.131],[80.0435,16.1302],[80.0334,16.123],[80.0317,16.1178],[80.02,16.1148],[80.0101,16.1194],[80.0114,16.1267],[80.0062,16.134],[79.9988,16.1364],[80.0006,16.1402],[79.974,16.1458],[79.9762,16.1504],[79.9721,16.1544],[79.9527,16.1637],[79.9537,16.1516],[79.9487,16.1436],[79.9448,16.1391],[79.9372,16.1392],[79.9327,16.1321],[79.9278,16.1318],[79.9019,16.149],[79.8784,16.1547],[79.8832,16.1702],[79.8739,16.1798],[79.8687,16.1757],[79.8525,16.1798],[79.8479,16.1726],[79.843,16.1775],[79.8498,16.189],[79.8506,16.2136],[79.8585,16.2259],[79.8661,16.2255],[79.8645,16.2378],[79.8757,16.2599],[79.8857,16.2606],[79.8994,16.2747],[79.908,16.2742],[79.9103,16.2799],[79.9161,16.2813],[79.9129,16.2833],[79.9151,16.3107],[79.8981,16.3166],[79.8956,16.3406],[79.912,16.3412]]]}},{"type":"Feature","properties":{"ac_no":98,"name":"Sattenapalle","district":"Palnadu","reservation":null,"loksabha":"Narasaraopet"},"geometry":{"type":"Polygon","coordinates":[[[80.2767,16.4215],[80.2697,16.41],[80.2395,16.4159],[80.2234,16.3943],[80.2199,16.3948],[80.2183,16.3892],[80.2276,16.3867],[80.2302,16.3824],[80.2254,16.3697],[80.231,16.3659],[80.2259,16.355],[80.2178,16.3503],[80.2208,16.3435],[80.2174,16.3391],[80.2044,16.3409],[80.1949,16.3561],[80.1815,16.3589],[80.1749,16.3237],[80.1603,16.3262],[80.1577,16.3142],[80.1621,16.3122],[80.1574,16.3035],[80.1357,16.3053],[80.1247,16.3104],[80.1224,16.2953],[80.1058,16.2972],[80.102,16.2842],[80.0834,16.2876],[80.0625,16.2984],[80.0659,16.3278],[80.0416,16.3341],[80.0242,16.3129],[80.025,16.3037],[80.0308,16.2986],[80.027,16.2856],[80.0039,16.2832],[79.9927,16.2779],[79.9758,16.2849],[79.977,16.3061],[79.9677,16.3106],[79.9682,16.3248],[79.9522,16.3314],[79.94,16.3423],[79.9275,16.3305],[79.912,16.3412],[79.8956,16.3406],[79.8981,16.3166],[79.9151,16.3107],[79.9129,16.2833],[79.9161,16.2813],[79.9103,16.2799],[79.908,16.2742],[79.8994,16.2747],[79.8857,16.2606],[79.8757,16.2599],[79.8628,16.2675],[79.8568,16.2728],[79.8624,16.2866],[79.8555,16.2903],[79.8563,16.2968],[79.8405,16.2995],[79.818,16.3118],[79.7965,16.3374],[79.8002,16.3462],[79.8305,16.3615],[79.8533,16.4075],[79.8542,16.4194],[79.8458,16.4199],[79.8495,16.4138],[79.8457,16.4102],[79.8416,16.4101],[79.8366,16.416],[79.8419,16.4256],[79.8527,16.4274],[79.8776,16.4521],[79.8868,16.4502],[79.8994,16.4629],[79.9028,16.4603],[79.9156,16.4614],[79.9253,16.4627],[79.9296,16.4684],[79.9407,16.4661],[79.9497,16.4687],[79.9583,16.4871],[79.9623,16.4841],[79.9698,16.4752],[79.9787,16.4797],[79.9946,16.4789],[79.9956,16.4668],[80.0078,16.4626],[80.0101,16.4689],[80.0119,16.4651],[80.0165,16.4651],[80.0166,16.4724],[80.0267,16.4698],[80.0362,16.4728],[80.0381,16.4773],[80.0542,16.4698],[80.0699,16.4678],[80.0737,16.4831],[80.0804,16.481],[80.0817,16.485],[80.0912,16.4861],[80.1081,16.4837],[80.1145,16.4916],[80.1382,16.4869],[80.1378,16.4818],[80.1442,16.4788],[80.1542,16.4956],[80.1523,16.5043],[80.1599,16.5057],[80.1641,16.5132],[80.1594,16.5193],[80.1635,16.5212],[80.1856,16.5146],[80.1885,16.5119],[80.1851,16.5032],[80.2029,16.501],[80.2155,16.4899],[80.2129,16.4769],[80.2082,16.4776],[80.2051,16.4719],[80.2266,16.4637],[80.2234,16.4505],[80.2518,16.4395],[80.2535,16.4288],[80.2767,16.4215]]]}},{"type":"Feature","properties":{"ac_no":99,"name":"Vinukonda","district":"Palnadu","reservation":null,"loksabha":"Narasaraopet"},"geometry":{"type":"Polygon","coordinates":[[[79.7799,16.378],[79.7884,16.3735],[79.7988,16.3586],[79.8305,16.3615],[79.8002,16.3462],[79.7965,16.3374],[79.818,16.3118],[79.8405,16.2995],[79.8563,16.2968],[79.8555,16.2903],[79.8624,16.2866],[79.8568,16.2728],[79.8531,16.2712],[79.8197,16.2798],[79.8068,16.2757],[79.8068,16.2649],[79.8157,16.2589],[79.8266,16.2583],[79.8417,16.2475],[79.8628,16.2675],[79.8757,16.2599],[79.8645,16.2378],[79.8661,16.2255],[79.8585,16.2259],[79.8506,16.2136],[79.8498,16.189],[79.843,16.1775],[79.8479,16.1726],[79.8525,16.1798],[79.8687,16.1757],[79.8739,16.1798],[79.8832,16.1702],[79.8784,16.1547],[79.8659,16.1352],[79.8749,16.1289],[79.8697,16.1182],[79.8689,16.1119],[79.8737,16.1122],[79.8682,16.0965],[79.8814,16.0926],[79.8833,16.0861],[79.8949,16.0875],[79.8952,16.0774],[79.9155,16.0751],[79.9203,16.0623],[79.9168,16.0473],[79.8801,16.0393],[79.8729,16.0297],[79.8696,16.0306],[79.8664,16.022],[79.8627,15.9936],[79.8793,15.9998],[79.891,15.9954],[79.8911,15.9872],[79.9034,15.9834],[79.8981,15.9716],[79.9117,15.9675],[79.9031,15.9425],[79.8965,15.947],[79.894,15.9393],[79.8811,15.9405],[79.8762,15.9356],[79.8776,15.9248],[79.8697,15.9169],[79.8639,15.9176],[79.8468,15.9229],[79.8489,15.9288],[79.7915,15.9415],[79.7847,15.9166],[79.7756,15.9074],[79.7691,15.9077],[79.7628,15.8993],[79.755,15.8996],[79.7552,15.8791],[79.7471,15.8592],[79.7518,15.8563],[79.7537,15.8474],[79.773,15.842],[79.771,15.8252],[79.7432,15.8257],[79.7332,15.8351],[79.71,15.837],[79.717,15.8455],[79.7197,15.859],[79.7145,15.8673],[79.689,15.876],[79.695,15.8939],[79.6933,15.8982],[79.6847,15.8984],[79.6819,15.9039],[79.674,15.9049],[79.6555,15.921],[79.6494,15.9136],[79.6355,15.9071],[79.6118,15.9224],[79.6145,15.9333],[79.5903,15.9408],[79.572,15.9373],[79.5589,15.9485],[79.5599,15.9656],[79.5682,15.9832],[79.5723,16.0044],[79.5628,16.0123],[79.5671,16.0177],[79.5611,16.029],[79.5637,16.0329],[79.5528,16.0512],[79.5461,16.0745],[79.5538,16.0895],[79.5541,16.1122],[79.5445,16.1202],[79.5365,16.1428],[79.5402,16.1494],[79.5361,16.1641],[79.5381,16.1709],[79.5459,16.1728],[79.5519,16.1794],[79.5601,16.1997],[79.5563,16.2143],[79.5631,16.2271],[79.559,16.2425],[79.5603,16.262],[79.566,16.2775],[79.55,16.2846],[79.5417,16.2962],[79.5425,16.3006],[79.5629,16.3068],[79.5581,16.3166],[79.5638,16.3169],[79.5984,16.3375],[79.588,16.3605],[79.6158,16.3828],[79.6371,16.3894],[79.6509,16.387],[79.6457,16.3604],[79.6507,16.3654],[79.6557,16.3631],[79.6708,16.3486],[79.7263,16.3701],[79.721,16.3794],[79.7431,16.3848],[79.751,16.3843],[79.7555,16.3796],[79.7799,16.378]]]}},{"type":"Feature","properties":{"ac_no":100,"name":"Gurajala","district":"Palnadu","reservation":null,"loksabha":"Narasaraopet"},"geometry":{"type":"Polygon","coordinates":[[[79.827,16.6937],[79.829,16.6946],[79.8291,16.6946],[79.8504,16.706],[79.8783,16.697],[79.8865,16.6843],[79.8921,16.6528],[79.9117,16.6334],[79.9076,16.6084],[79.9163,16.6013],[79.9251,16.6013],[79.9134,16.5845],[79.9125,16.5738],[79.9355,16.5714],[79.9468,16.5788],[79.9484,16.5703],[79.9506,16.5792],[79.9576,16.5782],[79.953,16.5647],[79.9597,16.5577],[79.9677,16.556],[79.9562,16.5453],[79.9495,16.5153],[79.9618,16.5138],[79.9777,16.5501],[79.9766,16.5541],[79.9828,16.5503],[79.9884,16.5544],[79.9924,16.5511],[79.9886,16.5495],[79.9854,16.5355],[79.9999,16.5275],[80.0015,16.5192],[79.9866,16.5208],[79.9844,16.51],[79.9734,16.496],[79.9696,16.4826],[79.9642,16.4867],[79.9623,16.4841],[79.9583,16.4871],[79.9497,16.4687],[79.9407,16.4661],[79.9296,16.4684],[79.9253,16.4627],[79.9156,16.4614],[79.9028,16.4603],[79.8994,16.4629],[79.8868,16.4502],[79.8776,16.4521],[79.8527,16.4274],[79.8419,16.4256],[79.8366,16.416],[79.8416,16.4101],[79.8457,16.4102],[79.8495,16.4138],[79.8458,16.4199],[79.8542,16.4194],[79.8533,16.4075],[79.8305,16.3615],[79.7988,16.3586],[79.7884,16.3735],[79.7799,16.378],[79.7856,16.4017],[79.7827,16.4207],[79.7611,16.434],[79.7673,16.4551],[79.7704,16.4559],[79.7791,16.4771],[79.7793,16.4869],[79.7887,16.5031],[79.7804,16.509],[79.7624,16.5125],[79.7438,16.4934],[79.7288,16.5147],[79.7276,16.528],[79.7331,16.5525],[79.7272,16.5571],[79.7157,16.5448],[79.71,16.5242],[79.6775,16.5242],[79.6723,16.4901],[79.6293,16.4905],[79.62,16.4847],[79.596,16.4549],[79.5687,16.4579],[79.5737,16.4673],[79.5698,16.4702],[79.5692,16.4849],[79.5577,16.4854],[79.5475,16.4778],[79.5346,16.4743],[79.5488,16.5017],[79.5452,16.5113],[79.551,16.507],[79.5589,16.5169],[79.5793,16.5195],[79.5896,16.5348],[79.5854,16.542],[79.5831,16.5732],[79.5742,16.5766],[79.5784,16.5969],[79.5631,16.5962],[79.5363,16.6082],[79.522,16.6071],[79.5225,16.6193],[79.5261,16.6243],[79.5227,16.6323],[79.5379,16.6317],[79.5744,16.6492],[79.5984,16.6734],[79.633,16.6607],[79.6496,16.6708],[79.6613,16.6865],[79.6806,16.6944],[79.721,16.6904],[79.7283,16.6951],[79.7432,16.7188],[79.7741,16.7312],[79.786,16.7305],[79.7922,16.7258],[79.7989,16.7104],[79.8132,16.694],[79.827,16.6937]]]}},{"type":"Feature","properties":{"ac_no":101,"name":"Macherla","district":"Palnadu","reservation":null,"loksabha":"Narasaraopet"},"geometry":{"type":"Polygon","coordinates":[[[79.5227,16.6323],[79.5261,16.6243],[79.5225,16.6193],[79.522,16.6071],[79.5363,16.6082],[79.5631,16.5962],[79.5784,16.5969],[79.5742,16.5766],[79.5831,16.5732],[79.5854,16.542],[79.5896,16.5348],[79.5793,16.5195],[79.5589,16.5169],[79.551,16.507],[79.5452,16.5113],[79.5488,16.5017],[79.5346,16.4743],[79.5475,16.4778],[79.5577,16.4854],[79.5692,16.4849],[79.5698,16.4702],[79.5737,16.4673],[79.5687,16.4579],[79.596,16.4549],[79.62,16.4847],[79.6293,16.4905],[79.6723,16.4901],[79.6775,16.5242],[79.71,16.5242],[79.7157,16.5448],[79.7272,16.5571],[79.7331,16.5525],[79.7276,16.528],[79.7288,16.5147],[79.7438,16.4934],[79.7624,16.5125],[79.7804,16.509],[79.7887,16.5031],[79.7793,16.4869],[79.7791,16.4771],[79.7704,16.4559],[79.7673,16.4551],[79.7611,16.434],[79.7827,16.4207],[79.7856,16.4017],[79.7799,16.378],[79.7555,16.3796],[79.751,16.3843],[79.7431,16.3848],[79.721,16.3794],[79.7263,16.3701],[79.6708,16.3486],[79.6557,16.3631],[79.6507,16.3654],[79.6457,16.3604],[79.6509,16.387],[79.6371,16.3894],[79.6158,16.3828],[79.588,16.3605],[79.5984,16.3375],[79.5638,16.3169],[79.5581,16.3166],[79.5629,16.3068],[79.5425,16.3006],[79.5417,16.2962],[79.5354,16.307],[79.5271,16.2985],[79.4961,16.2915],[79.4722,16.2916],[79.4464,16.3039],[79.3699,16.2338],[79.3245,16.2294],[79.2576,16.1948],[79.2484,16.1807],[79.2206,16.164],[79.2143,16.1846],[79.2146,16.2277],[79.2221,16.2358],[79.2243,16.2709],[79.2302,16.2811],[79.2343,16.335],[79.2151,16.3496],[79.2103,16.3584],[79.2124,16.3744],[79.2077,16.3849],[79.2116,16.4478],[79.2187,16.4549],[79.2335,16.4598],[79.2165,16.4792],[79.2147,16.4878],[79.2253,16.5214],[79.248,16.5346],[79.254,16.5629],[79.2609,16.5675],[79.2801,16.5613],[79.292,16.5624],[79.3089,16.5748],[79.3405,16.583],[79.3526,16.5792],[79.3782,16.5831],[79.4175,16.58],[79.4333,16.5913],[79.4399,16.6137],[79.4463,16.6195],[79.4577,16.6233],[79.4842,16.6236],[79.4947,16.6337],[79.5031,16.6366],[79.5227,16.6323]]]}},{"type":"Feature","properties":{"ac_no":102,"name":"Yerragondapalem","district":"Prakasam","reservation":"SC","loksabha":"Ongole"},"geometry":{"type":"Polygon","coordinates":[[[79.5417,16.2962],[79.55,16.2846],[79.566,16.2775],[79.5603,16.262],[79.559,16.2425],[79.5631,16.2271],[79.5563,16.2143],[79.5601,16.1997],[79.5519,16.1794],[79.5459,16.1728],[79.5381,16.1709],[79.5361,16.1641],[79.5402,16.1494],[79.5365,16.1428],[79.5445,16.1202],[79.5541,16.1122],[79.5538,16.0895],[79.5461,16.0745],[79.5528,16.0512],[79.5637,16.0329],[79.5611,16.029],[79.5671,16.0177],[79.5628,16.0123],[79.5723,16.0044],[79.5491,15.9902],[79.5244,15.9831],[79.5199,15.9697],[79.5059,15.9615],[79.4743,15.961],[79.4515,15.9532],[79.4392,15.9435],[79.4298,15.9422],[79.4166,15.9187],[79.407,15.9197],[79.3952,15.9152],[79.3884,15.9044],[79.3877,15.8941],[79.3531,15.8595],[79.3347,15.8546],[79.329,15.8462],[79.3225,15.8443],[79.3174,15.8327],[79.3199,15.8276],[79.3137,15.8233],[79.3139,15.8171],[79.3087,15.8185],[79.3051,15.8104],[79.2919,15.8035],[79.279,15.8104],[79.2699,15.8036],[79.2694,15.7925],[79.26,15.778],[79.2205,15.7871],[79.2325,15.8145],[79.2273,15.8141],[79.2275,15.8074],[79.2171,15.7897],[79.1912,15.7961],[79.1834,15.7691],[79.1803,15.7709],[79.1809,15.7821],[79.172,15.7855],[79.173,15.7919],[79.17,15.792],[79.1618,15.7784],[79.1646,15.774],[79.1565,15.7416],[79.148,15.7294],[79.1431,15.7339],[79.1349,15.7253],[79.1393,15.7243],[79.1413,15.7174],[79.1309,15.6954],[79.1141,15.681],[79.1115,15.674],[79.1083,15.6756],[79.1034,15.6662],[79.0933,15.6626],[79.1,15.6616],[79.1004,15.6586],[79.0872,15.6517],[79.0964,15.6791],[79.0936,15.6838],[79.0955,15.6892],[79.1073,15.6981],[79.0946,15.7036],[79.0941,15.7189],[79.058,15.7211],[79.0435,15.7106],[79.021,15.7098],[79.0147,15.7136],[78.9998,15.7303],[79.0048,15.7336],[78.9859,15.7643],[78.9866,15.7772],[78.9817,15.7826],[78.9744,15.8112],[78.9708,15.8146],[78.9428,15.812],[78.9136,15.7973],[78.7958,15.7883],[78.8102,15.8678],[78.8376,15.9081],[78.9095,15.9684],[78.9291,16.0931],[78.9216,16.1229],[78.924,16.1383],[78.9153,16.1487],[78.9041,16.178],[78.906,16.1842],[78.9309,16.1996],[78.966,16.2111],[78.988,16.2125],[79.0111,16.2417],[79.0283,16.2433],[79.0523,16.2394],[79.0714,16.2274],[79.084,16.231],[79.0993,16.2239],[79.1222,16.2327],[79.147,16.2145],[79.1595,16.2101],[79.1918,16.2176],[79.2146,16.2277],[79.2143,16.1846],[79.2206,16.164],[79.2484,16.1807],[79.2576,16.1948],[79.3245,16.2294],[79.3699,16.2338],[79.4464,16.3039],[79.4722,16.2916],[79.4961,16.2915],[79.5271,16.2985],[79.5354,16.307],[79.5417,16.2962]]]}},{"type":"Feature","properties":{"ac_no":103,"name":"Darsi","district":"Prakasam","reservation":null,"loksabha":"Ongole"},"geometry":{"type":"Polygon","coordinates":[[[79.8776,15.9248],[79.8947,15.9033],[79.8916,15.9005],[79.8947,15.8885],[79.9096,15.8784],[79.9058,15.8714],[79.9371,15.8541],[79.945,15.8529],[79.9467,15.8561],[79.9482,15.8534],[79.9426,15.8408],[79.9444,15.8316],[79.9293,15.8275],[79.9208,15.8293],[79.9185,15.8244],[79.9177,15.7912],[79.9079,15.7634],[79.9189,15.752],[79.9202,15.7449],[79.9165,15.736],[79.9077,15.7335],[79.906,15.7223],[79.8915,15.7142],[79.8921,15.7083],[79.8997,15.7005],[79.89,15.6854],[79.8791,15.6788],[79.8683,15.6784],[79.8653,15.6717],[79.8642,15.6741],[79.8588,15.6705],[79.8551,15.6621],[79.845,15.6658],[79.8388,15.6622],[79.8364,15.6656],[79.8308,15.6566],[79.8359,15.6531],[79.8337,15.644],[79.8296,15.6472],[79.8225,15.642],[79.8114,15.651],[79.8169,15.6645],[79.8149,15.6701],[79.8062,15.6633],[79.8032,15.6497],[79.8057,15.6359],[79.7918,15.6358],[79.7718,15.6452],[79.7625,15.6285],[79.7626,15.6206],[79.7608,15.6182],[79.7559,15.6202],[79.7491,15.6066],[79.7478,15.5922],[79.7397,15.5985],[79.7319,15.5987],[79.7285,15.6059],[79.7186,15.6104],[79.703,15.6301],[79.6925,15.6539],[79.6866,15.6593],[79.6874,15.664],[79.6774,15.6749],[79.6507,15.685],[79.6296,15.7263],[79.6204,15.7342],[79.6012,15.7403],[79.589,15.7293],[79.577,15.7246],[79.5127,15.7088],[79.5018,15.7276],[79.5072,15.7337],[79.4954,15.741],[79.4892,15.7422],[79.4798,15.731],[79.4719,15.7387],[79.4449,15.7438],[79.439,15.733],[79.4237,15.732],[79.4178,15.7395],[79.425,15.7483],[79.4208,15.7643],[79.4241,15.7724],[79.4122,15.7802],[79.4071,15.7745],[79.404,15.7755],[79.3996,15.7819],[79.3812,15.791],[79.3651,15.76],[79.3566,15.7622],[79.3492,15.7673],[79.348,15.7829],[79.3355,15.7874],[79.3241,15.8071],[79.3128,15.8066],[79.3139,15.8171],[79.3137,15.8233],[79.3199,15.8276],[79.3174,15.8327],[79.3225,15.8443],[79.329,15.8462],[79.3347,15.8546],[79.3531,15.8595],[79.3877,15.8941],[79.3884,15.9044],[79.3952,15.9152],[79.407,15.9197],[79.4166,15.9187],[79.4298,15.9422],[79.4392,15.9435],[79.4515,15.9532],[79.4743,15.961],[79.5059,15.9615],[79.5199,15.9697],[79.5244,15.9831],[79.5491,15.9902],[79.5723,16.0044],[79.5682,15.9832],[79.5599,15.9656],[79.5589,15.9485],[79.572,15.9373],[79.5903,15.9408],[79.6145,15.9333],[79.6118,15.9224],[79.6355,15.9071],[79.6494,15.9136],[79.6555,15.921],[79.674,15.9049],[79.6819,15.9039],[79.6847,15.8984],[79.6933,15.8982],[79.695,15.8939],[79.689,15.876],[79.7145,15.8673],[79.7197,15.859],[79.717,15.8455],[79.71,15.837],[79.7332,15.8351],[79.7432,15.8257],[79.771,15.8252],[79.773,15.842],[79.7537,15.8474],[79.7518,15.8563],[79.7471,15.8592],[79.7552,15.8791],[79.755,15.8996],[79.7628,15.8993],[79.7691,15.9077],[79.7756,15.9074],[79.7847,15.9166],[79.7915,15.9415],[79.8489,15.9288],[79.8468,15.9229],[79.8639,15.9176],[79.8697,15.9169],[79.8776,15.9248]]]}},{"type":"Feature","properties":{"ac_no":104,"name":"Parchur","district":"Bapatla","reservation":null,"loksabha":"Bapatla"},"geometry":{"type":"Polygon","coordinates":[[[80.4257,15.9809],[80.4172,15.9635],[80.3973,15.974],[80.3849,15.977],[80.3848,15.971],[80.3793,15.9738],[80.3746,15.944],[80.3785,15.935],[80.3704,15.9265],[80.364,15.9033],[80.3503,15.893],[80.3613,15.8721],[80.3584,15.8639],[80.3383,15.8501],[80.3279,15.8571],[80.2947,15.8252],[80.3127,15.8124],[80.3007,15.8069],[80.2918,15.7918],[80.2886,15.7918],[80.2715,15.7706],[80.2696,15.7732],[80.2732,15.7796],[80.2476,15.7978],[80.2249,15.8068],[80.2221,15.7793],[80.2574,15.7553],[80.276,15.7402],[80.2805,15.7452],[80.297,15.7314],[80.2936,15.7239],[80.3092,15.7167],[80.2822,15.6856],[80.2412,15.6112],[80.1807,15.6201],[80.1746,15.624],[80.1796,15.6378],[80.1713,15.6501],[80.1793,15.6834],[80.1807,15.6876],[80.1862,15.686],[80.1926,15.6943],[80.195,15.7013],[80.1884,15.7097],[80.1984,15.7305],[80.2055,15.7373],[80.2114,15.752],[80.2044,15.7595],[80.2063,15.7641],[80.1973,15.7688],[80.1869,15.759],[80.1906,15.7548],[80.1858,15.7367],[80.1797,15.7351],[80.1723,15.7243],[80.1656,15.7264],[80.1394,15.7375],[80.1555,15.7716],[80.1596,15.7704],[80.165,15.789],[80.1661,15.803],[80.1582,15.8069],[80.1593,15.8109],[80.1521,15.8165],[80.1544,15.8237],[80.1477,15.8256],[80.1526,15.8561],[80.1275,15.8648],[80.1255,15.8623],[80.1071,15.866],[80.0793,15.8782],[80.0518,15.8925],[80.0567,15.9038],[80.0498,15.9066],[80.0499,15.9137],[80.0398,15.9166],[80.0307,15.9074],[80.0048,15.9233],[80.0104,15.9437],[80.0236,15.9405],[80.0287,15.9569],[80.0359,15.9564],[80.0389,15.9595],[80.0333,15.9752],[80.0474,15.9938],[80.0735,15.9938],[80.0804,16.006],[80.1002,16.0116],[80.1199,16.0207],[80.1396,16.0158],[80.1328,16.02],[80.1372,16.0457],[80.1549,16.0459],[80.1544,16.0417],[80.1822,16.0346],[80.1814,16.0267],[80.1868,16.0256],[80.1897,16.0386],[80.2286,16.0322],[80.2297,16.0379],[80.2371,16.0373],[80.24,16.0526],[80.2612,16.046],[80.2624,16.0534],[80.284,16.0493],[80.2935,16.0535],[80.3009,16.0498],[80.3018,16.0555],[80.3181,16.0451],[80.3136,16.0291],[80.3277,16.0256],[80.3251,16.0186],[80.3355,16.0151],[80.3369,16.0213],[80.3424,16.0231],[80.345,16.029],[80.3586,16.027],[80.3584,16.0217],[80.3715,16.0158],[80.3713,16.013],[80.3862,16.0113],[80.4088,16.0012],[80.4252,15.9998],[80.4257,15.9809]]]}},{"type":"Feature","properties":{"ac_no":105,"name":"Addanki","district":"Bapatla","reservation":null,"loksabha":"Bapatla"},"geometry":{"type":"Polygon","coordinates":[[[80.0502,16.131],[80.0514,16.1198],[80.0404,16.0927],[80.0472,16.0855],[80.0682,16.095],[80.074,16.0923],[80.0705,16.0761],[80.0732,16.0688],[80.0823,16.063],[80.0797,16.0563],[80.0844,16.0518],[80.0861,16.0209],[80.0907,16.0135],[80.1002,16.0116],[80.0804,16.006],[80.0735,15.9938],[80.0474,15.9938],[80.0333,15.9752],[80.0389,15.9595],[80.0359,15.9564],[80.0287,15.9569],[80.0236,15.9405],[80.0104,15.9437],[80.0048,15.9233],[80.0307,15.9074],[80.0398,15.9166],[80.0499,15.9137],[80.0498,15.9066],[80.0567,15.9038],[80.0518,15.8925],[80.0793,15.8782],[80.1071,15.866],[80.1255,15.8623],[80.1275,15.8648],[80.1526,15.8561],[80.1477,15.8256],[80.1544,15.8237],[80.1521,15.8165],[80.1593,15.8109],[80.1582,15.8069],[80.1661,15.803],[80.165,15.789],[80.1596,15.7704],[80.1555,15.7716],[80.1394,15.7375],[80.1656,15.7264],[80.1644,15.7186],[80.1514,15.6989],[80.1408,15.6993],[80.1376,15.6903],[80.1259,15.7005],[80.1117,15.7002],[80.1122,15.6895],[80.1284,15.6826],[80.1206,15.6689],[80.0976,15.6757],[80.1003,15.6812],[80.0873,15.6872],[80.0692,15.6822],[80.0638,15.6958],[80.0543,15.6966],[80.036,15.7091],[80.0238,15.6846],[80.019,15.6865],[80.0198,15.6914],[79.9794,15.7009],[79.9713,15.7151],[79.9655,15.7085],[79.956,15.7091],[79.9513,15.6994],[79.9424,15.7012],[79.9394,15.687],[79.9219,15.6937],[79.9116,15.7016],[79.8997,15.7005],[79.8921,15.7083],[79.8915,15.7142],[79.906,15.7223],[79.9077,15.7335],[79.9165,15.736],[79.9202,15.7449],[79.9189,15.752],[79.9079,15.7634],[79.9177,15.7912],[79.9185,15.8244],[79.9208,15.8293],[79.9293,15.8275],[79.9444,15.8316],[79.9426,15.8408],[79.9482,15.8534],[79.9467,15.8561],[79.945,15.8529],[79.9371,15.8541],[79.9058,15.8714],[79.9096,15.8784],[79.8947,15.8885],[79.8916,15.9005],[79.8947,15.9033],[79.8776,15.9248],[79.8762,15.9356],[79.8811,15.9405],[79.894,15.9393],[79.8965,15.947],[79.9031,15.9425],[79.9117,15.9675],[79.8981,15.9716],[79.9034,15.9834],[79.8911,15.9872],[79.891,15.9954],[79.8793,15.9998],[79.8627,15.9936],[79.8664,16.022],[79.8696,16.0306],[79.8729,16.0297],[79.8801,16.0393],[79.9168,16.0473],[79.9203,16.0623],[79.9155,16.0751],[79.8952,16.0774],[79.8949,16.0875],[79.8833,16.0861],[79.8814,16.0926],[79.8682,16.0965],[79.8737,16.1122],[79.8689,16.1119],[79.8697,16.1182],[79.8749,16.1289],[79.8659,16.1352],[79.8784,16.1547],[79.9019,16.149],[79.9278,16.1318],[79.9327,16.1321],[79.9372,16.1392],[79.9448,16.1391],[79.9487,16.1436],[79.9537,16.1516],[79.9527,16.1637],[79.9721,16.1544],[79.9762,16.1504],[79.974,16.1458],[80.0006,16.1402],[79.9988,16.1364],[80.0062,16.134],[80.0114,16.1267],[80.0101,16.1194],[80.02,16.1148],[80.0317,16.1178],[80.0334,16.123],[80.0435,16.1302],[80.0502,16.131]]]}},{"type":"Feature","properties":{"ac_no":106,"name":"Chirala","district":"Bapatla","reservation":null,"loksabha":"Bapatla"},"geometry":{"type":"Polygon","coordinates":[[[80.4174,15.7974],[80.3619,15.7637],[80.3092,15.7167],[80.2936,15.7239],[80.297,15.7314],[80.2805,15.7452],[80.276,15.7402],[80.2574,15.7553],[80.2715,15.7706],[80.2886,15.7918],[80.2918,15.7918],[80.3007,15.8069],[80.3127,15.8124],[80.2947,15.8252],[80.3279,15.8571],[80.3383,15.8501],[80.3584,15.8639],[80.3613,15.8721],[80.3503,15.893],[80.364,15.9033],[80.3704,15.9265],[80.3785,15.935],[80.3748,15.923],[80.3776,15.8967],[80.3861,15.8917],[80.406,15.8575],[80.4357,15.8781],[80.4492,15.8573],[80.4534,15.8584],[80.4549,15.8552],[80.4726,15.8594],[80.476,15.8528],[80.446,15.8476],[80.4497,15.8361],[80.4464,15.8338],[80.4471,15.8267],[80.4521,15.8203],[80.4462,15.823],[80.4162,15.8076],[80.4174,15.7974]]]}},{"type":"Feature","properties":{"ac_no":107,"name":"Santhanuthalapadu","district":"Prakasam","reservation":"SC","loksabha":"Bapatla"},"geometry":{"type":"Polygon","coordinates":[[[80.2574,15.7553],[80.2221,15.7793],[80.2249,15.8068],[80.2476,15.7978],[80.2732,15.7796],[80.2696,15.7732],[80.2715,15.7706],[80.2574,15.7553]]]}},{"type":"Feature","properties":{"ac_no":107,"name":"Santhanuthalapadu","district":"Prakasam","reservation":"SC","loksabha":"Bapatla"},"geometry":{"type":"Polygon","coordinates":[[[80.2055,15.7373],[80.1984,15.7305],[80.1884,15.7097],[80.195,15.7013],[80.1926,15.6943],[80.1862,15.686],[80.1807,15.6876],[80.1793,15.6834],[80.1713,15.6501],[80.1796,15.6378],[80.1746,15.624],[80.1807,15.6201],[80.2412,15.6112],[80.2271,15.5564],[80.1973,15.5663],[80.1998,15.5599],[80.1933,15.5527],[80.1773,15.5626],[80.1812,15.5701],[80.177,15.5721],[80.1672,15.5571],[80.1563,15.5584],[80.1437,15.5534],[80.1385,15.5604],[80.1129,15.569],[80.1032,15.5801],[80.092,15.5626],[80.0692,15.5732],[80.0546,15.556],[80.0468,15.557],[80.046,15.56],[80.0372,15.5527],[80.0329,15.5459],[80.0364,15.5443],[80.0335,15.5388],[80.0259,15.5355],[80.0262,15.5302],[80.0312,15.5284],[80.0188,15.5067],[80.0015,15.507],[79.9938,15.4869],[79.9865,15.4886],[79.9863,15.4818],[79.9802,15.4777],[79.9449,15.4866],[79.9385,15.4687],[79.9251,15.4684],[79.9164,15.4495],[79.9189,15.4457],[79.9155,15.444],[79.9202,15.4456],[79.9197,15.4419],[79.9237,15.4451],[79.9234,15.4406],[79.9038,15.4134],[79.893,15.4231],[79.9012,15.4306],[79.9003,15.4362],[79.8803,15.4386],[79.8643,15.4492],[79.8661,15.458],[79.8586,15.4695],[79.8411,15.4687],[79.83,15.4735],[79.8239,15.4885],[79.7967,15.5112],[79.7965,15.5308],[79.7932,15.5393],[79.7962,15.5491],[79.7941,15.5576],[79.7666,15.5862],[79.7478,15.5922],[79.7491,15.6066],[79.7559,15.6202],[79.7608,15.6182],[79.7626,15.6206],[79.7625,15.6285],[79.7718,15.6452],[79.7918,15.6358],[79.8057,15.6359],[79.8032,15.6497],[79.8062,15.6633],[79.8149,15.6701],[79.8169,15.6645],[79.8114,15.651],[79.8225,15.642],[79.8296,15.6472],[79.8337,15.644],[79.8359,15.6531],[79.8308,15.6566],[79.8364,15.6656],[79.8388,15.6622],[79.845,15.6658],[79.8551,15.6621],[79.8588,15.6705],[79.8642,15.6741],[79.8653,15.6717],[79.8683,15.6784],[79.8791,15.6788],[79.89,15.6854],[79.8997,15.7005],[79.9116,15.7016],[79.9219,15.6937],[79.9394,15.687],[79.9424,15.7012],[79.9513,15.6994],[79.956,15.7091],[79.9655,15.7085],[79.9713,15.7151],[79.9794,15.7009],[80.0198,15.6914],[80.019,15.6865],[80.0238,15.6846],[80.036,15.7091],[80.0543,15.6966],[80.0638,15.6958],[80.0692,15.6822],[80.0873,15.6872],[80.1003,15.6812],[80.0976,15.6757],[80.1206,15.6689],[80.1284,15.6826],[80.1122,15.6895],[80.1117,15.7002],[80.1259,15.7005],[80.1376,15.6903],[80.1408,15.6993],[80.1514,15.6989],[80.1644,15.7186],[80.1656,15.7264],[80.1723,15.7243],[80.1797,15.7351],[80.1858,15.7367],[80.1906,15.7548],[80.1869,15.759],[80.1973,15.7688],[80.2063,15.7641],[80.2044,15.7595],[80.2114,15.752],[80.2055,15.7373]]]}},{"type":"Feature","properties":{"ac_no":108,"name":"Ongole","district":"Prakasam","reservation":null,"loksabha":"Ongole"},"geometry":{"type":"Polygon","coordinates":[[[80.2271,15.5564],[80.2267,15.5379],[80.217,15.5202],[80.2061,15.4844],[80.208,15.4808],[80.2013,15.4673],[80.1294,15.3794],[80.1094,15.3426],[80.0958,15.3417],[80.093,15.3481],[80.0922,15.3384],[80.0849,15.3433],[80.0875,15.3503],[80.0829,15.3517],[80.0872,15.3558],[80.0818,15.3616],[80.087,15.3654],[80.0853,15.3727],[80.0859,15.3692],[80.0779,15.3655],[80.07,15.3715],[80.0663,15.3665],[80.0609,15.3669],[80.0607,15.3718],[80.0554,15.3717],[80.0556,15.3785],[80.0493,15.3763],[80.0553,15.3792],[80.0709,15.4076],[80.0828,15.4105],[80.0967,15.4021],[80.1025,15.4134],[80.0889,15.4181],[80.0928,15.4224],[80.0866,15.425],[80.0732,15.4414],[80.0601,15.4351],[80.0183,15.4474],[80.0161,15.4348],[79.9991,15.4427],[79.9831,15.4404],[79.984,15.4463],[79.9714,15.4483],[79.9802,15.4777],[79.9863,15.4818],[79.9865,15.4886],[79.9938,15.4869],[80.0015,15.507],[80.0188,15.5067],[80.0312,15.5284],[80.0262,15.5302],[80.0259,15.5355],[80.0335,15.5388],[80.0364,15.5443],[80.0329,15.5459],[80.0372,15.5527],[80.046,15.56],[80.0468,15.557],[80.0546,15.556],[80.0692,15.5732],[80.092,15.5626],[80.1032,15.5801],[80.1129,15.569],[80.1385,15.5604],[80.1437,15.5534],[80.1563,15.5584],[80.1672,15.5571],[80.177,15.5721],[80.1812,15.5701],[80.1773,15.5626],[80.1933,15.5527],[80.1998,15.5599],[80.1973,15.5663],[80.2271,15.5564]]]}},{"type":"Feature","properties":{"ac_no":109,"name":"Kandukur","district":"Sri Potti Sriramulu Nellore","reservation":null,"loksabha":"Nellore"},"geometry":{"type":"Polygon","coordinates":[[[80.0895,15.2189],[80.0843,15.1926],[80.0704,15.1657],[80.0557,15.1238],[80.0471,15.0838],[80.054,15.0065],[80.0401,15.0112],[80.0328,15.0001],[80.0279,14.9816],[79.989,14.9998],[79.9624,15.0235],[79.9513,15.0198],[79.9338,15.0235],[79.9143,15.0166],[79.9166,15.0116],[79.9039,15.0123],[79.9046,15.0089],[79.8894,14.9992],[79.8883,14.9903],[79.8736,14.9888],[79.8656,14.9658],[79.8321,14.9686],[79.8223,14.9749],[79.7992,14.9779],[79.7901,14.9832],[79.7796,14.9825],[79.7809,14.9956],[79.7896,15.0053],[79.794,15.0211],[79.7811,15.0283],[79.7835,15.0339],[79.7933,15.0402],[79.7968,15.0569],[79.7783,15.0671],[79.7644,15.061],[79.7617,15.0543],[79.7532,15.0554],[79.7435,15.0383],[79.734,15.0312],[79.7186,15.0403],[79.7155,15.0533],[79.6797,15.0333],[79.6718,15.0334],[79.6646,15.0384],[79.656,15.0347],[79.6408,15.0375],[79.6281,15.0351],[79.6291,15.0437],[79.6079,15.0576],[79.633,15.1003],[79.6237,15.1488],[79.6304,15.1516],[79.6478,15.15],[79.6497,15.1547],[79.6457,15.1723],[79.6338,15.1768],[79.6314,15.1687],[79.6225,15.1656],[79.6217,15.1727],[79.6536,15.2458],[79.6806,15.2491],[79.6821,15.2406],[79.6894,15.2346],[79.7537,15.2005],[79.7729,15.1948],[79.8114,15.207],[79.8136,15.2168],[79.8385,15.2108],[79.8574,15.2763],[79.8636,15.2764],[79.8674,15.2808],[79.8631,15.2862],[79.8679,15.2871],[79.8682,15.2909],[79.8647,15.3093],[79.8818,15.3138],[79.8884,15.3041],[79.8952,15.3026],[79.9062,15.3206],[79.9088,15.3316],[79.918,15.3113],[79.9177,15.3002],[79.9314,15.3],[79.9425,15.3164],[79.956,15.3162],[79.9544,15.2901],[79.9839,15.2733],[79.9709,15.2191],[79.9775,15.2079],[79.9763,15.1985],[79.9866,15.1955],[79.9987,15.2029],[80.0068,15.1983],[80.0135,15.2153],[80.0201,15.2121],[80.0401,15.2146],[80.0585,15.2007],[80.0688,15.2004],[80.0694,15.2136],[80.0895,15.2189]],[[79.8975,15.2793],[79.8847,15.2846],[79.8834,15.2812],[79.8956,15.2729],[79.9058,15.2748],[79.9067,15.2773],[79.8975,15.2793]]]}},{"type":"Feature","properties":{"ac_no":110,"name":"Kondapi","district":"Prakasam","reservation":"SC","loksabha":"Ongole"},"geometry":{"type":"Polygon","coordinates":[[[79.8975,15.2793],[79.9067,15.2773],[79.9058,15.2748],[79.8956,15.2729],[79.8834,15.2812],[79.8847,15.2846],[79.8975,15.2793]]]}},{"type":"Feature","properties":{"ac_no":110,"name":"Kondapi","district":"Prakasam","reservation":"SC","loksabha":"Ongole"},"geometry":{"type":"Polygon","coordinates":[[[79.6758,15.5968],[79.6985,15.5919],[79.6937,15.5747],[79.7136,15.5653],[79.7302,15.5637],[79.7512,15.5478],[79.7629,15.5483],[79.7744,15.5425],[79.777,15.5311],[79.7965,15.5308],[79.7967,15.5112],[79.8239,15.4885],[79.83,15.4735],[79.8411,15.4687],[79.8586,15.4695],[79.8661,15.458],[79.8643,15.4492],[79.8803,15.4386],[79.9003,15.4362],[79.9012,15.4306],[79.893,15.4231],[79.9038,15.4134],[79.9234,15.4406],[79.9237,15.4451],[79.9197,15.4419],[79.9202,15.4456],[79.9155,15.444],[79.9189,15.4457],[79.9164,15.4495],[79.9251,15.4684],[79.9385,15.4687],[79.9449,15.4866],[79.9802,15.4777],[79.9714,15.4483],[79.984,15.4463],[79.9831,15.4404],[79.9991,15.4427],[80.0161,15.4348],[80.0183,15.4474],[80.0601,15.4351],[80.0732,15.4414],[80.0866,15.425],[80.0928,15.4224],[80.0889,15.4181],[80.1025,15.4134],[80.0967,15.4021],[80.0828,15.4105],[80.0709,15.4076],[80.0553,15.3792],[80.0493,15.3763],[80.0556,15.3785],[80.0554,15.3717],[80.0607,15.3718],[80.0609,15.3669],[80.0663,15.3665],[80.07,15.3715],[80.0779,15.3655],[80.0859,15.3692],[80.0853,15.3727],[80.087,15.3654],[80.0818,15.3616],[80.0872,15.3558],[80.0829,15.3517],[80.0875,15.3503],[80.0849,15.3433],[80.0922,15.3384],[80.093,15.3481],[80.0958,15.3417],[80.1094,15.3426],[80.1056,15.3234],[80.0909,15.2954],[80.0831,15.2687],[80.0824,15.253],[80.0893,15.2345],[80.0895,15.2189],[80.0694,15.2136],[80.0688,15.2004],[80.0585,15.2007],[80.0401,15.2146],[80.0201,15.2121],[80.0135,15.2153],[80.0068,15.1983],[79.9987,15.2029],[79.9866,15.1955],[79.9763,15.1985],[79.9775,15.2079],[79.9709,15.2191],[79.9839,15.2733],[79.9544,15.2901],[79.956,15.3162],[79.9425,15.3164],[79.9314,15.3],[79.9177,15.3002],[79.918,15.3113],[79.9088,15.3316],[79.9062,15.3206],[79.8952,15.3026],[79.8884,15.3041],[79.8818,15.3138],[79.8647,15.3093],[79.8682,15.2909],[79.8679,15.2871],[79.8631,15.2862],[79.8674,15.2808],[79.8636,15.2764],[79.8574,15.2763],[79.8385,15.2108],[79.8136,15.2168],[79.8114,15.207],[79.7729,15.1948],[79.7537,15.2005],[79.6894,15.2346],[79.6821,15.2406],[79.6806,15.2491],[79.6536,15.2458],[79.6504,15.2649],[79.661,15.2651],[79.6679,15.3241],[79.6641,15.3276],[79.6564,15.3272],[79.6533,15.345],[79.6582,15.3586],[79.6571,15.3667],[79.6628,15.3768],[79.6766,15.374],[79.6758,15.3855],[79.6849,15.3956],[79.6811,15.4067],[79.6755,15.4147],[79.6621,15.417],[79.6505,15.3992],[79.6148,15.4237],[79.6062,15.4203],[79.605,15.4122],[79.5969,15.4111],[79.5775,15.3853],[79.5755,15.3907],[79.5669,15.3944],[79.5755,15.4113],[79.5934,15.4336],[79.5945,15.442],[79.5908,15.4463],[79.5721,15.4422],[79.5716,15.4474],[79.5825,15.4582],[79.5761,15.459],[79.5718,15.4645],[79.5792,15.4803],[79.5878,15.4795],[79.5928,15.4873],[79.5905,15.4974],[79.5799,15.4972],[79.5678,15.5062],[79.5647,15.5059],[79.5692,15.4926],[79.5638,15.4897],[79.5607,15.4973],[79.5615,15.5133],[79.5658,15.519],[79.5627,15.5297],[79.5681,15.5321],[79.5689,15.537],[79.5645,15.5399],[79.566,15.5461],[79.5628,15.5499],[79.5709,15.5545],[79.5731,15.5404],[79.5833,15.5362],[79.5855,15.542],[79.5935,15.5413],[79.6045,15.5522],[79.5983,15.564],[79.6114,15.5896],[79.6148,15.5913],[79.6164,15.5859],[79.6243,15.5831],[79.63,15.5722],[79.64,15.579],[79.6587,15.5743],[79.6637,15.5932],[79.6698,15.5924],[79.6725,15.5984],[79.6758,15.5968]]]}},{"type":"Feature","properties":{"ac_no":111,"name":"Markapuram","district":"Prakasam","reservation":null,"loksabha":"Ongole"},"geometry":{"type":"Polygon","coordinates":[[[79.3139,15.8171],[79.3128,15.8066],[79.3241,15.8071],[79.3355,15.7874],[79.348,15.7829],[79.3492,15.7673],[79.3566,15.7622],[79.3651,15.76],[79.3812,15.791],[79.3996,15.7819],[79.404,15.7755],[79.4071,15.7745],[79.4122,15.7802],[79.4241,15.7724],[79.4208,15.7643],[79.425,15.7483],[79.4178,15.7395],[79.4237,15.732],[79.439,15.733],[79.4449,15.7438],[79.4719,15.7387],[79.4798,15.731],[79.4892,15.7422],[79.4954,15.741],[79.5072,15.7337],[79.5018,15.7276],[79.5127,15.7088],[79.577,15.7246],[79.589,15.7293],[79.6012,15.7403],[79.6204,15.7342],[79.6296,15.7263],[79.6507,15.685],[79.6774,15.6749],[79.6874,15.664],[79.6866,15.6593],[79.6925,15.6539],[79.703,15.6301],[79.7186,15.6104],[79.7285,15.6059],[79.7319,15.5987],[79.7397,15.5985],[79.7478,15.5922],[79.7666,15.5862],[79.7941,15.5576],[79.7962,15.5491],[79.7932,15.5393],[79.7965,15.5308],[79.777,15.5311],[79.7744,15.5425],[79.7629,15.5483],[79.7512,15.5478],[79.7302,15.5637],[79.7136,15.5653],[79.6937,15.5747],[79.6985,15.5919],[79.6758,15.5968],[79.6725,15.5984],[79.6698,15.5924],[79.6637,15.5932],[79.6587,15.5743],[79.64,15.579],[79.63,15.5722],[79.6243,15.5831],[79.6164,15.5859],[79.6148,15.5913],[79.6114,15.5896],[79.5983,15.564],[79.6045,15.5522],[79.5935,15.5413],[79.5855,15.542],[79.5833,15.5362],[79.5731,15.5404],[79.5709,15.5545],[79.5628,15.5499],[79.566,15.5461],[79.5645,15.5399],[79.5689,15.537],[79.5681,15.5321],[79.5627,15.5297],[79.5658,15.519],[79.5615,15.5133],[79.5607,15.4973],[79.5638,15.4897],[79.5401,15.4993],[79.5279,15.5001],[79.5198,15.4963],[79.5099,15.4984],[79.507,15.5043],[79.496,15.5104],[79.4927,15.5176],[79.4759,15.5235],[79.4608,15.5407],[79.4508,15.5385],[79.44,15.5141],[79.4215,15.5158],[79.3769,15.5256],[79.3787,15.5364],[79.3731,15.5375],[79.3658,15.552],[79.3586,15.5519],[79.3545,15.5584],[79.3495,15.5595],[79.3482,15.5693],[79.3404,15.561],[79.3234,15.5634],[79.3199,15.5582],[79.3156,15.5635],[79.3175,15.5681],[79.3113,15.5742],[79.2926,15.5808],[79.2322,15.5745],[79.2332,15.5689],[79.2241,15.5586],[79.2141,15.5591],[79.206,15.5641],[79.2025,15.5808],[79.192,15.5945],[79.1966,15.6092],[79.178,15.6142],[79.1744,15.6225],[79.1574,15.631],[79.1594,15.6389],[79.1407,15.6514],[79.1308,15.6414],[79.1334,15.6523],[79.153,15.6754],[79.1509,15.6777],[79.135,15.6736],[79.1297,15.6755],[79.1407,15.6878],[79.1309,15.6954],[79.1413,15.7174],[79.1393,15.7243],[79.1349,15.7253],[79.1431,15.7339],[79.148,15.7294],[79.1565,15.7416],[79.1646,15.774],[79.1618,15.7784],[79.17,15.792],[79.173,15.7919],[79.172,15.7855],[79.1809,15.7821],[79.1803,15.7709],[79.1834,15.7691],[79.1912,15.7961],[79.2171,15.7897],[79.2275,15.8074],[79.2273,15.8141],[79.2325,15.8145],[79.2205,15.7871],[79.26,15.778],[79.2694,15.7925],[79.2699,15.8036],[79.279,15.8104],[79.2919,15.8035],[79.3051,15.8104],[79.3087,15.8185],[79.3139,15.8171]]]}},{"type":"Feature","properties":{"ac_no":112,"name":"Giddalur","district":"Prakasam","reservation":null,"loksabha":"Ongole"},"geometry":{"type":"Polygon","coordinates":[[[79.1309,15.6954],[79.1407,15.6878],[79.1297,15.6755],[79.135,15.6736],[79.1509,15.6777],[79.153,15.6754],[79.1334,15.6523],[79.1308,15.6414],[79.1407,15.6514],[79.1594,15.6389],[79.1574,15.631],[79.1744,15.6225],[79.178,15.6142],[79.1966,15.6092],[79.192,15.5945],[79.2025,15.5808],[79.206,15.5641],[79.2141,15.5591],[79.2241,15.5586],[79.2332,15.5689],[79.2322,15.5745],[79.2926,15.5808],[79.3113,15.5742],[79.3175,15.5681],[79.3156,15.5635],[79.3199,15.5582],[79.3197,15.5512],[79.3253,15.549],[79.3242,15.5467],[79.3147,15.5492],[79.3121,15.5455],[79.3092,15.5469],[79.3087,15.5415],[79.2919,15.5292],[79.2563,15.536],[79.2324,15.5153],[79.2213,15.4671],[79.2334,15.4524],[79.2355,15.4443],[79.2406,15.442],[79.2427,15.4237],[79.2359,15.4221],[79.2294,15.4111],[79.2222,15.4112],[79.2071,15.4197],[79.2056,15.3818],[79.1842,15.3859],[79.1766,15.3685],[79.1738,15.3332],[79.186,15.3191],[79.1403,15.2746],[79.1248,15.2702],[79.1156,15.2798],[79.1027,15.2562],[79.1128,15.2496],[79.1034,15.2027],[79.0821,15.1736],[79.0171,15.1795],[79.0114,15.1755],[79.0094,15.1686],[78.9918,15.1691],[78.9817,15.1651],[78.9577,15.1764],[78.9547,15.1931],[78.9478,15.2038],[78.9479,15.2287],[78.9374,15.2295],[78.9273,15.2288],[78.9196,15.1875],[78.9061,15.1881],[78.9035,15.1919],[78.8718,15.1982],[78.7778,15.2004],[78.7574,15.1855],[78.7419,15.1837],[78.7366,15.2012],[78.7394,15.2709],[78.7367,15.3264],[78.7474,15.368],[78.7708,15.4179],[78.7695,15.4657],[78.7761,15.5334],[78.7694,15.6271],[78.7712,15.6606],[78.7958,15.7883],[78.9136,15.7973],[78.9428,15.812],[78.9708,15.8146],[78.9744,15.8112],[78.9817,15.7826],[78.9866,15.7772],[78.9859,15.7643],[79.0048,15.7336],[78.9998,15.7303],[79.0147,15.7136],[79.021,15.7098],[79.0435,15.7106],[79.058,15.7211],[79.0941,15.7189],[79.0946,15.7036],[79.1073,15.6981],[79.0955,15.6892],[79.0936,15.6838],[79.0964,15.6791],[79.0872,15.6517],[79.1004,15.6586],[79.1,15.6616],[79.0933,15.6626],[79.1034,15.6662],[79.1083,15.6756],[79.1115,15.674],[79.1141,15.681],[79.1309,15.6954]]]}},{"type":"Feature","properties":{"ac_no":113,"name":"Kanigiri","district":"Prakasam","reservation":null,"loksabha":"Ongole"},"geometry":{"type":"Polygon","coordinates":[[[79.5638,15.4897],[79.5692,15.4926],[79.5647,15.5059],[79.5678,15.5062],[79.5799,15.4972],[79.5905,15.4974],[79.5928,15.4873],[79.5878,15.4795],[79.5792,15.4803],[79.5718,15.4645],[79.5761,15.459],[79.5825,15.4582],[79.5716,15.4474],[79.5721,15.4422],[79.5908,15.4463],[79.5945,15.442],[79.5934,15.4336],[79.5755,15.4113],[79.5669,15.3944],[79.5755,15.3907],[79.5775,15.3853],[79.5969,15.4111],[79.605,15.4122],[79.6062,15.4203],[79.6148,15.4237],[79.6505,15.3992],[79.6621,15.417],[79.6755,15.4147],[79.6811,15.4067],[79.6849,15.3956],[79.6758,15.3855],[79.6766,15.374],[79.6628,15.3768],[79.6571,15.3667],[79.6582,15.3586],[79.6533,15.345],[79.6564,15.3272],[79.6641,15.3276],[79.6679,15.3241],[79.661,15.2651],[79.6504,15.2649],[79.6536,15.2458],[79.6217,15.1727],[79.6225,15.1656],[79.6314,15.1687],[79.6338,15.1768],[79.6457,15.1723],[79.6497,15.1547],[79.6478,15.15],[79.6304,15.1516],[79.6237,15.1488],[79.633,15.1003],[79.6079,15.0576],[79.6291,15.0437],[79.6281,15.0351],[79.6205,15.0344],[79.6087,15.041],[79.5855,15.0401],[79.58,15.0367],[79.5794,15.0435],[79.5643,15.0439],[79.5583,15.0222],[79.5433,15.0263],[79.5293,15.0381],[79.5185,15.0386],[79.5149,15.044],[79.5053,15.0476],[79.5017,15.0571],[79.4912,15.055],[79.4761,15.0576],[79.4677,15.0682],[79.4622,15.0625],[79.4503,15.0633],[79.4387,15.056],[79.4225,15.0572],[79.4171,15.06],[79.4198,15.074],[79.4043,15.0787],[79.3909,15.0761],[79.3925,15.0924],[79.3863,15.0862],[79.3678,15.0863],[79.3574,15.1025],[79.36,15.1124],[79.3521,15.1177],[79.3484,15.1157],[79.3512,15.1104],[79.3439,15.0863],[79.3273,15.0945],[79.3284,15.1014],[79.3344,15.0981],[79.3358,15.1008],[79.3383,15.1146],[79.3354,15.1179],[79.3271,15.1164],[79.3287,15.1125],[79.3242,15.1118],[79.3209,15.1042],[79.3148,15.1027],[79.3149,15.0957],[79.3121,15.0953],[79.3146,15.0945],[79.3073,15.0887],[79.3091,15.095],[79.2921,15.0995],[79.2732,15.1013],[79.2656,15.0982],[79.2654,15.1064],[79.2621,15.1078],[79.2477,15.1065],[79.2144,15.0871],[79.1814,15.0889],[79.1608,15.0928],[79.1524,15.0994],[79.129,15.1021],[79.1296,15.0884],[79.1002,15.0863],[79.1006,15.0745],[79.0935,15.068],[79.0942,15.056],[79.0895,15.0514],[79.0762,15.1033],[79.0723,15.1405],[79.0734,15.165],[79.0821,15.1736],[79.1034,15.2027],[79.1128,15.2496],[79.1027,15.2562],[79.1156,15.2798],[79.1248,15.2702],[79.1403,15.2746],[79.186,15.3191],[79.1738,15.3332],[79.1766,15.3685],[79.1842,15.3859],[79.2056,15.3818],[79.2071,15.4197],[79.2222,15.4112],[79.2294,15.4111],[79.2359,15.4221],[79.2427,15.4237],[79.2406,15.442],[79.2355,15.4443],[79.2334,15.4524],[79.2213,15.4671],[79.2324,15.5153],[79.2563,15.536],[79.2919,15.5292],[79.3087,15.5415],[79.3092,15.5469],[79.3121,15.5455],[79.3147,15.5492],[79.3242,15.5467],[79.3253,15.549],[79.3197,15.5512],[79.3199,15.5582],[79.3234,15.5634],[79.3404,15.561],[79.3482,15.5693],[79.3495,15.5595],[79.3545,15.5584],[79.3586,15.5519],[79.3658,15.552],[79.3731,15.5375],[79.3787,15.5364],[79.3769,15.5256],[79.4215,15.5158],[79.44,15.5141],[79.4508,15.5385],[79.4608,15.5407],[79.4759,15.5235],[79.4927,15.5176],[79.496,15.5104],[79.507,15.5043],[79.5099,15.4984],[79.5198,15.4963],[79.5279,15.5001],[79.5401,15.4993],[79.5638,15.4897]]]}},{"type":"Feature","properties":{"ac_no":114,"name":"Kavali","district":"Sri Potti Sriramulu Nellore","reservation":null,"loksabha":"Nellore"},"geometry":{"type":"Polygon","coordinates":[[[80.054,15.0065],[80.0675,14.9328],[80.0844,14.8836],[80.0888,14.824],[80.0978,14.7799],[80.1116,14.743],[80.142,14.7041],[80.1323,14.688],[80.1314,14.6651],[80.1105,14.6653],[80.1134,14.6595],[80.1084,14.6568],[80.1104,14.6509],[80.0991,14.6482],[80.0927,14.6319],[80.0847,14.6342],[80.0728,14.6299],[80.0617,14.6368],[80.0547,14.6325],[80.0546,14.6261],[80.0325,14.6197],[79.9868,14.637],[79.9774,14.6574],[79.9588,14.6581],[79.9592,14.6447],[79.9613,14.6408],[79.9675,14.6407],[79.9734,14.6276],[79.9718,14.6185],[79.9639,14.6057],[79.9444,14.6038],[79.9439,14.5936],[79.9374,14.5884],[79.9059,14.5917],[79.9052,14.5875],[79.905,14.5998],[79.8935,14.604],[79.896,14.6226],[79.8876,14.6257],[79.8781,14.6222],[79.871,14.612],[79.8562,14.6107],[79.8483,14.6163],[79.8515,14.6484],[79.8474,14.656],[79.8468,14.6701],[79.8426,14.6769],[79.838,14.6693],[79.8264,14.6726],[79.8183,14.681],[79.7863,14.6872],[79.7929,14.7184],[79.799,14.7218],[79.8071,14.718],[79.8203,14.7254],[79.8366,14.7278],[79.8411,14.7548],[79.8559,14.7608],[79.874,14.7564],[79.8787,14.7775],[79.9051,14.7748],[79.9249,14.778],[79.9313,14.8121],[79.9371,14.8117],[79.9681,14.8362],[79.959,14.8535],[79.9446,14.8541],[79.9495,14.8683],[79.9399,14.8691],[79.9299,14.8776],[79.9315,14.8842],[79.9418,14.8824],[79.9456,14.8972],[79.9529,14.9077],[79.9519,14.9209],[79.9557,14.9319],[79.9348,14.9388],[79.9298,14.9334],[79.9127,14.9313],[79.8891,14.944],[79.8773,14.9408],[79.8698,14.9468],[79.8656,14.9658],[79.8736,14.9888],[79.8883,14.9903],[79.8894,14.9992],[79.9046,15.0089],[79.9039,15.0123],[79.9166,15.0116],[79.9143,15.0166],[79.9338,15.0235],[79.9513,15.0198],[79.9624,15.0235],[79.989,14.9998],[80.0279,14.9816],[80.0328,15.0001],[80.0401,15.0112],[80.054,15.0065]]]}},{"type":"Feature","properties":{"ac_no":115,"name":"Atmakur","district":"Sri Potti Sriramulu Nellore","reservation":null,"loksabha":"Nellore"},"geometry":{"type":"Polygon","coordinates":[[[79.7929,14.7184],[79.7863,14.6872],[79.8183,14.681],[79.8264,14.6726],[79.838,14.6693],[79.8426,14.6769],[79.8468,14.6701],[79.8474,14.656],[79.8515,14.6484],[79.8483,14.6163],[79.8562,14.6107],[79.8559,14.5725],[79.8598,14.5554],[79.855,14.5451],[79.8682,14.539],[79.8692,14.5348],[79.8673,14.5301],[79.854,14.5337],[79.8518,14.5226],[79.8437,14.5183],[79.831,14.5192],[79.8248,14.5121],[79.81,14.5252],[79.7998,14.5404],[79.7363,14.5834],[79.7169,14.5877],[79.7089,14.5793],[79.7033,14.5431],[79.6894,14.5406],[79.6874,14.5265],[79.6753,14.5245],[79.6705,14.5061],[79.6658,14.506],[79.6579,14.498],[79.6447,14.5001],[79.6429,14.463],[79.6744,14.4604],[79.6721,14.443],[79.6534,14.4218],[79.6505,14.4047],[79.6379,14.3989],[79.6093,14.4008],[79.6068,14.389],[79.5969,14.3771],[79.5907,14.378],[79.5762,14.3898],[79.5743,14.4116],[79.5869,14.4327],[79.584,14.4529],[79.5805,14.4559],[79.5694,14.4553],[79.5678,14.4677],[79.5725,14.474],[79.5712,14.4829],[79.5567,14.4878],[79.5393,14.4855],[79.5237,14.4716],[79.5182,14.4565],[79.501,14.4607],[79.5058,14.4697],[79.5033,14.4778],[79.4872,14.4875],[79.4819,14.4853],[79.4761,14.4708],[79.4678,14.4717],[79.45,14.4664],[79.4539,14.4813],[79.4632,14.4897],[79.4676,14.5063],[79.4642,14.5085],[79.468,14.5143],[79.4865,14.5187],[79.4871,14.5216],[79.4878,14.5278],[79.4762,14.5334],[79.4657,14.5607],[79.4377,14.5552],[79.4002,14.5418],[79.3659,14.5201],[79.3364,14.5092],[79.3168,14.4965],[79.3198,14.4936],[79.3054,14.4856],[79.302,14.486],[79.2931,14.4865],[79.2927,14.4966],[79.2879,14.5022],[79.2782,14.5341],[79.2677,14.5523],[79.2585,14.5573],[79.2485,14.5727],[79.2419,14.5947],[79.2296,14.6041],[79.2199,14.5904],[79.2097,14.6042],[79.2027,14.6063],[79.2,14.6157],[79.189,14.6186],[79.1814,14.646],[79.1866,14.6613],[79.179,14.6662],[79.1814,14.6702],[79.1793,14.6807],[79.1737,14.6845],[79.184,14.6907],[79.1855,14.7133],[79.1778,14.7339],[79.1687,14.7464],[79.16,14.7834],[79.1508,14.7952],[79.1645,14.7918],[79.1819,14.7982],[79.1884,14.7951],[79.2034,14.8041],[79.2556,14.7975],[79.258,14.8001],[79.2628,14.7986],[79.2603,14.784],[79.2716,14.7785],[79.2738,14.7707],[79.2947,14.7614],[79.2891,14.7744],[79.2841,14.7778],[79.2902,14.7999],[79.2988,14.8022],[79.3121,14.7991],[79.3158,14.8085],[79.324,14.8087],[79.3311,14.7685],[79.3282,14.7649],[79.3397,14.764],[79.3518,14.7682],[79.3629,14.7624],[79.3704,14.7725],[79.3626,14.7756],[79.3608,14.7708],[79.3578,14.7791],[79.3772,14.7857],[79.3809,14.7921],[79.3958,14.7883],[79.4051,14.7857],[79.4061,14.7654],[79.4081,14.7677],[79.4147,14.7654],[79.423,14.7429],[79.436,14.7418],[79.4382,14.7334],[79.4532,14.7332],[79.4746,14.7265],[79.4782,14.744],[79.4932,14.7505],[79.4995,14.7481],[79.5019,14.762],[79.513,14.7627],[79.5194,14.7863],[79.5314,14.7807],[79.5359,14.7708],[79.5446,14.7671],[79.5371,14.7401],[79.5429,14.7347],[79.538,14.7337],[79.5436,14.7327],[79.5489,14.7381],[79.5534,14.7365],[79.5573,14.7597],[79.5739,14.7699],[79.5802,14.7656],[79.5939,14.7643],[79.5998,14.7721],[79.6004,14.7821],[79.609,14.7853],[79.6192,14.783],[79.6169,14.7977],[79.6205,14.8123],[79.6354,14.8083],[79.6504,14.7944],[79.6594,14.7937],[79.6882,14.772],[79.7005,14.7744],[79.7317,14.7721],[79.7317,14.7478],[79.7051,14.748],[79.6943,14.7369],[79.7073,14.7401],[79.7147,14.7352],[79.7555,14.7366],[79.7594,14.7444],[79.7702,14.7451],[79.7849,14.7335],[79.7929,14.7184]]]}},{"type":"Feature","properties":{"ac_no":116,"name":"Kovuru","district":"Sri Potti Sriramulu Nellore","reservation":null,"loksabha":"Nellore"},"geometry":{"type":"Polygon","coordinates":[[[80.1752,14.4462],[80.1632,14.448],[80.1635,14.4604],[80.1531,14.4643],[80.1502,14.474],[80.1487,14.4691],[80.1415,14.4691],[80.1301,14.4567],[80.1251,14.459],[80.1121,14.4567],[80.1042,14.4604],[80.0947,14.4491],[80.0893,14.4478],[80.081,14.4518],[80.0779,14.4601],[80.0697,14.4519],[80.0655,14.4521],[80.0652,14.4663],[80.0508,14.4657],[80.0511,14.4811],[80.0568,14.4845],[80.0592,14.4943],[80.0558,14.4994],[80.0446,14.4997],[80.038,14.4875],[80.0282,14.4804],[80.0119,14.48],[80.0124,14.4868],[80.0024,14.488],[79.992,14.4818],[79.9849,14.4818],[79.9867,14.4785],[79.9797,14.4701],[79.9653,14.47],[79.9583,14.4764],[79.9568,14.4695],[79.9539,14.4693],[79.9223,14.4819],[79.8967,14.4766],[79.8769,14.4813],[79.8453,14.479],[79.8357,14.4878],[79.8314,14.5032],[79.8248,14.5121],[79.831,14.5192],[79.8437,14.5183],[79.8518,14.5226],[79.854,14.5337],[79.8673,14.5301],[79.8692,14.5348],[79.8682,14.539],[79.855,14.5451],[79.8598,14.5554],[79.8559,14.5725],[79.8562,14.6107],[79.871,14.612],[79.8781,14.6222],[79.8876,14.6257],[79.896,14.6226],[79.8935,14.604],[79.905,14.5998],[79.9052,14.5875],[79.9059,14.5917],[79.9374,14.5884],[79.9439,14.5936],[79.9444,14.6038],[79.9639,14.6057],[79.9718,14.6185],[79.9734,14.6276],[79.9675,14.6407],[79.9613,14.6408],[79.9592,14.6447],[79.9588,14.6581],[79.9774,14.6574],[79.9868,14.637],[80.0325,14.6197],[80.0546,14.6261],[80.0547,14.6325],[80.0617,14.6368],[80.0728,14.6299],[80.0847,14.6342],[80.0927,14.6319],[80.0991,14.6482],[80.1104,14.6509],[80.1084,14.6568],[80.1134,14.6595],[80.1105,14.6653],[80.1314,14.6651],[80.1323,14.688],[80.142,14.7041],[80.1702,14.6142],[80.1948,14.5861],[80.1773,14.4954],[80.1752,14.4462]]]}},{"type":"Feature","properties":{"ac_no":117,"name":"Nellore City","district":"Sri Potti Sriramulu Nellore","reservation":null,"loksabha":"Nellore"},"geometry":{"type":"Polygon","coordinates":[[[79.9966,14.4545],[79.9957,14.4486],[79.9891,14.4484],[79.9882,14.4423],[79.9701,14.4383],[79.9691,14.4272],[79.962,14.4274],[79.9616,14.4352],[79.9671,14.4466],[79.9587,14.4509],[79.9583,14.4557],[79.9755,14.4555],[79.9846,14.4675],[80.0049,14.4636],[80.0053,14.4605],[79.9966,14.4545]]]}},{"type":"Feature","properties":{"ac_no":118,"name":"Nellore Rural","district":"Sri Potti Sriramulu Nellore","reservation":null,"loksabha":"Nellore"},"geometry":{"type":"Polygon","coordinates":[[[79.8248,14.5121],[79.8314,14.5032],[79.8357,14.4878],[79.8453,14.479],[79.8769,14.4813],[79.8967,14.4766],[79.9223,14.4819],[79.9539,14.4693],[79.9568,14.4695],[79.9583,14.4764],[79.9653,14.47],[79.9797,14.4701],[79.9867,14.4785],[79.9849,14.4818],[79.992,14.4818],[80.0024,14.488],[80.0124,14.4868],[80.0119,14.48],[80.0282,14.4804],[80.038,14.4875],[80.0446,14.4997],[80.0558,14.4994],[80.0592,14.4943],[80.0568,14.4845],[80.0511,14.4811],[80.0508,14.4657],[80.0652,14.4663],[80.0655,14.4521],[80.0527,14.4467],[80.0511,14.4413],[80.0368,14.4383],[80.0308,14.427],[80.0406,14.4139],[80.029,14.3956],[80.034,14.3908],[80.0321,14.3797],[80.0517,14.3708],[80.0564,14.3607],[80.0482,14.3571],[80.0469,14.3526],[80.0306,14.3502],[80.0241,14.3269],[80.0139,14.3259],[80.0065,14.3372],[80.0021,14.3371],[80.0008,14.3467],[79.988,14.3607],[79.9896,14.3644],[79.967,14.3634],[79.9679,14.3673],[79.949,14.3719],[79.9512,14.3861],[79.9135,14.3983],[79.913,14.4019],[79.9059,14.3852],[79.9058,14.3694],[79.8985,14.3641],[79.8797,14.3741],[79.8704,14.385],[79.846,14.3822],[79.845,14.3788],[79.8371,14.377],[79.8265,14.3777],[79.8243,14.3961],[79.827,14.4023],[79.8235,14.4085],[79.8119,14.4134],[79.8007,14.4244],[79.7811,14.4185],[79.7795,14.4338],[79.77,14.4423],[79.7732,14.4425],[79.7727,14.4791],[79.778,14.4842],[79.798,14.4796],[79.793,14.4884],[79.795,14.4939],[79.7841,14.5029],[79.783,14.513],[79.7865,14.5292],[79.7922,14.5308],[79.7998,14.5404],[79.81,14.5252],[79.8248,14.5121]],[[79.9966,14.4545],[80.0053,14.4605],[80.0049,14.4636],[79.9846,14.4675],[79.9755,14.4555],[79.9583,14.4557],[79.9587,14.4509],[79.9671,14.4466],[79.9616,14.4352],[79.962,14.4274],[79.9691,14.4272],[79.9701,14.4383],[79.9882,14.4423],[79.9891,14.4484],[79.9957,14.4486],[79.9966,14.4545]]]}},{"type":"Feature","properties":{"ac_no":119,"name":"Sarvepalli","district":"Sri Potti Sriramulu Nellore","reservation":null,"loksabha":"Tirupati"},"geometry":{"type":"Polygon","coordinates":[[[79.7998,14.5404],[79.7922,14.5308],[79.7865,14.5292],[79.783,14.513],[79.7841,14.5029],[79.795,14.4939],[79.793,14.4884],[79.798,14.4796],[79.778,14.4842],[79.7727,14.4791],[79.7732,14.4425],[79.77,14.4423],[79.7795,14.4338],[79.7811,14.4185],[79.8007,14.4244],[79.8119,14.4134],[79.8235,14.4085],[79.827,14.4023],[79.8243,14.3961],[79.8265,14.3777],[79.8371,14.377],[79.845,14.3788],[79.846,14.3822],[79.8704,14.385],[79.8797,14.3741],[79.8985,14.3641],[79.9058,14.3694],[79.9059,14.3852],[79.913,14.4019],[79.9135,14.3983],[79.9512,14.3861],[79.949,14.3719],[79.9679,14.3673],[79.967,14.3634],[79.9896,14.3644],[79.988,14.3607],[80.0008,14.3467],[80.0021,14.3371],[80.0065,14.3372],[80.0139,14.3259],[80.0241,14.3269],[80.0306,14.3502],[80.0469,14.3526],[80.0482,14.3571],[80.0564,14.3607],[80.0517,14.3708],[80.0321,14.3797],[80.034,14.3908],[80.029,14.3956],[80.0406,14.4139],[80.0308,14.427],[80.0368,14.4383],[80.0511,14.4413],[80.0527,14.4467],[80.0655,14.4521],[80.0697,14.4519],[80.0779,14.4601],[80.081,14.4518],[80.0893,14.4478],[80.0947,14.4491],[80.1042,14.4604],[80.1121,14.4567],[80.1251,14.459],[80.1301,14.4567],[80.1415,14.4691],[80.1487,14.4691],[80.1502,14.474],[80.1531,14.4643],[80.1635,14.4604],[80.1632,14.448],[80.1752,14.4462],[80.1686,14.3553],[80.1438,14.2898],[80.1389,14.2584],[80.1238,14.2517],[80.1015,14.2549],[80.0984,14.2524],[80.1011,14.2412],[80.1061,14.2373],[80.1036,14.2346],[80.0977,14.2302],[80.0708,14.2244],[80.0659,14.2093],[80.0609,14.2114],[80.0588,14.2202],[80.0493,14.2073],[80.0474,14.1981],[80.0307,14.2032],[80.0297,14.1971],[80.0364,14.1945],[80.0242,14.1849],[80.0204,14.1862],[80.0203,14.1944],[80.0137,14.1967],[80.0048,14.1914],[80.0039,14.1854],[79.9976,14.1909],[79.9891,14.1816],[79.9896,14.1929],[79.9867,14.1934],[79.9824,14.1854],[79.9763,14.186],[79.9728,14.1755],[79.9757,14.1721],[79.9742,14.1659],[79.9706,14.1668],[79.9681,14.1604],[79.9638,14.161],[79.9537,14.1531],[79.947,14.1619],[79.9417,14.1614],[79.9413,14.1507],[79.9337,14.1425],[79.9128,14.1497],[79.9135,14.1524],[79.9055,14.1543],[79.9022,14.1602],[79.8893,14.1584],[79.856,14.1765],[79.8574,14.1805],[79.848,14.199],[79.8486,14.2094],[79.84,14.2172],[79.8181,14.2264],[79.8186,14.2439],[79.813,14.2505],[79.8177,14.2569],[79.8,14.2667],[79.7952,14.2784],[79.7759,14.2881],[79.778,14.3139],[79.7593,14.3164],[79.7436,14.3275],[79.7405,14.3217],[79.7234,14.3251],[79.7176,14.3099],[79.6795,14.3181],[79.6636,14.3068],[79.6638,14.2997],[79.6559,14.2837],[79.65,14.2845],[79.644,14.2775],[79.6378,14.2798],[79.6343,14.2936],[79.6384,14.307],[79.6486,14.3143],[79.6512,14.327],[79.6471,14.3344],[79.6351,14.3312],[79.6338,14.3569],[79.5901,14.3587],[79.5966,14.369],[79.5969,14.3771],[79.6068,14.389],[79.6093,14.4008],[79.6379,14.3989],[79.6505,14.4047],[79.6534,14.4218],[79.6721,14.443],[79.6744,14.4604],[79.6429,14.463],[79.6447,14.5001],[79.6579,14.498],[79.6658,14.506],[79.6705,14.5061],[79.6753,14.5245],[79.6874,14.5265],[79.6894,14.5406],[79.7033,14.5431],[79.7089,14.5793],[79.7169,14.5877],[79.7363,14.5834],[79.7998,14.5404]]]}},{"type":"Feature","properties":{"ac_no":120,"name":"Gudur","district":"Tirupati","reservation":"SC","loksabha":"Tirupati"},"geometry":{"type":"Polygon","coordinates":[[[80.1389,14.2584],[80.1301,14.2316],[80.1263,14.1736],[80.1357,14.087],[80.1421,14.0751],[80.15,14.0317],[80.1982,13.9176],[80.2209,13.8754],[80.2425,13.8142],[80.2194,13.8251],[80.1937,13.8027],[80.1803,13.813],[80.1515,13.8241],[80.13,13.8176],[80.1069,13.8223],[80.1029,13.8316],[80.0899,13.8376],[80.0864,13.8451],[80.0665,13.8483],[80.0561,13.8462],[80.0554,13.8512],[80.0481,13.8476],[80.0527,13.8526],[80.0492,13.856],[79.9973,13.8622],[79.9888,13.8856],[79.9696,13.8934],[79.9544,13.9148],[79.9481,13.9174],[79.9441,13.9134],[79.9468,13.9236],[79.9403,13.9217],[79.9364,13.9145],[79.9267,13.9315],[79.9348,13.9328],[79.9593,13.957],[79.9744,13.943],[79.984,13.9174],[79.9921,13.9268],[79.9958,13.9602],[79.9816,13.9551],[79.9806,13.9612],[79.9751,13.9594],[79.9672,13.9671],[79.962,13.9662],[79.9565,13.9743],[79.9621,13.9837],[79.9588,13.9968],[79.9608,14.0017],[79.979,14.0039],[79.978,14.015],[79.9838,14.0288],[79.9476,14.0341],[79.9442,14.044],[79.9366,14.0481],[79.9235,14.0485],[79.9025,14.0377],[79.8942,14.0412],[79.8826,14.0379],[79.8587,14.0409],[79.8528,14.0383],[79.842,14.0477],[79.8355,14.0483],[79.8253,14.043],[79.8138,14.0471],[79.8078,14.0386],[79.8076,14.0313],[79.7888,14.0396],[79.7881,14.0474],[79.7837,14.0499],[79.7815,14.0424],[79.7747,14.0365],[79.7804,14.0321],[79.7799,14.026],[79.7622,14.0258],[79.7456,14.0369],[79.7415,14.0477],[79.7416,14.0631],[79.7332,14.0705],[79.7357,14.0794],[79.7426,14.0808],[79.7455,14.0896],[79.7094,14.1099],[79.7221,14.1146],[79.7281,14.1254],[79.7346,14.128],[79.7339,14.1353],[79.7378,14.1363],[79.745,14.1561],[79.7531,14.1669],[79.7613,14.1683],[79.7637,14.1754],[79.7748,14.1792],[79.7784,14.1844],[79.8006,14.1836],[79.8011,14.1887],[79.7938,14.1997],[79.7988,14.2055],[79.7959,14.2112],[79.79,14.2103],[79.7899,14.2181],[79.7745,14.2247],[79.7754,14.233],[79.7886,14.2498],[79.7916,14.26],[79.8,14.2667],[79.8177,14.2569],[79.813,14.2505],[79.8186,14.2439],[79.8181,14.2264],[79.84,14.2172],[79.8486,14.2094],[79.848,14.199],[79.8574,14.1805],[79.856,14.1765],[79.8893,14.1584],[79.9022,14.1602],[79.9055,14.1543],[79.9135,14.1524],[79.9128,14.1497],[79.9337,14.1425],[79.9413,14.1507],[79.9417,14.1614],[79.947,14.1619],[79.9537,14.1531],[79.9638,14.161],[79.9681,14.1604],[79.9706,14.1668],[79.9742,14.1659],[79.9757,14.1721],[79.9728,14.1755],[79.9763,14.186],[79.9824,14.1854],[79.9867,14.1934],[79.9896,14.1929],[79.9891,14.1816],[79.9976,14.1909],[80.0039,14.1854],[80.0048,14.1914],[80.0137,14.1967],[80.0203,14.1944],[80.0204,14.1862],[80.0242,14.1849],[80.0364,14.1945],[80.0297,14.1971],[80.0307,14.2032],[80.0474,14.1981],[80.0493,14.2073],[80.0588,14.2202],[80.0609,14.2114],[80.0659,14.2093],[80.0708,14.2244],[80.0977,14.2302],[80.1036,14.2346],[80.1061,14.2373],[80.1011,14.2412],[80.0984,14.2524],[80.1015,14.2549],[80.1238,14.2517],[80.1389,14.2584]]]}},{"type":"Feature","properties":{"ac_no":121,"name":"Sullurpeta","district":"Tirupati","reservation":"SC","loksabha":"Tirupati"},"geometry":{"type":"Polygon","coordinates":[[[79.7027,13.9789],[79.6996,13.9839],[79.7042,13.994],[79.7108,13.9872],[79.7027,13.9789]]]}},{"type":"Feature","properties":{"ac_no":121,"name":"Sullurpeta","district":"Tirupati","reservation":"SC","loksabha":"Tirupati"},"geometry":{"type":"Polygon","coordinates":[[[79.8076,14.0313],[79.8078,14.0386],[79.8138,14.0471],[79.8253,14.043],[79.8355,14.0483],[79.842,14.0477],[79.8528,14.0383],[79.8587,14.0409],[79.8826,14.0379],[79.8942,14.0412],[79.9025,14.0377],[79.9235,14.0485],[79.9366,14.0481],[79.9442,14.044],[79.9476,14.0341],[79.9838,14.0288],[79.978,14.015],[79.979,14.0039],[79.9608,14.0017],[79.9588,13.9968],[79.9621,13.9837],[79.9565,13.9743],[79.962,13.9662],[79.9672,13.9671],[79.9751,13.9594],[79.9806,13.9612],[79.9816,13.9551],[79.9958,13.9602],[79.9921,13.9268],[79.984,13.9174],[79.9744,13.943],[79.9593,13.957],[79.9348,13.9328],[79.9267,13.9315],[79.9364,13.9145],[79.9403,13.9217],[79.9468,13.9236],[79.9441,13.9134],[79.9481,13.9174],[79.9544,13.9148],[79.9696,13.8934],[79.9888,13.8856],[79.9973,13.8622],[80.0492,13.856],[80.0527,13.8526],[80.0481,13.8476],[80.0554,13.8512],[80.0561,13.8462],[80.0665,13.8483],[80.0864,13.8451],[80.0899,13.8376],[80.1029,13.8316],[80.1069,13.8223],[80.13,13.8176],[80.1515,13.8241],[80.1803,13.813],[80.1937,13.8027],[80.2194,13.8251],[80.2425,13.8142],[80.2499,13.7984],[80.2499,13.77],[80.2373,13.7218],[80.2337,13.6588],[80.2426,13.6168],[80.2687,13.5645],[80.2641,13.5622],[80.2417,13.4726],[80.2098,13.4907],[80.2088,13.4867],[80.1766,13.4915],[80.163,13.4881],[80.1509,13.4905],[80.1495,13.4978],[80.1385,13.5046],[80.1333,13.5014],[80.1127,13.5059],[80.1073,13.4895],[80.1048,13.4945],[80.0984,13.4885],[80.0774,13.4894],[80.078,13.5279],[80.0878,13.5376],[80.0814,13.549],[80.064,13.5458],[80.0574,13.5367],[80.0378,13.5383],[80.0391,13.5551],[80.0511,13.558],[80.0472,13.5728],[80.0403,13.5732],[80.0397,13.5763],[80.0221,13.5759],[80.0234,13.5929],[80.0168,13.5943],[80.0171,13.6043],[80.0118,13.6056],[80.0044,13.6182],[80.0003,13.6426],[79.9911,13.6463],[79.9764,13.6419],[79.9648,13.6497],[79.9639,13.6578],[79.9574,13.6663],[79.9727,13.6834],[79.973,13.6882],[79.9576,13.7005],[79.9575,13.7083],[79.8848,13.7005],[79.8814,13.7046],[79.8703,13.706],[79.8629,13.7187],[79.8668,13.7349],[79.8578,13.7398],[79.8613,13.7556],[79.8509,13.7588],[79.8491,13.7736],[79.8529,13.7799],[79.8482,13.7831],[79.8507,13.7912],[79.8473,13.8024],[79.8429,13.8011],[79.8273,13.7733],[79.8175,13.7751],[79.8118,13.7808],[79.8025,13.7961],[79.7713,13.7968],[79.7446,13.8035],[79.7502,13.8105],[79.742,13.8175],[79.7311,13.8192],[79.7311,13.839],[79.7387,13.858],[79.7415,13.8568],[79.7435,13.8678],[79.7542,13.8646],[79.7564,13.8539],[79.7683,13.8511],[79.7723,13.8531],[79.7761,13.866],[79.7827,13.8663],[79.787,13.8731],[79.7842,13.881],[79.7858,13.9065],[79.7666,13.9186],[79.7667,13.933],[79.7622,13.9433],[79.7539,13.9482],[79.7489,13.9661],[79.7336,13.9694],[79.7356,13.9826],[79.7216,13.989],[79.7358,14.0069],[79.7622,14.0258],[79.7799,14.026],[79.7804,14.0321],[79.7747,14.0365],[79.7815,14.0424],[79.7837,14.0499],[79.7881,14.0474],[79.7888,14.0396],[79.8076,14.0313]]]}},{"type":"Feature","properties":{"ac_no":122,"name":"Venkatagiri","district":"Tirupati","reservation":null,"loksabha":"Tirupati"},"geometry":{"type":"Polygon","coordinates":[[[79.5969,14.3771],[79.5966,14.369],[79.5901,14.3587],[79.6338,14.3569],[79.6351,14.3312],[79.6471,14.3344],[79.6512,14.327],[79.6486,14.3143],[79.6384,14.307],[79.6343,14.2936],[79.6378,14.2798],[79.644,14.2775],[79.65,14.2845],[79.6559,14.2837],[79.6638,14.2997],[79.6636,14.3068],[79.6795,14.3181],[79.7176,14.3099],[79.7234,14.3251],[79.7405,14.3217],[79.7436,14.3275],[79.7593,14.3164],[79.778,14.3139],[79.7759,14.2881],[79.7952,14.2784],[79.8,14.2667],[79.7916,14.26],[79.7886,14.2498],[79.7754,14.233],[79.7745,14.2247],[79.7899,14.2181],[79.79,14.2103],[79.7959,14.2112],[79.7988,14.2055],[79.7938,14.1997],[79.8011,14.1887],[79.8006,14.1836],[79.7784,14.1844],[79.7748,14.1792],[79.7637,14.1754],[79.7613,14.1683],[79.7531,14.1669],[79.745,14.1561],[79.7378,14.1363],[79.7339,14.1353],[79.7346,14.128],[79.7281,14.1254],[79.7221,14.1146],[79.7094,14.1099],[79.7455,14.0896],[79.7426,14.0808],[79.7357,14.0794],[79.7332,14.0705],[79.7416,14.0631],[79.7415,14.0477],[79.7456,14.0369],[79.7622,14.0258],[79.7358,14.0069],[79.7216,13.989],[79.7356,13.9826],[79.7336,13.9694],[79.7489,13.9661],[79.7539,13.9482],[79.7622,13.9433],[79.7667,13.933],[79.7666,13.9186],[79.7858,13.9065],[79.7842,13.881],[79.787,13.8731],[79.7827,13.8663],[79.7761,13.866],[79.7723,13.8531],[79.7683,13.8511],[79.7564,13.8539],[79.7542,13.8646],[79.7435,13.8678],[79.7415,13.8568],[79.7387,13.858],[79.7273,13.8624],[79.7316,13.8906],[79.7293,13.904],[79.694,13.9131],[79.6823,13.9247],[79.6786,13.9232],[79.6705,13.8862],[79.674,13.8726],[79.6682,13.8359],[79.639,13.8447],[79.6272,13.8444],[79.6095,13.8516],[79.6071,13.855],[79.6108,13.8609],[79.6193,13.863],[79.6243,13.8712],[79.6234,13.8821],[79.6114,13.8886],[79.5944,13.888],[79.5964,13.9117],[79.5929,13.9236],[79.5571,13.9159],[79.532,13.9168],[79.4984,13.9115],[79.4787,13.913],[79.4757,13.9005],[79.4555,13.8973],[79.4437,13.8914],[79.4402,13.9033],[79.455,13.923],[79.4587,13.9473],[79.4519,13.9579],[79.4503,13.9727],[79.4557,13.9885],[79.4527,13.994],[79.4432,13.9981],[79.437,14.0251],[79.4435,14.0415],[79.4428,14.0621],[79.4518,14.0763],[79.4503,14.09],[79.4544,14.1018],[79.445,14.1165],[79.4287,14.1817],[79.4291,14.1946],[79.4227,14.2073],[79.4252,14.2225],[79.4357,14.2444],[79.4198,14.2659],[79.4195,14.2779],[79.4224,14.2796],[79.3895,14.3421],[79.3662,14.3526],[79.3675,14.3706],[79.3642,14.38],[79.3592,14.3828],[79.3487,14.4064],[79.3301,14.4273],[79.3267,14.459],[79.3166,14.4783],[79.3054,14.4856],[79.3198,14.4936],[79.3168,14.4965],[79.3364,14.5092],[79.3659,14.5201],[79.4002,14.5418],[79.4377,14.5552],[79.4657,14.5607],[79.4762,14.5334],[79.4878,14.5278],[79.4871,14.5216],[79.4865,14.5187],[79.468,14.5143],[79.4642,14.5085],[79.4676,14.5063],[79.4632,14.4897],[79.4539,14.4813],[79.45,14.4664],[79.4678,14.4717],[79.4761,14.4708],[79.4819,14.4853],[79.4872,14.4875],[79.5033,14.4778],[79.5058,14.4697],[79.501,14.4607],[79.5182,14.4565],[79.5237,14.4716],[79.5393,14.4855],[79.5567,14.4878],[79.5712,14.4829],[79.5725,14.474],[79.5678,14.4677],[79.5694,14.4553],[79.5805,14.4559],[79.584,14.4529],[79.5869,14.4327],[79.5743,14.4116],[79.5762,14.3898],[79.5907,14.378],[79.5969,14.3771]],[[79.7027,13.9789],[79.7108,13.9872],[79.7042,13.994],[79.6996,13.9839],[79.7027,13.9789]]]}},{"type":"Feature","properties":{"ac_no":123,"name":"Udayagiri","district":"Sri Potti Sriramulu Nellore","reservation":null,"loksabha":"Nellore"},"geometry":{"type":"Polygon","coordinates":[[[79.6281,15.0351],[79.6408,15.0375],[79.656,15.0347],[79.6646,15.0384],[79.6718,15.0334],[79.6797,15.0333],[79.7155,15.0533],[79.7186,15.0403],[79.734,15.0312],[79.7435,15.0383],[79.7532,15.0554],[79.7617,15.0543],[79.7644,15.061],[79.7783,15.0671],[79.7968,15.0569],[79.7933,15.0402],[79.7835,15.0339],[79.7811,15.0283],[79.794,15.0211],[79.7896,15.0053],[79.7809,14.9956],[79.7796,14.9825],[79.7901,14.9832],[79.7992,14.9779],[79.8223,14.9749],[79.8321,14.9686],[79.8656,14.9658],[79.8698,14.9468],[79.8773,14.9408],[79.8891,14.944],[79.9127,14.9313],[79.9298,14.9334],[79.9348,14.9388],[79.9557,14.9319],[79.9519,14.9209],[79.9529,14.9077],[79.9456,14.8972],[79.9418,14.8824],[79.9315,14.8842],[79.9299,14.8776],[79.9399,14.8691],[79.9495,14.8683],[79.9446,14.8541],[79.959,14.8535],[79.9681,14.8362],[79.9371,14.8117],[79.9313,14.8121],[79.9249,14.778],[79.9051,14.7748],[79.8787,14.7775],[79.874,14.7564],[79.8559,14.7608],[79.8411,14.7548],[79.8366,14.7278],[79.8203,14.7254],[79.8071,14.718],[79.799,14.7218],[79.7929,14.7184],[79.7849,14.7335],[79.7702,14.7451],[79.7594,14.7444],[79.7555,14.7366],[79.7147,14.7352],[79.7073,14.7401],[79.6943,14.7369],[79.7051,14.748],[79.7317,14.7478],[79.7317,14.7721],[79.7005,14.7744],[79.6882,14.772],[79.6594,14.7937],[79.6504,14.7944],[79.6354,14.8083],[79.6205,14.8123],[79.6169,14.7977],[79.6192,14.783],[79.609,14.7853],[79.6004,14.7821],[79.5998,14.7721],[79.5939,14.7643],[79.5802,14.7656],[79.5739,14.7699],[79.5573,14.7597],[79.5534,14.7365],[79.5489,14.7381],[79.5436,14.7327],[79.538,14.7337],[79.5429,14.7347],[79.5371,14.7401],[79.5446,14.7671],[79.5359,14.7708],[79.5314,14.7807],[79.5194,14.7863],[79.513,14.7627],[79.5019,14.762],[79.4995,14.7481],[79.4932,14.7505],[79.4782,14.744],[79.4746,14.7265],[79.4532,14.7332],[79.4382,14.7334],[79.436,14.7418],[79.423,14.7429],[79.4147,14.7654],[79.4081,14.7677],[79.4061,14.7654],[79.4051,14.7857],[79.3958,14.7883],[79.3809,14.7921],[79.3772,14.7857],[79.3578,14.7791],[79.3608,14.7708],[79.3626,14.7756],[79.3704,14.7725],[79.3629,14.7624],[79.3518,14.7682],[79.3397,14.764],[79.3282,14.7649],[79.3311,14.7685],[79.324,14.8087],[79.3158,14.8085],[79.3121,14.7991],[79.2988,14.8022],[79.2902,14.7999],[79.2841,14.7778],[79.2891,14.7744],[79.2947,14.7614],[79.2738,14.7707],[79.2716,14.7785],[79.2603,14.784],[79.2628,14.7986],[79.258,14.8001],[79.2556,14.7975],[79.2034,14.8041],[79.1884,14.7951],[79.1819,14.7982],[79.1645,14.7918],[79.1508,14.7952],[79.1335,14.8693],[79.1079,14.8975],[79.1115,14.9012],[79.1037,14.9011],[79.0925,14.9355],[79.081,14.9848],[79.0872,15.0056],[79.0839,15.0179],[79.0895,15.0514],[79.0942,15.056],[79.0935,15.068],[79.1006,15.0745],[79.1002,15.0863],[79.1296,15.0884],[79.129,15.1021],[79.1524,15.0994],[79.1608,15.0928],[79.1814,15.0889],[79.2144,15.0871],[79.2477,15.1065],[79.2621,15.1078],[79.2654,15.1064],[79.2656,15.0982],[79.2732,15.1013],[79.2921,15.0995],[79.3091,15.095],[79.3073,15.0887],[79.3146,15.0945],[79.3121,15.0953],[79.3149,15.0957],[79.3148,15.1027],[79.3209,15.1042],[79.3242,15.1118],[79.3287,15.1125],[79.3271,15.1164],[79.3354,15.1179],[79.3383,15.1146],[79.3358,15.1008],[79.3344,15.0981],[79.3284,15.1014],[79.3273,15.0945],[79.3439,15.0863],[79.3512,15.1104],[79.3484,15.1157],[79.3521,15.1177],[79.36,15.1124],[79.3574,15.1025],[79.3678,15.0863],[79.3863,15.0862],[79.3925,15.0924],[79.3909,15.0761],[79.4043,15.0787],[79.4198,15.074],[79.4171,15.06],[79.4225,15.0572],[79.4387,15.056],[79.4503,15.0633],[79.4622,15.0625],[79.4677,15.0682],[79.4761,15.0576],[79.4912,15.055],[79.5017,15.0571],[79.5053,15.0476],[79.5149,15.044],[79.5185,15.0386],[79.5293,15.0381],[79.5433,15.0263],[79.5583,15.0222],[79.5643,15.0439],[79.5794,15.0435],[79.58,15.0367],[79.5855,15.0401],[79.6087,15.041],[79.6205,15.0344],[79.6281,15.0351]]]}},{"type":"Feature","properties":{"ac_no":124,"name":"Badvel","district":"YSR Kadapa","reservation":"SC","loksabha":"Kadapa"},"geometry":{"type":"Polygon","coordinates":[[[79.0821,15.1736],[79.0734,15.165],[79.0723,15.1405],[79.0762,15.1033],[79.0895,15.0514],[79.0839,15.0179],[79.0872,15.0056],[79.081,14.9848],[79.0925,14.9355],[79.1037,14.9011],[79.1115,14.9012],[79.1079,14.8975],[79.1335,14.8693],[79.1508,14.7952],[79.16,14.7834],[79.1687,14.7464],[79.1778,14.7339],[79.1855,14.7133],[79.184,14.6907],[79.1737,14.6845],[79.1793,14.6807],[79.1814,14.6702],[79.179,14.6662],[79.1866,14.6613],[79.1814,14.646],[79.189,14.6186],[79.2,14.6157],[79.2027,14.6063],[79.2097,14.6042],[79.2199,14.5904],[79.2296,14.6041],[79.2419,14.5947],[79.2485,14.5727],[79.2585,14.5573],[79.2677,14.5523],[79.2782,14.5341],[79.2879,14.5022],[79.2927,14.4966],[79.2931,14.4865],[79.302,14.486],[79.2988,14.4828],[79.3021,14.4804],[79.2961,14.4836],[79.2892,14.4792],[79.3,14.4711],[79.2968,14.4703],[79.3003,14.4667],[79.298,14.4616],[79.3105,14.4408],[79.308,14.4327],[79.3105,14.4267],[79.3065,14.4194],[79.3117,14.4102],[79.3076,14.4081],[79.3067,14.4124],[79.3041,14.4058],[79.3024,14.4091],[79.2999,14.4061],[79.3027,14.3923],[79.3084,14.3908],[79.3141,14.3814],[79.3062,14.3605],[79.2782,14.3964],[79.2644,14.3926],[79.2324,14.4142],[79.2425,14.4415],[79.2489,14.4428],[79.2368,14.4435],[79.226,14.4499],[79.2254,14.4555],[79.2188,14.4594],[79.2008,14.4587],[79.1918,14.4651],[79.1715,14.4606],[79.1633,14.4484],[79.1386,14.4532],[79.1288,14.464],[79.1284,14.4739],[79.1244,14.4784],[79.1193,14.4715],[79.0996,14.4955],[79.0953,14.4938],[79.0894,14.5001],[79.0849,14.5139],[79.082,14.5109],[79.0815,14.5158],[79.0791,14.5103],[79.0776,14.5228],[79.072,14.5144],[79.0621,14.5143],[79.065,14.4976],[79.0609,14.5],[79.0624,14.4951],[79.0547,14.497],[79.0603,14.4912],[79.0666,14.4923],[79.0637,14.4892],[79.0723,14.4833],[79.0726,14.4782],[79.0688,14.4775],[79.0716,14.4737],[79.0761,14.4749],[79.0749,14.4803],[79.0771,14.4741],[79.0953,14.4787],[79.0473,14.4518],[79.0263,14.4635],[79.0107,14.4641],[78.9955,14.4749],[78.9446,14.48],[78.9444,14.4835],[78.9403,14.4803],[78.9148,14.5066],[78.8935,14.5138],[78.8779,14.5277],[78.8722,14.5756],[78.8924,14.5905],[78.9057,14.5929],[78.9044,14.6063],[78.9122,14.6259],[78.9133,14.6396],[78.8943,14.6417],[78.887,14.6548],[78.8821,14.6564],[78.8909,14.6677],[78.8922,14.6876],[78.8791,14.6919],[78.9028,14.7001],[78.9145,14.7115],[78.9406,14.7176],[78.9641,14.7148],[78.9803,14.7182],[78.9805,14.7089],[78.9968,14.7166],[78.997,14.7206],[79.0039,14.7175],[79.0202,14.7187],[79.0187,14.7314],[79.0136,14.7396],[79.0191,14.7421],[79.0179,14.7512],[79.0053,14.7567],[79.007,14.764],[78.9885,14.7635],[78.9882,14.7675],[78.982,14.7681],[78.99,14.7893],[78.986,14.7905],[78.9845,14.8098],[78.9899,14.8168],[78.9845,14.8251],[78.9833,14.8482],[78.9748,14.8575],[78.9645,14.8534],[78.9597,14.8567],[78.9565,14.8778],[78.9649,14.8893],[78.9605,14.8949],[78.9569,14.8935],[78.9471,14.911],[78.9473,14.921],[78.9381,14.9343],[78.9169,14.9416],[78.912,14.9235],[78.9034,14.9186],[78.9038,14.9065],[78.873,14.8935],[78.8557,14.8977],[78.8469,14.8801],[78.8472,14.8723],[78.8358,14.8747],[78.8263,14.8913],[78.8246,14.904],[78.8214,14.9067],[78.8143,14.9051],[78.8151,14.9116],[78.8061,14.9182],[78.8,14.9366],[78.7921,14.9426],[78.781,14.9744],[78.7806,14.998],[78.7634,15.0163],[78.7519,15.0383],[78.7614,15.0598],[78.7566,15.0634],[78.7541,15.0768],[78.7594,15.0805],[78.7499,15.1091],[78.7521,15.1309],[78.7491,15.135],[78.7574,15.1855],[78.7778,15.2004],[78.8718,15.1982],[78.9035,15.1919],[78.9061,15.1881],[78.9196,15.1875],[78.9273,15.2288],[78.9374,15.2295],[78.9479,15.2287],[78.9478,15.2038],[78.9547,15.1931],[78.9577,15.1764],[78.9817,15.1651],[78.9918,15.1691],[79.0094,15.1686],[79.0114,15.1755],[79.0171,15.1795],[79.0821,15.1736]]]}},{"type":"Feature","properties":{"ac_no":125,"name":"Rajampet","district":"Annamayya","reservation":null,"loksabha":"Rajampet"},"geometry":{"type":"Polygon","coordinates":[[[78.8779,14.5277],[78.8935,14.5138],[78.9148,14.5066],[78.9403,14.4803],[78.9444,14.4835],[78.9446,14.48],[78.9955,14.4749],[79.0107,14.4641],[79.0263,14.4635],[79.0473,14.4518],[79.0953,14.4787],[79.0771,14.4741],[79.0749,14.4803],[79.0761,14.4749],[79.0716,14.4737],[79.0688,14.4775],[79.0726,14.4782],[79.0723,14.4833],[79.0637,14.4892],[79.0666,14.4923],[79.0603,14.4912],[79.0547,14.497],[79.0624,14.4951],[79.0609,14.5],[79.065,14.4976],[79.0621,14.5143],[79.072,14.5144],[79.0776,14.5228],[79.0791,14.5103],[79.0815,14.5158],[79.082,14.5109],[79.0849,14.5139],[79.0894,14.5001],[79.0953,14.4938],[79.0996,14.4955],[79.1193,14.4715],[79.1244,14.4784],[79.1284,14.4739],[79.1288,14.464],[79.1386,14.4532],[79.1633,14.4484],[79.1715,14.4606],[79.1918,14.4651],[79.2008,14.4587],[79.2188,14.4594],[79.2254,14.4555],[79.226,14.4499],[79.2368,14.4435],[79.2489,14.4428],[79.2425,14.4415],[79.2324,14.4142],[79.2644,14.3926],[79.2782,14.3964],[79.3062,14.3605],[79.2844,14.3417],[79.2732,14.3562],[79.2625,14.3467],[79.2501,14.3543],[79.2404,14.3541],[79.2391,14.3311],[79.2563,14.3307],[79.247,14.3088],[79.2349,14.2989],[79.2343,14.2913],[79.214,14.2813],[79.2123,14.2873],[79.2089,14.2859],[79.1786,14.2614],[79.2028,14.2409],[79.2003,14.231],[79.2119,14.2095],[79.2234,14.1981],[79.2295,14.1971],[79.2329,14.2004],[79.2439,14.1867],[79.2518,14.1826],[79.2526,14.1683],[79.2459,14.1564],[79.2405,14.1559],[79.2367,14.1628],[79.2329,14.1628],[79.2302,14.1741],[79.2184,14.1747],[79.2137,14.1796],[79.2105,14.1768],[79.2031,14.1785],[79.2022,14.1676],[79.1886,14.1671],[79.1868,14.1634],[79.1909,14.1587],[79.1794,14.1569],[79.1803,14.1591],[79.1748,14.1601],[79.1757,14.1522],[79.1884,14.1371],[79.1866,14.1315],[79.1755,14.1279],[79.1786,14.1168],[79.1688,14.1182],[79.1667,14.1132],[79.1526,14.1188],[79.1599,14.1256],[79.1485,14.1293],[79.1437,14.1414],[79.1339,14.1394],[79.1285,14.1342],[79.1192,14.1343],[79.1119,14.1489],[79.0938,14.1532],[79.0824,14.1486],[79.0761,14.1593],[79.0488,14.1421],[79.0466,14.1551],[79.0545,14.1614],[79.0498,14.1641],[79.0524,14.1703],[79.0468,14.1964],[79.0341,14.1945],[79.0319,14.1755],[79.0206,14.1755],[79.0251,14.1691],[79.0231,14.1516],[79.0322,14.141],[79.0372,14.1237],[79.0283,14.1217],[79.0238,14.128],[79.0209,14.1272],[79.0219,14.1226],[79.0316,14.1147],[79.0374,14.1032],[79.0487,14.0994],[79.0477,14.0843],[79.0442,14.0841],[79.0406,14.0914],[79.0365,14.0911],[79.0236,14.0797],[79.02,14.0712],[79.0065,14.0731],[79.016,14.0649],[79.0088,14.0472],[79.0131,14.0217],[79.0194,14.0185],[79.0197,14.0143],[79.0315,14.0164],[79.0373,14.0089],[79.0231,14.0076],[79.0379,13.9709],[79.0353,13.962],[79.0506,13.9406],[79.06,13.9388],[79.061,13.9315],[79.0686,13.9303],[79.0868,13.9374],[79.0978,13.9373],[79.1122,13.9119],[79.1372,13.8839],[79.1484,13.8656],[79.1263,13.8496],[79.0964,13.85],[79.0964,13.8559],[79.0828,13.8788],[79.0293,13.8891],[79.0209,13.9033],[79.0082,13.9076],[78.9895,13.9117],[78.9838,13.8918],[78.955,13.8849],[78.9417,13.8848],[78.9371,13.8889],[78.9358,13.8971],[78.9187,13.897],[78.9177,13.8888],[78.9092,13.8923],[78.9095,13.8952],[78.8938,13.8985],[78.8699,13.8978],[78.8754,13.9098],[78.8623,13.9315],[78.8612,13.9486],[78.8462,13.9966],[78.8569,14.0185],[78.8861,14.0388],[78.8669,14.0434],[78.8518,14.0315],[78.8485,14.0207],[78.8398,14.0158],[78.8376,14.0304],[78.8433,14.0336],[78.834,14.0375],[78.8379,14.0492],[78.8365,14.0622],[78.8252,14.061],[78.8052,14.0655],[78.7963,14.0712],[78.7965,14.0912],[78.79,14.0995],[78.7929,14.1384],[78.799,14.1471],[78.807,14.1494],[78.8152,14.1782],[78.82,14.1779],[78.8235,14.1844],[78.8289,14.2041],[78.7655,14.2345],[78.7638,14.2521],[78.7547,14.2735],[78.7471,14.2819],[78.7568,14.2917],[78.7667,14.2924],[78.7733,14.2976],[78.761,14.301],[78.7635,14.3099],[78.7628,14.3146],[78.7695,14.3165],[78.8018,14.3011],[78.814,14.2911],[78.8273,14.292],[78.8385,14.2982],[78.8716,14.2977],[78.872,14.308],[78.8801,14.3231],[78.9022,14.3219],[78.8996,14.3387],[78.9092,14.3584],[78.8925,14.4013],[78.8938,14.4438],[78.8684,14.4819],[78.8649,14.4956],[78.8649,14.5344],[78.8779,14.5277]]]}},{"type":"Feature","properties":{"ac_no":126,"name":"Kadapa","district":"YSR Kadapa","reservation":null,"loksabha":"Kadapa"},"geometry":{"type":"Polygon","coordinates":[[[78.8649,14.5344],[78.8649,14.4956],[78.8684,14.4819],[78.8938,14.4438],[78.8925,14.4013],[78.8599,14.4233],[78.8451,14.4511],[78.8342,14.4518],[78.8299,14.4577],[78.8314,14.478],[78.8209,14.4775],[78.8207,14.4589],[78.8174,14.4562],[78.8119,14.4584],[78.8067,14.4466],[78.7913,14.4579],[78.7944,14.4693],[78.7767,14.477],[78.7877,14.4897],[78.7901,14.5042],[78.7858,14.5045],[78.7886,14.5127],[78.7979,14.5128],[78.8053,14.5234],[78.8209,14.5141],[78.8271,14.5299],[78.8374,14.534],[78.8384,14.5391],[78.8395,14.5347],[78.8456,14.5359],[78.8468,14.5416],[78.8649,14.5344]]]}},{"type":"Feature","properties":{"ac_no":127,"name":"Kodur","district":"Annamayya","reservation":"SC","loksabha":"Rajampet"},"geometry":{"type":"Polygon","coordinates":[[[79.3054,14.4856],[79.3166,14.4783],[79.3267,14.459],[79.3301,14.4273],[79.3487,14.4064],[79.3592,14.3828],[79.3642,14.38],[79.3675,14.3706],[79.3662,14.3526],[79.3895,14.3421],[79.4224,14.2796],[79.4195,14.2779],[79.4198,14.2659],[79.4357,14.2444],[79.4252,14.2225],[79.4227,14.2073],[79.4291,14.1946],[79.4287,14.1817],[79.445,14.1165],[79.4544,14.1018],[79.4503,14.09],[79.4518,14.0763],[79.4428,14.0621],[79.4435,14.0415],[79.437,14.0251],[79.4432,13.9981],[79.4527,13.994],[79.4557,13.9885],[79.4503,13.9727],[79.4519,13.9579],[79.4587,13.9473],[79.455,13.923],[79.4402,13.9033],[79.4437,13.8914],[79.4341,13.8766],[79.4377,13.8571],[79.4552,13.8245],[79.458,13.7993],[79.471,13.797],[79.4485,13.7799],[79.439,13.7791],[79.42,13.7851],[79.4154,13.778],[79.4194,13.7773],[79.4178,13.7668],[79.4133,13.7626],[79.3722,13.7553],[79.3055,13.723],[79.2924,13.7586],[79.2606,13.7598],[79.2413,13.7599],[79.241,13.7505],[79.2238,13.7573],[79.2178,13.7724],[79.201,13.7818],[79.1911,13.793],[79.1943,13.8032],[79.2029,13.8092],[79.2111,13.806],[79.2157,13.8121],[79.1832,13.8333],[79.1716,13.8472],[79.1571,13.8533],[79.1484,13.8656],[79.1372,13.8839],[79.1122,13.9119],[79.0978,13.9373],[79.0868,13.9374],[79.0686,13.9303],[79.061,13.9315],[79.06,13.9388],[79.0506,13.9406],[79.0353,13.962],[79.0379,13.9709],[79.0231,14.0076],[79.0373,14.0089],[79.0315,14.0164],[79.0197,14.0143],[79.0194,14.0185],[79.0131,14.0217],[79.0088,14.0472],[79.016,14.0649],[79.0065,14.0731],[79.02,14.0712],[79.0236,14.0797],[79.0365,14.0911],[79.0406,14.0914],[79.0442,14.0841],[79.0477,14.0843],[79.0487,14.0994],[79.0374,14.1032],[79.0316,14.1147],[79.0219,14.1226],[79.0209,14.1272],[79.0238,14.128],[79.0283,14.1217],[79.0372,14.1237],[79.0322,14.141],[79.0231,14.1516],[79.0251,14.1691],[79.0206,14.1755],[79.0319,14.1755],[79.0341,14.1945],[79.0468,14.1964],[79.0524,14.1703],[79.0498,14.1641],[79.0545,14.1614],[79.0466,14.1551],[79.0488,14.1421],[79.0761,14.1593],[79.0824,14.1486],[79.0938,14.1532],[79.1119,14.1489],[79.1192,14.1343],[79.1285,14.1342],[79.1339,14.1394],[79.1437,14.1414],[79.1485,14.1293],[79.1599,14.1256],[79.1526,14.1188],[79.1667,14.1132],[79.1688,14.1182],[79.1786,14.1168],[79.1755,14.1279],[79.1866,14.1315],[79.1884,14.1371],[79.1757,14.1522],[79.1748,14.1601],[79.1803,14.1591],[79.1794,14.1569],[79.1909,14.1587],[79.1868,14.1634],[79.1886,14.1671],[79.2022,14.1676],[79.2031,14.1785],[79.2105,14.1768],[79.2137,14.1796],[79.2184,14.1747],[79.2302,14.1741],[79.2329,14.1628],[79.2367,14.1628],[79.2405,14.1559],[79.2459,14.1564],[79.2526,14.1683],[79.2518,14.1826],[79.2439,14.1867],[79.2329,14.2004],[79.2295,14.1971],[79.2234,14.1981],[79.2119,14.2095],[79.2003,14.231],[79.2028,14.2409],[79.1786,14.2614],[79.2089,14.2859],[79.2123,14.2873],[79.214,14.2813],[79.2343,14.2913],[79.2349,14.2989],[79.247,14.3088],[79.2563,14.3307],[79.2391,14.3311],[79.2404,14.3541],[79.2501,14.3543],[79.2625,14.3467],[79.2732,14.3562],[79.2844,14.3417],[79.3062,14.3605],[79.3141,14.3814],[79.3084,14.3908],[79.3027,14.3923],[79.2999,14.4061],[79.3024,14.4091],[79.3041,14.4058],[79.3067,14.4124],[79.3076,14.4081],[79.3117,14.4102],[79.3065,14.4194],[79.3105,14.4267],[79.308,14.4327],[79.3105,14.4408],[79.298,14.4616],[79.3003,14.4667],[79.2968,14.4703],[79.3,14.4711],[79.2892,14.4792],[79.2961,14.4836],[79.3021,14.4804],[79.2988,14.4828],[79.302,14.486],[79.3054,14.4856]]]}},{"type":"Feature","properties":{"ac_no":128,"name":"Rayachoti","district":"Annamayya","reservation":null,"loksabha":"Rajampet"},"geometry":{"type":"Polygon","coordinates":[[[78.7635,14.3099],[78.761,14.301],[78.7733,14.2976],[78.7667,14.2924],[78.7568,14.2917],[78.7471,14.2819],[78.7547,14.2735],[78.7638,14.2521],[78.7655,14.2345],[78.8289,14.2041],[78.8235,14.1844],[78.82,14.1779],[78.8152,14.1782],[78.807,14.1494],[78.799,14.1471],[78.7929,14.1384],[78.79,14.0995],[78.7965,14.0912],[78.7963,14.0712],[78.8052,14.0655],[78.8252,14.061],[78.8365,14.0622],[78.8379,14.0492],[78.834,14.0375],[78.8433,14.0336],[78.8376,14.0304],[78.8398,14.0158],[78.8485,14.0207],[78.8518,14.0315],[78.8669,14.0434],[78.8861,14.0388],[78.8569,14.0185],[78.8462,13.9966],[78.8612,13.9486],[78.8623,13.9315],[78.8754,13.9098],[78.8699,13.8978],[78.8594,13.8863],[78.8389,13.8869],[78.8219,13.8819],[78.7981,13.8806],[78.7805,13.8643],[78.7886,13.8538],[78.7831,13.8426],[78.7857,13.8362],[78.7838,13.8294],[78.7714,13.8271],[78.7591,13.8347],[78.7512,13.848],[78.7462,13.8711],[78.7406,13.8701],[78.7294,13.8854],[78.7126,13.8887],[78.7063,13.8855],[78.709,13.8769],[78.6983,13.8709],[78.6429,13.8677],[78.6396,13.8729],[78.6438,13.8792],[78.6441,13.8918],[78.6543,13.8974],[78.6555,13.907],[78.6589,13.9083],[78.6501,13.9087],[78.6384,13.9015],[78.636,13.908],[78.621,13.907],[78.6153,13.9129],[78.5876,13.9112],[78.5916,13.9391],[78.5996,13.9602],[78.5875,13.9587],[78.5724,13.9634],[78.5807,13.9729],[78.5854,13.9855],[78.571,13.9846],[78.5649,13.9904],[78.545,13.9913],[78.5401,13.9817],[78.5332,13.982],[78.5213,13.9731],[78.5193,13.9665],[78.5045,13.9592],[78.5018,13.947],[78.4938,13.9379],[78.469,13.9587],[78.47,13.9745],[78.4764,13.9842],[78.4665,13.9949],[78.4701,14.0077],[78.459,14.0086],[78.4409,14.019],[78.4403,14.0437],[78.4493,14.0528],[78.4464,14.0576],[78.4476,14.0711],[78.4429,14.0811],[78.4447,14.0849],[78.4546,14.0848],[78.4617,14.1072],[78.4435,14.1385],[78.4614,14.1483],[78.4791,14.1641],[78.4933,14.1659],[78.4983,14.1704],[78.5251,14.1693],[78.5289,14.1533],[78.5482,14.1553],[78.5649,14.1363],[78.5472,14.1329],[78.5437,14.1258],[78.5457,14.1224],[78.5514,14.1229],[78.5496,14.1171],[78.5585,14.1197],[78.5597,14.115],[78.5681,14.1152],[78.5768,14.1259],[78.5762,14.1309],[78.5815,14.1333],[78.563,14.1435],[78.5651,14.1517],[78.5751,14.1598],[78.5715,14.1652],[78.5648,14.1601],[78.5652,14.1745],[78.572,14.1764],[78.5755,14.1829],[78.5786,14.1775],[78.5876,14.1775],[78.5907,14.1903],[78.5975,14.1913],[78.6064,14.2018],[78.6268,14.2111],[78.6154,14.235],[78.5989,14.2492],[78.5934,14.2732],[78.6008,14.2768],[78.6021,14.2825],[78.6078,14.2833],[78.6099,14.279],[78.6196,14.2827],[78.6423,14.2714],[78.6498,14.2739],[78.6597,14.2655],[78.652,14.2501],[78.6738,14.2471],[78.6815,14.264],[78.6669,14.2784],[78.6659,14.2964],[78.6838,14.2991],[78.7024,14.2948],[78.7337,14.2936],[78.7486,14.2998],[78.7444,14.3097],[78.7498,14.306],[78.7635,14.3099]]]}},{"type":"Feature","properties":{"ac_no":129,"name":"Pulivendla","district":"YSR Kadapa","reservation":null,"loksabha":"Kadapa"},"geometry":{"type":"Polygon","coordinates":[[[78.3917,14.5505],[78.3924,14.5201],[78.3986,14.5136],[78.3861,14.4905],[78.3862,14.4787],[78.3826,14.4799],[78.383,14.477],[78.3905,14.4741],[78.3914,14.4692],[78.4046,14.4668],[78.4053,14.4618],[78.4094,14.4623],[78.4138,14.4735],[78.4107,14.4755],[78.4153,14.4782],[78.4197,14.4793],[78.4225,14.4746],[78.4301,14.4734],[78.4261,14.4593],[78.432,14.4526],[78.422,14.4497],[78.4286,14.4466],[78.4211,14.4333],[78.4376,14.421],[78.437,14.4176],[78.4691,14.3772],[78.4959,14.3878],[78.499,14.3719],[78.5188,14.3502],[78.4977,14.3477],[78.5243,14.3415],[78.5091,14.3368],[78.5075,14.3301],[78.5307,14.3303],[78.5262,14.3374],[78.5289,14.341],[78.5591,14.3404],[78.5591,14.3335],[78.548,14.3338],[78.5304,14.3278],[78.4864,14.3273],[78.5111,14.2921],[78.5206,14.2633],[78.5309,14.2641],[78.5322,14.2691],[78.5383,14.2677],[78.5425,14.2611],[78.5629,14.2601],[78.5795,14.2665],[78.5778,14.2709],[78.5852,14.2657],[78.5934,14.2732],[78.5989,14.2492],[78.6154,14.235],[78.6268,14.2111],[78.6064,14.2018],[78.5975,14.1913],[78.5907,14.1903],[78.5876,14.1775],[78.5786,14.1775],[78.5755,14.1829],[78.572,14.1764],[78.5652,14.1745],[78.5648,14.1601],[78.5715,14.1652],[78.5751,14.1598],[78.5651,14.1517],[78.563,14.1435],[78.5815,14.1333],[78.5762,14.1309],[78.5768,14.1259],[78.5681,14.1152],[78.5597,14.115],[78.5585,14.1197],[78.5496,14.1171],[78.5514,14.1229],[78.5457,14.1224],[78.5437,14.1258],[78.5472,14.1329],[78.5649,14.1363],[78.5482,14.1553],[78.5289,14.1533],[78.5251,14.1693],[78.4983,14.1704],[78.4933,14.1659],[78.4791,14.1641],[78.4614,14.1483],[78.4435,14.1385],[78.4391,14.1347],[78.4384,14.1376],[78.4253,14.1414],[78.4203,14.1564],[78.4203,14.1708],[78.4304,14.184],[78.4297,14.1969],[78.4136,14.1971],[78.406,14.2018],[78.4084,14.2275],[78.424,14.2743],[78.4208,14.2839],[78.4166,14.2785],[78.3952,14.2776],[78.3644,14.2876],[78.3574,14.2936],[78.3387,14.2891],[78.3217,14.2942],[78.3055,14.291],[78.2948,14.294],[78.2853,14.2924],[78.2774,14.3054],[78.2538,14.3052],[78.2201,14.3229],[78.2182,14.3287],[78.1985,14.3386],[78.1888,14.3502],[78.171,14.3548],[78.1378,14.3787],[78.1075,14.393],[78.0861,14.4155],[78.0852,14.4219],[78.0644,14.4347],[78.0008,14.4895],[77.9984,14.4995],[77.9729,14.5318],[77.9772,14.5378],[77.9614,14.5603],[77.9521,14.5626],[77.9441,14.5704],[77.9547,14.5804],[77.9624,14.5823],[77.9658,14.5887],[77.9701,14.575],[77.9823,14.5672],[77.9851,14.555],[77.9829,14.5461],[77.9873,14.5406],[78.0144,14.5384],[78.0334,14.5311],[78.0407,14.5341],[78.0444,14.5472],[78.0388,14.5564],[78.0395,14.5672],[78.0648,14.573],[78.0746,14.5891],[78.0884,14.6313],[78.1137,14.6289],[78.1127,14.6262],[78.1222,14.6244],[78.1243,14.6306],[78.1197,14.6349],[78.1299,14.6498],[78.132,14.6708],[78.1501,14.6673],[78.1609,14.6992],[78.1737,14.7028],[78.1757,14.7139],[78.1706,14.7276],[78.1945,14.7309],[78.2082,14.7275],[78.2248,14.7106],[78.2286,14.6965],[78.2376,14.6917],[78.2667,14.6882],[78.2718,14.6842],[78.2733,14.663],[78.3035,14.6407],[78.3089,14.6385],[78.3191,14.6422],[78.3269,14.638],[78.3483,14.618],[78.35,14.5849],[78.3429,14.5772],[78.3566,14.565],[78.3693,14.5659],[78.3849,14.5593],[78.3917,14.5505]]]}},{"type":"Feature","properties":{"ac_no":130,"name":"Kamalapuram","district":"YSR Kadapa","reservation":null,"loksabha":"Kadapa"},"geometry":{"type":"Polygon","coordinates":[[[78.62,14.6671],[78.6403,14.6571],[78.6604,14.641],[78.6711,14.6385],[78.6736,14.6412],[78.685,14.6356],[78.6893,14.611],[78.6935,14.6052],[78.7046,14.6013],[78.7278,14.6038],[78.7414,14.6363],[78.761,14.6316],[78.756,14.621],[78.7569,14.6113],[78.7672,14.6026],[78.7641,14.584],[78.7721,14.5789],[78.7866,14.579],[78.7965,14.5725],[78.8074,14.5857],[78.8091,14.5943],[78.8233,14.6004],[78.857,14.5977],[78.8656,14.5999],[78.8728,14.6065],[78.9044,14.6063],[78.9057,14.5929],[78.8924,14.5905],[78.8722,14.5756],[78.8779,14.5277],[78.8649,14.5344],[78.8468,14.5416],[78.8456,14.5359],[78.8395,14.5347],[78.8384,14.5391],[78.8374,14.534],[78.8271,14.5299],[78.8209,14.5141],[78.8053,14.5234],[78.7979,14.5128],[78.7886,14.5127],[78.7858,14.5045],[78.7901,14.5042],[78.7877,14.4897],[78.7767,14.477],[78.7944,14.4693],[78.7913,14.4579],[78.8067,14.4466],[78.8119,14.4584],[78.8174,14.4562],[78.8207,14.4589],[78.8209,14.4775],[78.8314,14.478],[78.8299,14.4577],[78.8342,14.4518],[78.8451,14.4511],[78.8599,14.4233],[78.8925,14.4013],[78.9092,14.3584],[78.8996,14.3387],[78.9022,14.3219],[78.8801,14.3231],[78.872,14.308],[78.8716,14.2977],[78.8385,14.2982],[78.8273,14.292],[78.814,14.2911],[78.8018,14.3011],[78.7695,14.3165],[78.7628,14.3146],[78.7635,14.3099],[78.7498,14.306],[78.7444,14.3097],[78.7486,14.2998],[78.7337,14.2936],[78.7024,14.2948],[78.6838,14.2991],[78.6659,14.2964],[78.6669,14.2784],[78.6815,14.264],[78.6738,14.2471],[78.652,14.2501],[78.6597,14.2655],[78.6498,14.2739],[78.6423,14.2714],[78.6196,14.2827],[78.6099,14.279],[78.6078,14.2833],[78.6021,14.2825],[78.6008,14.2768],[78.5934,14.2732],[78.5852,14.2657],[78.5778,14.2709],[78.5795,14.2665],[78.5629,14.2601],[78.5425,14.2611],[78.5383,14.2677],[78.5322,14.2691],[78.5309,14.2641],[78.5206,14.2633],[78.5111,14.2921],[78.4864,14.3273],[78.5304,14.3278],[78.548,14.3338],[78.5591,14.3335],[78.5591,14.3404],[78.5289,14.341],[78.5262,14.3374],[78.5307,14.3303],[78.5075,14.3301],[78.5091,14.3368],[78.5243,14.3415],[78.4977,14.3477],[78.5188,14.3502],[78.499,14.3719],[78.4959,14.3878],[78.4691,14.3772],[78.437,14.4176],[78.4376,14.421],[78.4211,14.4333],[78.4286,14.4466],[78.422,14.4497],[78.432,14.4526],[78.4261,14.4593],[78.4301,14.4734],[78.4225,14.4746],[78.4197,14.4793],[78.4153,14.4782],[78.4107,14.4755],[78.4138,14.4735],[78.4094,14.4623],[78.4053,14.4618],[78.4046,14.4668],[78.3914,14.4692],[78.3905,14.4741],[78.383,14.477],[78.3826,14.4799],[78.3862,14.4787],[78.3861,14.4905],[78.3986,14.5136],[78.3924,14.5201],[78.3917,14.5505],[78.4022,14.5523],[78.4065,14.5607],[78.418,14.5658],[78.4185,14.5783],[78.4225,14.5795],[78.4267,14.5949],[78.4312,14.5975],[78.433,14.5944],[78.4557,14.5931],[78.4574,14.5971],[78.4626,14.5967],[78.4658,14.606],[78.4725,14.6115],[78.4861,14.6119],[78.4941,14.6076],[78.4971,14.5961],[78.5011,14.5962],[78.515,14.5805],[78.5127,14.5728],[78.5172,14.5699],[78.5159,14.5634],[78.5207,14.5622],[78.528,14.5689],[78.5525,14.557],[78.563,14.5698],[78.5585,14.5735],[78.5487,14.5735],[78.5461,14.5818],[78.5537,14.5856],[78.5437,14.5891],[78.5538,14.5951],[78.5643,14.5709],[78.5717,14.5898],[78.5828,14.5925],[78.5882,14.6119],[78.5859,14.625],[78.5576,14.6286],[78.5598,14.6427],[78.5668,14.6532],[78.5895,14.6624],[78.5967,14.6746],[78.62,14.6671]]]}},{"type":"Feature","properties":{"ac_no":131,"name":"Jammalamadugu","district":"YSR Kadapa","reservation":null,"loksabha":"Kadapa"},"geometry":{"type":"Polygon","coordinates":[[[78.3694,15.0271],[78.3692,15.0266],[78.3534,15.032],[78.3428,15.0029],[78.3589,14.9876],[78.3923,14.9696],[78.4099,14.9744],[78.4162,15.0226],[78.4179,15.032],[78.4365,15.0336],[78.4376,15.0382],[78.4388,15.035],[78.4569,15.0321],[78.4616,15.0346],[78.4618,15.0405],[78.467,15.0383],[78.468,15.0414],[78.4747,15.0368],[78.4812,15.0449],[78.4852,15.0381],[78.4886,15.0441],[78.4875,15.0517],[78.4814,15.0521],[78.4785,15.0628],[78.474,15.0643],[78.4816,15.0651],[78.4815,15.0721],[78.5053,15.0707],[78.5157,15.0612],[78.5123,15.0411],[78.5155,15.0142],[78.5088,15.0048],[78.5159,15.0025],[78.5166,14.9982],[78.505,14.9565],[78.4986,14.957],[78.4828,14.9218],[78.4778,14.9043],[78.4856,14.9022],[78.5034,14.9],[78.5008,14.88],[78.4935,14.836],[78.4833,14.8368],[78.4619,14.7754],[78.464,14.7681],[78.483,14.7565],[78.5233,14.7426],[78.5119,14.7179],[78.522,14.7178],[78.528,14.7122],[78.541,14.7142],[78.5502,14.729],[78.5631,14.7179],[78.5585,14.7124],[78.5789,14.6861],[78.5967,14.6746],[78.5895,14.6624],[78.5668,14.6532],[78.5598,14.6427],[78.5576,14.6286],[78.5859,14.625],[78.5882,14.6119],[78.5828,14.5925],[78.5717,14.5898],[78.5643,14.5709],[78.5538,14.5951],[78.5437,14.5891],[78.5537,14.5856],[78.5461,14.5818],[78.5487,14.5735],[78.5585,14.5735],[78.563,14.5698],[78.5525,14.557],[78.528,14.5689],[78.5207,14.5622],[78.5159,14.5634],[78.5172,14.5699],[78.5127,14.5728],[78.515,14.5805],[78.5011,14.5962],[78.4971,14.5961],[78.4941,14.6076],[78.4861,14.6119],[78.4725,14.6115],[78.4658,14.606],[78.4626,14.5967],[78.4574,14.5971],[78.4557,14.5931],[78.433,14.5944],[78.4312,14.5975],[78.4267,14.5949],[78.4225,14.5795],[78.4185,14.5783],[78.418,14.5658],[78.4065,14.5607],[78.4022,14.5523],[78.3917,14.5505],[78.3849,14.5593],[78.3693,14.5659],[78.3566,14.565],[78.3429,14.5772],[78.35,14.5849],[78.3483,14.618],[78.3269,14.638],[78.3191,14.6422],[78.3089,14.6385],[78.3035,14.6407],[78.2733,14.663],[78.2718,14.6842],[78.2667,14.6882],[78.2376,14.6917],[78.2286,14.6965],[78.2248,14.7106],[78.2082,14.7275],[78.1945,14.7309],[78.1706,14.7276],[78.1757,14.7139],[78.1737,14.7028],[78.1609,14.6992],[78.1501,14.6673],[78.132,14.6708],[78.135,14.6962],[78.1196,14.6979],[78.1169,14.6923],[78.1099,14.6931],[78.1099,14.7022],[78.0968,14.7017],[78.0982,14.7082],[78.0944,14.7141],[78.0779,14.7188],[78.067,14.7162],[78.0637,14.7192],[78.0779,14.7458],[78.0765,14.7531],[78.0464,14.7728],[78.0658,14.7978],[78.0756,14.8169],[78.0768,14.8279],[78.0805,14.8267],[78.1014,14.8177],[78.1139,14.8514],[78.0895,14.8583],[78.0947,14.8852],[78.1125,14.931],[78.1239,14.9376],[78.1267,14.9339],[78.1312,14.9349],[78.1375,14.9487],[78.1513,14.9493],[78.1532,14.9599],[78.1657,14.9645],[78.1804,14.9649],[78.2097,14.953],[78.2205,14.956],[78.2246,14.9782],[78.2361,15.005],[78.2438,15.0006],[78.2605,15.0275],[78.2841,15.0319],[78.2753,15.0598],[78.2891,15.0736],[78.3011,15.0747],[78.3125,15.0699],[78.3251,15.0735],[78.3547,15.0631],[78.3532,15.0555],[78.3642,15.0533],[78.3705,15.0729],[78.3822,15.0696],[78.3781,15.0577],[78.3996,15.0499],[78.3855,15.0408],[78.3776,15.0398],[78.3694,15.0271]]]}},{"type":"Feature","properties":{"ac_no":132,"name":"Proddatur","district":"YSR Kadapa","reservation":null,"loksabha":"Kadapa"},"geometry":{"type":"Polygon","coordinates":[[[78.5918,14.9408],[78.6013,14.9363],[78.6107,14.9214],[78.6073,14.9156],[78.6119,14.9142],[78.6188,14.9039],[78.6184,14.8974],[78.6248,14.8981],[78.6276,14.8914],[78.6264,14.8611],[78.6203,14.856],[78.6202,14.8483],[78.6351,14.8443],[78.6323,14.8329],[78.6374,14.8298],[78.6536,14.8256],[78.6656,14.827],[78.6675,14.8221],[78.667,14.8178],[78.6623,14.8175],[78.6284,14.8268],[78.6022,14.8261],[78.6023,14.8168],[78.6065,14.814],[78.6231,14.815],[78.6237,14.8013],[78.6277,14.8002],[78.6283,14.7948],[78.6164,14.7827],[78.6181,14.7768],[78.6026,14.7709],[78.5979,14.7634],[78.5982,14.7494],[78.605,14.7461],[78.6234,14.7602],[78.6264,14.7575],[78.6319,14.7595],[78.6466,14.7416],[78.6218,14.7431],[78.6159,14.7138],[78.621,14.7137],[78.6264,14.7065],[78.6423,14.7032],[78.6367,14.7008],[78.6371,14.6958],[78.6344,14.6989],[78.6344,14.6863],[78.6283,14.6869],[78.62,14.6671],[78.5967,14.6746],[78.5789,14.6861],[78.5585,14.7124],[78.5631,14.7179],[78.5502,14.729],[78.541,14.7142],[78.528,14.7122],[78.522,14.7178],[78.5119,14.7179],[78.5233,14.7426],[78.483,14.7565],[78.464,14.7681],[78.4619,14.7754],[78.4833,14.8368],[78.4935,14.836],[78.5008,14.88],[78.5034,14.9],[78.4856,14.9022],[78.4986,14.9241],[78.5197,14.9447],[78.5167,14.9477],[78.5196,14.9553],[78.523,14.9536],[78.5282,14.9617],[78.5372,14.9624],[78.5402,14.9664],[78.5514,14.9628],[78.5468,14.9342],[78.5629,14.9325],[78.5826,14.9474],[78.5918,14.9408]]]}},{"type":"Feature","properties":{"ac_no":133,"name":"Mydukur","district":"YSR Kadapa","reservation":null,"loksabha":"Kadapa"},"geometry":{"type":"Polygon","coordinates":[[[78.9044,14.6063],[78.8728,14.6065],[78.8656,14.5999],[78.857,14.5977],[78.8233,14.6004],[78.8091,14.5943],[78.8074,14.5857],[78.7965,14.5725],[78.7866,14.579],[78.7721,14.5789],[78.7641,14.584],[78.7672,14.6026],[78.7569,14.6113],[78.756,14.621],[78.761,14.6316],[78.7414,14.6363],[78.7278,14.6038],[78.7046,14.6013],[78.6935,14.6052],[78.6893,14.611],[78.685,14.6356],[78.6736,14.6412],[78.6711,14.6385],[78.6604,14.641],[78.6403,14.6571],[78.62,14.6671],[78.6283,14.6869],[78.6344,14.6863],[78.6344,14.6989],[78.6371,14.6958],[78.6367,14.7008],[78.6423,14.7032],[78.6264,14.7065],[78.621,14.7137],[78.6159,14.7138],[78.6218,14.7431],[78.6466,14.7416],[78.6319,14.7595],[78.6264,14.7575],[78.6234,14.7602],[78.605,14.7461],[78.5982,14.7494],[78.5979,14.7634],[78.6026,14.7709],[78.6181,14.7768],[78.6164,14.7827],[78.6283,14.7948],[78.6277,14.8002],[78.6237,14.8013],[78.6231,14.815],[78.6065,14.814],[78.6023,14.8168],[78.6022,14.8261],[78.6284,14.8268],[78.6623,14.8175],[78.667,14.8178],[78.6675,14.8221],[78.6656,14.827],[78.6536,14.8256],[78.6374,14.8298],[78.6323,14.8329],[78.6351,14.8443],[78.6202,14.8483],[78.6203,14.856],[78.6264,14.8611],[78.6276,14.8914],[78.6248,14.8981],[78.6184,14.8974],[78.6188,14.9039],[78.6119,14.9142],[78.6073,14.9156],[78.6107,14.9214],[78.6013,14.9363],[78.5918,14.9408],[78.6015,14.9558],[78.6102,14.9494],[78.6297,14.9483],[78.63,14.927],[78.6602,14.9311],[78.666,14.9365],[78.6847,14.9398],[78.6919,14.9694],[78.718,14.9703],[78.7091,15.0229],[78.7287,15.0255],[78.7519,15.0383],[78.7634,15.0163],[78.7806,14.998],[78.781,14.9744],[78.7921,14.9426],[78.8,14.9366],[78.8061,14.9182],[78.8151,14.9116],[78.8143,14.9051],[78.8214,14.9067],[78.8246,14.904],[78.8263,14.8913],[78.8358,14.8747],[78.8472,14.8723],[78.8469,14.8801],[78.8557,14.8977],[78.873,14.8935],[78.9038,14.9065],[78.9034,14.9186],[78.912,14.9235],[78.9169,14.9416],[78.9381,14.9343],[78.9473,14.921],[78.9471,14.911],[78.9569,14.8935],[78.9605,14.8949],[78.9649,14.8893],[78.9565,14.8778],[78.9597,14.8567],[78.9645,14.8534],[78.9748,14.8575],[78.9833,14.8482],[78.9845,14.8251],[78.9899,14.8168],[78.9845,14.8098],[78.986,14.7905],[78.99,14.7893],[78.982,14.7681],[78.9882,14.7675],[78.9885,14.7635],[79.007,14.764],[79.0053,14.7567],[79.0179,14.7512],[79.0191,14.7421],[79.0136,14.7396],[79.0187,14.7314],[79.0202,14.7187],[79.0039,14.7175],[78.997,14.7206],[78.9968,14.7166],[78.9805,14.7089],[78.9803,14.7182],[78.9641,14.7148],[78.9406,14.7176],[78.9145,14.7115],[78.9028,14.7001],[78.8791,14.6919],[78.8922,14.6876],[78.8909,14.6677],[78.8821,14.6564],[78.887,14.6548],[78.8943,14.6417],[78.9133,14.6396],[78.9122,14.6259],[78.9044,14.6063]]]}},{"type":"Feature","properties":{"ac_no":134,"name":"Allagadda","district":"Nandyal","reservation":null,"loksabha":"Nandyal"},"geometry":{"type":"Polygon","coordinates":[[[78.7708,15.4179],[78.7474,15.368],[78.7367,15.3264],[78.7394,15.2709],[78.7366,15.2012],[78.7419,15.1837],[78.7574,15.1855],[78.7491,15.135],[78.7521,15.1309],[78.7499,15.1091],[78.7594,15.0805],[78.7541,15.0768],[78.7566,15.0634],[78.7614,15.0598],[78.7519,15.0383],[78.7287,15.0255],[78.7091,15.0229],[78.718,14.9703],[78.6919,14.9694],[78.6847,14.9398],[78.666,14.9365],[78.6602,14.9311],[78.63,14.927],[78.6297,14.9483],[78.6102,14.9494],[78.6015,14.9558],[78.5918,14.9408],[78.5826,14.9474],[78.5629,14.9325],[78.5468,14.9342],[78.5514,14.9628],[78.5402,14.9664],[78.5372,14.9624],[78.5282,14.9617],[78.523,14.9536],[78.5196,14.9553],[78.5167,14.9477],[78.5197,14.9447],[78.4986,14.9241],[78.4856,14.9022],[78.4778,14.9043],[78.4828,14.9218],[78.4986,14.957],[78.505,14.9565],[78.5166,14.9982],[78.5159,15.0025],[78.5088,15.0048],[78.5155,15.0142],[78.5123,15.0411],[78.5157,15.0612],[78.5053,15.0707],[78.4815,15.0721],[78.4816,15.0651],[78.474,15.0643],[78.4785,15.0628],[78.4814,15.0521],[78.4875,15.0517],[78.4886,15.0441],[78.4852,15.0381],[78.4812,15.0449],[78.4747,15.0368],[78.468,15.0414],[78.467,15.0383],[78.4618,15.0405],[78.4616,15.0346],[78.4569,15.0321],[78.4388,15.035],[78.4376,15.0382],[78.4365,15.0336],[78.4179,15.032],[78.4162,15.0226],[78.3694,15.0271],[78.3776,15.0398],[78.3855,15.0408],[78.3996,15.0499],[78.3781,15.0577],[78.3822,15.0696],[78.3705,15.0729],[78.3642,15.0533],[78.3532,15.0555],[78.3547,15.0631],[78.3251,15.0735],[78.3125,15.0699],[78.3011,15.0747],[78.2891,15.0736],[78.2974,15.0747],[78.3034,15.0934],[78.2985,15.1024],[78.3089,15.119],[78.3075,15.1264],[78.3121,15.1372],[78.3159,15.1371],[78.3157,15.1417],[78.3226,15.139],[78.3332,15.1488],[78.3387,15.1472],[78.3385,15.1441],[78.3475,15.1433],[78.3581,15.1809],[78.3571,15.2046],[78.4024,15.1915],[78.4019,15.209],[78.3906,15.2115],[78.3972,15.232],[78.368,15.2428],[78.3747,15.2762],[78.3794,15.2854],[78.3944,15.2955],[78.398,15.3123],[78.3706,15.3192],[78.3729,15.3299],[78.369,15.3344],[78.3732,15.3401],[78.3886,15.3309],[78.4145,15.3244],[78.406,15.3115],[78.4027,15.2932],[78.4248,15.2819],[78.4365,15.2777],[78.4407,15.2856],[78.4452,15.2803],[78.4478,15.2851],[78.444,15.2869],[78.455,15.288],[78.456,15.2912],[78.4685,15.2887],[78.4744,15.3126],[78.4739,15.3169],[78.4681,15.318],[78.4672,15.3267],[78.4728,15.3259],[78.4762,15.3324],[78.4763,15.345],[78.4825,15.3624],[78.4866,15.3623],[78.5053,15.3809],[78.5087,15.4014],[78.5279,15.3996],[78.532,15.4091],[78.5427,15.4135],[78.5438,15.4353],[78.5505,15.4367],[78.5576,15.4282],[78.5814,15.4243],[78.5809,15.4211],[78.5869,15.4201],[78.5847,15.4088],[78.5974,15.4087],[78.5913,15.3969],[78.6042,15.3953],[78.607,15.3889],[78.6167,15.3922],[78.6233,15.3995],[78.6398,15.4028],[78.6569,15.3955],[78.6618,15.3899],[78.6805,15.4004],[78.6879,15.4091],[78.7016,15.4029],[78.7176,15.4049],[78.7548,15.4245],[78.7664,15.4238],[78.7708,15.4179]]]}},{"type":"Feature","properties":{"ac_no":135,"name":"Srisailam","district":"Nandyal","reservation":null,"loksabha":"Nandyal"},"geometry":{"type":"Polygon","coordinates":[[[78.9216,16.1229],[78.9291,16.0931],[78.9095,15.9684],[78.8376,15.9081],[78.8102,15.8678],[78.7958,15.7883],[78.7712,15.6606],[78.7694,15.6271],[78.7761,15.5334],[78.7695,15.4657],[78.7708,15.4179],[78.7664,15.4238],[78.7548,15.4245],[78.7176,15.4049],[78.7016,15.4029],[78.6879,15.4091],[78.6805,15.4004],[78.6618,15.3899],[78.6569,15.3955],[78.6398,15.4028],[78.6233,15.3995],[78.6167,15.3922],[78.607,15.3889],[78.6042,15.3953],[78.5913,15.3969],[78.5974,15.4087],[78.5847,15.4088],[78.5869,15.4201],[78.5809,15.4211],[78.5814,15.4243],[78.5576,15.4282],[78.5505,15.4367],[78.5438,15.4353],[78.5427,15.4135],[78.532,15.4091],[78.5279,15.3996],[78.5087,15.4014],[78.5092,15.4124],[78.503,15.4138],[78.5043,15.4286],[78.531,15.4215],[78.5293,15.4437],[78.5329,15.4542],[78.5413,15.4613],[78.5284,15.4731],[78.5341,15.4863],[78.5341,15.5066],[78.5265,15.5078],[78.524,15.5159],[78.5051,15.5188],[78.5135,15.5502],[78.5082,15.5522],[78.5014,15.5471],[78.4831,15.5509],[78.4842,15.5538],[78.4725,15.5605],[78.4722,15.5737],[78.4675,15.5748],[78.4664,15.585],[78.4818,15.5833],[78.4877,15.5957],[78.5049,15.5918],[78.5059,15.5948],[78.512,15.5947],[78.5135,15.6002],[78.5197,15.6007],[78.5219,15.612],[78.4713,15.6304],[78.476,15.6377],[78.4909,15.6355],[78.4955,15.6563],[78.4926,15.6662],[78.4672,15.6753],[78.4683,15.6964],[78.4457,15.7051],[78.4478,15.7163],[78.4638,15.7248],[78.4725,15.7373],[78.4815,15.7342],[78.4851,15.7242],[78.5112,15.7211],[78.5075,15.735],[78.5013,15.7376],[78.4978,15.7597],[78.5356,15.7536],[78.5367,15.7593],[78.5417,15.7591],[78.5456,15.7721],[78.5376,15.7735],[78.5349,15.7856],[78.5457,15.7891],[78.5434,15.7971],[78.5325,15.7939],[78.5293,15.8133],[78.5276,15.8167],[78.5231,15.8151],[78.5249,15.8309],[78.5387,15.8211],[78.5379,15.813],[78.5434,15.8021],[78.5732,15.8062],[78.5714,15.8263],[78.5676,15.8326],[78.5602,15.8341],[78.5608,15.8409],[78.5514,15.8444],[78.5362,15.8383],[78.5266,15.8446],[78.5328,15.8523],[78.5359,15.8648],[78.5559,15.8801],[78.5605,15.8929],[78.5717,15.9052],[78.5548,15.9202],[78.5573,15.927],[78.5526,15.9329],[78.5539,15.9369],[78.568,15.9393],[78.5709,15.9463],[78.5768,15.9452],[78.5771,15.9487],[78.5836,15.9465],[78.5912,15.9599],[78.5883,15.9617],[78.5891,15.9711],[78.6041,15.9694],[78.6239,15.9787],[78.6591,15.9742],[78.6735,15.9757],[78.6986,15.9835],[78.7057,16.006],[78.7,16.0272],[78.7232,16.0211],[78.7347,16.0106],[78.7404,16.0099],[78.7502,16.0166],[78.7665,16.0174],[78.7907,16.0247],[78.8007,16.0385],[78.8192,16.0493],[78.8365,16.0709],[78.8421,16.0873],[78.8332,16.137],[78.8351,16.1461],[78.856,16.1492],[78.8727,16.1442],[78.8898,16.0849],[78.9215,16.1032],[78.9216,16.1229]]]}},{"type":"Feature","properties":{"ac_no":136,"name":"Nandikotkur","district":"Nandyal","reservation":"SC","loksabha":"Nandyal"},"geometry":{"type":"Polygon","coordinates":[[[78.7,16.0272],[78.7057,16.006],[78.6986,15.9835],[78.6735,15.9757],[78.6591,15.9742],[78.6239,15.9787],[78.6041,15.9694],[78.5891,15.9711],[78.5883,15.9617],[78.5912,15.9599],[78.5836,15.9465],[78.5771,15.9487],[78.5768,15.9452],[78.5709,15.9463],[78.568,15.9393],[78.5539,15.9369],[78.5526,15.9329],[78.5573,15.927],[78.5548,15.9202],[78.5717,15.9052],[78.5605,15.8929],[78.5559,15.8801],[78.5359,15.8648],[78.5328,15.8523],[78.5266,15.8446],[78.5362,15.8383],[78.5514,15.8444],[78.5608,15.8409],[78.5602,15.8341],[78.5676,15.8326],[78.5714,15.8263],[78.5732,15.8062],[78.5434,15.8021],[78.5379,15.813],[78.5387,15.8211],[78.5249,15.8309],[78.5231,15.8151],[78.5276,15.8167],[78.5293,15.8133],[78.5325,15.7939],[78.5434,15.7971],[78.5457,15.7891],[78.5349,15.7856],[78.5376,15.7735],[78.5456,15.7721],[78.5417,15.7591],[78.5367,15.7593],[78.5356,15.7536],[78.4978,15.7597],[78.5013,15.7376],[78.5075,15.735],[78.5112,15.7211],[78.4851,15.7242],[78.4815,15.7342],[78.4725,15.7373],[78.4638,15.7248],[78.4478,15.7163],[78.4151,15.7318],[78.3902,15.6957],[78.3897,15.6639],[78.3757,15.6638],[78.3566,15.658],[78.3489,15.662],[78.3493,15.6904],[78.3367,15.6921],[78.3319,15.6751],[78.3237,15.6766],[78.3205,15.6737],[78.2974,15.677],[78.2667,15.6973],[78.2671,15.7027],[78.24,15.7029],[78.2285,15.6955],[78.2069,15.6939],[78.2022,15.7125],[78.1942,15.7199],[78.1847,15.7213],[78.1825,15.726],[78.187,15.7305],[78.1817,15.7321],[78.1815,15.7366],[78.1869,15.7371],[78.1872,15.7404],[78.179,15.744],[78.1751,15.7423],[78.1747,15.7464],[78.1678,15.7481],[78.169,15.7527],[78.1615,15.753],[78.1593,15.7571],[78.1714,15.7619],[78.1716,15.7692],[78.1808,15.7702],[78.1835,15.776],[78.1931,15.7732],[78.1925,15.7813],[78.1977,15.7804],[78.2016,15.7884],[78.1889,15.795],[78.1578,15.8003],[78.1544,15.8054],[78.156,15.8096],[78.1502,15.8164],[78.1575,15.8163],[78.1646,15.8256],[78.1714,15.8256],[78.1664,15.8335],[78.1686,15.8383],[78.1632,15.8447],[78.1663,15.8517],[78.1634,15.8556],[78.1754,15.8594],[78.1769,15.8782],[78.1868,15.8861],[78.1901,15.8936],[78.1797,15.9033],[78.1851,15.9115],[78.2301,15.9245],[78.2523,15.9372],[78.2512,15.9739],[78.2592,15.9933],[78.2551,16.0152],[78.2603,16.0254],[78.2738,16.0269],[78.3012,16.0124],[78.3135,16.0131],[78.3226,16.0199],[78.322,16.0308],[78.3275,16.0396],[78.3446,16.0481],[78.3652,16.0472],[78.3853,16.0653],[78.4049,16.0754],[78.4602,16.0735],[78.5507,16.0427],[78.5595,16.0451],[78.5878,16.0642],[78.6023,16.0846],[78.6278,16.0878],[78.6504,16.0791],[78.6508,16.072],[78.6686,16.0544],[78.6813,16.0349],[78.7,16.0272]]]}},{"type":"Feature","properties":{"ac_no":137,"name":"Kurnool","district":"Kurnool","reservation":null,"loksabha":"Kurnool"},"geometry":{"type":"Polygon","coordinates":[[[78.0529,15.7807],[78.0507,15.7877],[78.0594,15.7958],[78.0564,15.7966],[78.0579,15.8026],[78.0532,15.8042],[78.0563,15.8088],[78.0611,15.805],[78.0545,15.8179],[78.0453,15.8186],[78.0418,15.8255],[78.0225,15.823],[78.0156,15.837],[78.028,15.8339],[78.0301,15.8419],[78.0269,15.8436],[78.0305,15.8507],[78.0514,15.8409],[78.0588,15.8221],[78.076,15.8188],[78.0768,15.8092],[78.0695,15.8021],[78.0673,15.7882],[78.0611,15.7858],[78.0596,15.7793],[78.0529,15.7807]]]}},{"type":"Feature","properties":{"ac_no":138,"name":"Panyam","district":"Nandyal","reservation":null,"loksabha":"Nandyal"},"geometry":{"type":"Polygon","coordinates":[[[78.0156,15.837],[78.0225,15.823],[78.0418,15.8255],[78.0453,15.8186],[78.0545,15.8179],[78.0611,15.805],[78.0563,15.8088],[78.0532,15.8042],[78.0579,15.8026],[78.0564,15.7966],[78.0594,15.7958],[78.0507,15.7877],[78.0529,15.7807],[78.0428,15.7819],[78.0285,15.79],[78.0273,15.7877],[78.0207,15.7897],[78.0201,15.7732],[78.0118,15.7645],[78.017,15.754],[78.0412,15.7495],[78.039,15.7379],[78.0533,15.7322],[78.0633,15.7419],[78.075,15.7427],[78.0782,15.7461],[78.11,15.7425],[78.1166,15.7509],[78.1247,15.7497],[78.1322,15.754],[78.1433,15.7513],[78.1431,15.7592],[78.1593,15.7571],[78.1615,15.753],[78.169,15.7527],[78.1678,15.7481],[78.1747,15.7464],[78.1751,15.7423],[78.179,15.744],[78.1872,15.7404],[78.1869,15.7371],[78.1815,15.7366],[78.1817,15.7321],[78.187,15.7305],[78.1825,15.726],[78.1847,15.7213],[78.1942,15.7199],[78.2022,15.7125],[78.2069,15.6939],[78.2285,15.6955],[78.24,15.7029],[78.2671,15.7027],[78.2667,15.6973],[78.2974,15.677],[78.3205,15.6737],[78.3237,15.6766],[78.3319,15.6751],[78.3367,15.6921],[78.3493,15.6904],[78.3489,15.662],[78.3566,15.658],[78.3757,15.6638],[78.3897,15.6639],[78.3902,15.6957],[78.4151,15.7318],[78.4478,15.7163],[78.4457,15.7051],[78.4683,15.6964],[78.4672,15.6753],[78.4926,15.6662],[78.4955,15.6563],[78.4909,15.6355],[78.476,15.6377],[78.4713,15.6304],[78.5219,15.612],[78.5197,15.6007],[78.5135,15.6002],[78.512,15.5947],[78.5059,15.5948],[78.5049,15.5918],[78.4877,15.5957],[78.4818,15.5833],[78.4664,15.585],[78.4675,15.5748],[78.4642,15.5678],[78.4582,15.5647],[78.443,15.558],[78.4339,15.5597],[78.4329,15.5495],[78.427,15.5524],[78.4249,15.5476],[78.4166,15.552],[78.4206,15.5453],[78.4174,15.5447],[78.4209,15.5438],[78.4149,15.5442],[78.4078,15.5251],[78.4112,15.5239],[78.4112,15.5146],[78.424,15.5092],[78.4186,15.4929],[78.4107,15.4945],[78.4084,15.483],[78.4147,15.4765],[78.4136,15.4689],[78.4269,15.4609],[78.4016,15.4397],[78.4007,15.4317],[78.3931,15.4351],[78.3813,15.4207],[78.3814,15.4157],[78.3751,15.4108],[78.3785,15.404],[78.3724,15.3915],[78.3665,15.3881],[78.3698,15.3754],[78.3588,15.3751],[78.3325,15.3811],[78.3356,15.3928],[78.3327,15.4021],[78.338,15.4208],[78.3024,15.4362],[78.3056,15.4508],[78.2923,15.4517],[78.2868,15.4579],[78.2866,15.4645],[78.2446,15.4675],[78.2208,15.4789],[78.214,15.478],[78.2093,15.4596],[78.2001,15.4654],[78.1864,15.445],[78.1779,15.4518],[78.1712,15.4519],[78.1737,15.4582],[78.1815,15.4592],[78.1748,15.4615],[78.1745,15.4676],[78.184,15.4706],[78.1866,15.4772],[78.2031,15.4727],[78.2013,15.4802],[78.2081,15.485],[78.2041,15.4915],[78.2005,15.4884],[78.1954,15.4898],[78.2069,15.4981],[78.2058,15.5095],[78.202,15.5054],[78.183,15.5082],[78.1844,15.515],[78.1814,15.5154],[78.1827,15.5363],[78.1929,15.5393],[78.1954,15.5457],[78.1635,15.5406],[78.1538,15.5334],[78.1344,15.5315],[78.136,15.5397],[78.1326,15.5438],[78.1438,15.5685],[78.1317,15.5797],[78.1157,15.5796],[78.115,15.5798],[78.1171,15.5907],[78.1126,15.5944],[78.1166,15.5964],[78.1078,15.6032],[78.1111,15.6066],[78.1041,15.6134],[78.0911,15.6168],[78.0843,15.6104],[78.0759,15.6107],[78.0743,15.5999],[78.0646,15.5983],[78.0568,15.6263],[78.0511,15.6305],[78.0513,15.6373],[78.036,15.6439],[78.0292,15.6412],[78.0259,15.6449],[78.0231,15.6421],[78.0195,15.624],[78.0135,15.6144],[78.0146,15.6061],[78.0085,15.606],[78.006,15.5987],[78.0027,15.5984],[78.0017,15.5897],[77.9667,15.6091],[77.9179,15.6169],[77.9144,15.6257],[77.911,15.6261],[77.9124,15.6487],[77.9028,15.6522],[77.9104,15.662],[77.9048,15.6661],[77.9081,15.692],[77.9095,15.696],[77.9126,15.6951],[77.9096,15.7113],[77.9065,15.7123],[77.9191,15.7265],[77.9279,15.7217],[77.9304,15.7306],[77.9096,15.7371],[77.9132,15.7512],[77.922,15.7493],[77.9224,15.7527],[77.9183,15.7604],[77.9049,15.7667],[77.8921,15.76],[77.88,15.7393],[77.8636,15.7461],[77.8677,15.7605],[77.8563,15.7673],[77.8618,15.7898],[77.8762,15.798],[77.878,15.8056],[77.9256,15.7959],[77.9312,15.8042],[77.9408,15.8023],[77.9443,15.8068],[77.9491,15.8053],[77.9569,15.8187],[77.9661,15.8181],[77.968,15.8262],[77.9554,15.8284],[77.9562,15.8344],[77.9645,15.8381],[77.9752,15.8389],[77.9738,15.8244],[77.9782,15.824],[77.979,15.8269],[77.986,15.8267],[77.9876,15.8319],[77.9968,15.8373],[78.006,15.8346],[78.0156,15.837]]]}},{"type":"Feature","properties":{"ac_no":139,"name":"Nandyal","district":"Nandyal","reservation":null,"loksabha":"Nandyal"},"geometry":{"type":"Polygon","coordinates":[[[78.5087,15.4014],[78.5053,15.3809],[78.4866,15.3623],[78.4825,15.3624],[78.4763,15.345],[78.4762,15.3324],[78.4728,15.3259],[78.4672,15.3267],[78.4681,15.318],[78.4739,15.3169],[78.4744,15.3126],[78.4685,15.2887],[78.456,15.2912],[78.455,15.288],[78.444,15.2869],[78.4478,15.2851],[78.4452,15.2803],[78.4407,15.2856],[78.4365,15.2777],[78.4248,15.2819],[78.4027,15.2932],[78.406,15.3115],[78.4145,15.3244],[78.3886,15.3309],[78.3732,15.3401],[78.369,15.3344],[78.3595,15.3428],[78.3683,15.3466],[78.3677,15.3516],[78.3548,15.3559],[78.3588,15.3751],[78.3698,15.3754],[78.3665,15.3881],[78.3724,15.3915],[78.3785,15.404],[78.3751,15.4108],[78.3814,15.4157],[78.3813,15.4207],[78.3931,15.4351],[78.4007,15.4317],[78.4016,15.4397],[78.4269,15.4609],[78.4136,15.4689],[78.4147,15.4765],[78.4084,15.483],[78.4107,15.4945],[78.4186,15.4929],[78.424,15.5092],[78.4112,15.5146],[78.4112,15.5239],[78.4078,15.5251],[78.4149,15.5442],[78.4209,15.5438],[78.4174,15.5447],[78.4206,15.5453],[78.4166,15.552],[78.4249,15.5476],[78.427,15.5524],[78.4329,15.5495],[78.4339,15.5597],[78.443,15.558],[78.4582,15.5647],[78.4642,15.5678],[78.4675,15.5748],[78.4722,15.5737],[78.4725,15.5605],[78.4842,15.5538],[78.4831,15.5509],[78.5014,15.5471],[78.5082,15.5522],[78.5135,15.5502],[78.5051,15.5188],[78.524,15.5159],[78.5265,15.5078],[78.5341,15.5066],[78.5341,15.4863],[78.5284,15.4731],[78.5413,15.4613],[78.5329,15.4542],[78.5293,15.4437],[78.531,15.4215],[78.5043,15.4286],[78.503,15.4138],[78.5092,15.4124],[78.5087,15.4014]]]}},{"type":"Feature","properties":{"ac_no":140,"name":"Banaganapalle","district":"Nandyal","reservation":null,"loksabha":"Nandyal"},"geometry":{"type":"Polygon","coordinates":[[[78.3692,15.0266],[78.3694,15.0271],[78.4162,15.0226],[78.4099,14.9744],[78.3923,14.9696],[78.3589,14.9876],[78.3428,15.0029],[78.3534,15.032],[78.3692,15.0266]]]}},{"type":"Feature","properties":{"ac_no":140,"name":"Banaganapalle","district":"Nandyal","reservation":null,"loksabha":"Nandyal"},"geometry":{"type":"Polygon","coordinates":[[[78.2446,15.4675],[78.2866,15.4645],[78.2868,15.4579],[78.2923,15.4517],[78.3056,15.4508],[78.3024,15.4362],[78.338,15.4208],[78.3327,15.4021],[78.3356,15.3928],[78.3325,15.3811],[78.3588,15.3751],[78.3548,15.3559],[78.3677,15.3516],[78.3683,15.3466],[78.3595,15.3428],[78.369,15.3344],[78.3729,15.3299],[78.3706,15.3192],[78.398,15.3123],[78.3944,15.2955],[78.3794,15.2854],[78.3747,15.2762],[78.368,15.2428],[78.3972,15.232],[78.3906,15.2115],[78.4019,15.209],[78.4024,15.1915],[78.3571,15.2046],[78.3581,15.1809],[78.3475,15.1433],[78.3385,15.1441],[78.3387,15.1472],[78.3332,15.1488],[78.3226,15.139],[78.3157,15.1417],[78.3159,15.1371],[78.3121,15.1372],[78.3075,15.1264],[78.3089,15.119],[78.2985,15.1024],[78.3034,15.0934],[78.2974,15.0747],[78.2891,15.0736],[78.2753,15.0598],[78.2841,15.0319],[78.2605,15.0275],[78.2438,15.0006],[78.2361,15.005],[78.2246,14.9782],[78.2205,14.956],[78.2097,14.953],[78.1804,14.9649],[78.1657,14.9645],[78.1532,14.9599],[78.1513,14.9493],[78.1375,14.9487],[78.1334,14.962],[78.0874,14.9731],[78.0886,14.9829],[78.0657,14.9958],[78.0603,15.0044],[78.0546,14.993],[78.034,15.0006],[78.0268,15.017],[78.0217,15.0179],[78.0109,15.0286],[78.011,15.0524],[78.0045,15.054],[77.9954,15.0653],[77.9977,15.0821],[78.0059,15.0825],[78.0068,15.0948],[78.014,15.103],[78.0144,15.1134],[78.0066,15.1234],[77.9977,15.1252],[77.9938,15.1343],[77.9746,15.1401],[77.9653,15.1419],[77.9646,15.1591],[77.9585,15.1597],[77.9205,15.1543],[77.9233,15.1648],[77.9182,15.1711],[77.9194,15.1749],[77.9155,15.1742],[77.9202,15.1907],[77.9281,15.1959],[77.9324,15.2062],[77.9445,15.2153],[77.9721,15.2482],[77.971,15.2548],[77.9775,15.2576],[77.9774,15.2639],[77.9889,15.2706],[77.99,15.285],[77.9987,15.285],[77.9987,15.2759],[78.0051,15.2699],[78.008,15.2715],[78.0088,15.2818],[78.0048,15.2923],[78.0106,15.3012],[77.9907,15.3012],[77.9876,15.3152],[77.9828,15.3168],[77.985,15.3355],[77.9812,15.3432],[78.0061,15.3438],[78.04,15.3537],[78.0579,15.3513],[78.0637,15.3565],[78.0837,15.3513],[78.1025,15.3711],[78.098,15.3806],[78.1043,15.3794],[78.1055,15.3846],[78.1313,15.3815],[78.1419,15.3862],[78.1436,15.3888],[78.1378,15.3917],[78.1339,15.3994],[78.1367,15.404],[78.1534,15.4086],[78.1623,15.3969],[78.1886,15.3999],[78.191,15.4279],[78.1994,15.4324],[78.2002,15.4375],[78.1944,15.4454],[78.1864,15.445],[78.2001,15.4654],[78.2093,15.4596],[78.214,15.478],[78.2208,15.4789],[78.2446,15.4675]]]}},{"type":"Feature","properties":{"ac_no":141,"name":"Dhone","district":"Nandyal","reservation":null,"loksabha":"Nandyal"},"geometry":{"type":"Polygon","coordinates":[[[77.9585,15.1597],[77.9646,15.1591],[77.9653,15.1419],[77.9746,15.1401],[77.9649,15.1237],[77.9613,15.1098],[77.9366,15.1156],[77.9326,15.1133],[77.9061,15.1246],[77.9073,15.1317],[77.915,15.13],[77.9148,15.133],[77.9087,15.1348],[77.9113,15.1366],[77.9095,15.1405],[77.9137,15.1455],[77.9241,15.1486],[77.9247,15.1534],[77.9205,15.1543],[77.9585,15.1597]]]}},{"type":"Feature","properties":{"ac_no":141,"name":"Dhone","district":"Nandyal","reservation":null,"loksabha":"Nandyal"},"geometry":{"type":"Polygon","coordinates":[[[78.1157,15.5796],[78.1317,15.5797],[78.1438,15.5685],[78.1326,15.5438],[78.136,15.5397],[78.1344,15.5315],[78.1538,15.5334],[78.1635,15.5406],[78.1954,15.5457],[78.1929,15.5393],[78.1827,15.5363],[78.1814,15.5154],[78.1844,15.515],[78.183,15.5082],[78.202,15.5054],[78.2058,15.5095],[78.2069,15.4981],[78.1954,15.4898],[78.2005,15.4884],[78.2041,15.4915],[78.2081,15.485],[78.2013,15.4802],[78.2031,15.4727],[78.1866,15.4772],[78.184,15.4706],[78.1745,15.4676],[78.1748,15.4615],[78.1815,15.4592],[78.1737,15.4582],[78.1712,15.4519],[78.1779,15.4518],[78.1864,15.445],[78.1944,15.4454],[78.2002,15.4375],[78.1994,15.4324],[78.191,15.4279],[78.1886,15.3999],[78.1623,15.3969],[78.1534,15.4086],[78.1367,15.404],[78.1339,15.3994],[78.1378,15.3917],[78.1436,15.3888],[78.1419,15.3862],[78.1313,15.3815],[78.1055,15.3846],[78.1043,15.3794],[78.098,15.3806],[78.1025,15.3711],[78.0837,15.3513],[78.0637,15.3565],[78.0579,15.3513],[78.04,15.3537],[78.0061,15.3438],[77.9812,15.3432],[77.985,15.3355],[77.9828,15.3168],[77.9876,15.3152],[77.9907,15.3012],[78.0106,15.3012],[78.0048,15.2923],[78.0088,15.2818],[78.008,15.2715],[78.0051,15.2699],[77.9987,15.2759],[77.9987,15.285],[77.99,15.285],[77.9889,15.2706],[77.9774,15.2639],[77.9775,15.2576],[77.971,15.2548],[77.9721,15.2482],[77.9445,15.2153],[77.9324,15.2062],[77.9281,15.1959],[77.9202,15.1907],[77.9155,15.1742],[77.9042,15.1789],[77.8846,15.1795],[77.8812,15.1505],[77.8753,15.1363],[77.854,15.136],[77.8427,15.1306],[77.839,15.146],[77.8157,15.144],[77.8098,15.1363],[77.8112,15.1297],[77.7963,15.1201],[77.7915,15.1073],[77.7844,15.1142],[77.7792,15.1118],[77.771,15.115],[77.7739,15.1255],[77.7488,15.1295],[77.7464,15.1416],[77.7305,15.1513],[77.733,15.1694],[77.7165,15.173],[77.7174,15.1797],[77.7116,15.1876],[77.7013,15.1808],[77.6929,15.1848],[77.6977,15.2068],[77.691,15.2078],[77.6889,15.2144],[77.6788,15.2178],[77.6771,15.2294],[77.6715,15.2329],[77.677,15.2382],[77.6701,15.2391],[77.6714,15.2433],[77.6761,15.2481],[77.6807,15.2474],[77.6763,15.2561],[77.6782,15.2646],[77.6751,15.2651],[77.6754,15.2718],[77.6845,15.2995],[77.6851,15.3191],[77.6792,15.3215],[77.6728,15.3192],[77.661,15.3321],[77.6485,15.3387],[77.6644,15.3599],[77.6689,15.3756],[77.6672,15.3811],[77.6733,15.3851],[77.6763,15.394],[77.7123,15.3797],[77.7139,15.3849],[77.726,15.3866],[77.7309,15.3914],[77.7421,15.4097],[77.7587,15.4051],[77.7621,15.4089],[77.7694,15.409],[77.7717,15.4046],[77.7757,15.4051],[77.7882,15.4239],[77.7907,15.4363],[77.788,15.4418],[77.7962,15.442],[77.7963,15.4478],[77.7921,15.447],[77.7921,15.4504],[77.8002,15.4552],[77.7902,15.4636],[77.8039,15.468],[77.8029,15.4759],[77.8126,15.4864],[77.811,15.4907],[77.8442,15.4877],[77.8468,15.4858],[77.8398,15.4699],[77.8469,15.4672],[77.8628,15.4767],[77.8704,15.4887],[77.8718,15.4832],[77.8777,15.482],[77.8775,15.4779],[77.8906,15.4672],[77.904,15.4682],[77.9066,15.459],[77.9011,15.4476],[77.922,15.4375],[77.9366,15.4171],[77.9421,15.4187],[77.9462,15.4262],[77.968,15.432],[77.9845,15.4277],[77.9912,15.4295],[77.9951,15.4336],[77.992,15.4416],[77.9938,15.4577],[77.9975,15.4584],[77.9981,15.463],[78.0054,15.4644],[78.0066,15.4699],[78.0173,15.4723],[78.0239,15.4699],[78.0384,15.474],[78.0408,15.4781],[78.0464,15.4774],[78.0491,15.4815],[78.044,15.4988],[78.0288,15.4899],[78.0414,15.4818],[78.0346,15.4816],[78.0286,15.4862],[78.0221,15.4821],[78.0195,15.4882],[78.0263,15.4883],[78.0337,15.5009],[78.0316,15.5064],[78.035,15.5109],[78.047,15.5111],[78.0565,15.5179],[78.0477,15.5305],[78.039,15.526],[78.0325,15.5345],[78.0482,15.535],[78.0474,15.5431],[78.0507,15.5452],[78.0579,15.5367],[78.0636,15.5372],[78.0621,15.532],[78.0695,15.5325],[78.0725,15.5425],[78.07,15.5564],[78.0749,15.5589],[78.0777,15.5706],[78.115,15.5798],[78.1157,15.5796]]]}},{"type":"Feature","properties":{"ac_no":142,"name":"Pattikonda","district":"Kurnool","reservation":null,"loksabha":"Kurnool"},"geometry":{"type":"Polygon","coordinates":[[[77.9179,15.6169],[77.9667,15.6091],[78.0017,15.5897],[78.0027,15.5984],[78.006,15.5987],[78.0085,15.606],[78.0146,15.6061],[78.0135,15.6144],[78.0195,15.624],[78.0231,15.6421],[78.0259,15.6449],[78.0292,15.6412],[78.036,15.6439],[78.0513,15.6373],[78.0511,15.6305],[78.0568,15.6263],[78.0646,15.5983],[78.0743,15.5999],[78.0759,15.6107],[78.0843,15.6104],[78.0911,15.6168],[78.1041,15.6134],[78.1111,15.6066],[78.1078,15.6032],[78.1166,15.5964],[78.1126,15.5944],[78.1171,15.5907],[78.115,15.5798],[78.0777,15.5706],[78.0749,15.5589],[78.07,15.5564],[78.0725,15.5425],[78.0695,15.5325],[78.0621,15.532],[78.0636,15.5372],[78.0579,15.5367],[78.0507,15.5452],[78.0474,15.5431],[78.0482,15.535],[78.0325,15.5345],[78.039,15.526],[78.0477,15.5305],[78.0565,15.5179],[78.047,15.5111],[78.035,15.5109],[78.0316,15.5064],[78.0337,15.5009],[78.0263,15.4883],[78.0195,15.4882],[78.0221,15.4821],[78.0286,15.4862],[78.0346,15.4816],[78.0414,15.4818],[78.0288,15.4899],[78.044,15.4988],[78.0491,15.4815],[78.0464,15.4774],[78.0408,15.4781],[78.0384,15.474],[78.0239,15.4699],[78.0173,15.4723],[78.0066,15.4699],[78.0054,15.4644],[77.9981,15.463],[77.9975,15.4584],[77.9938,15.4577],[77.992,15.4416],[77.9951,15.4336],[77.9912,15.4295],[77.9845,15.4277],[77.968,15.432],[77.9462,15.4262],[77.9421,15.4187],[77.9366,15.4171],[77.922,15.4375],[77.9011,15.4476],[77.9066,15.459],[77.904,15.4682],[77.8906,15.4672],[77.8775,15.4779],[77.8777,15.482],[77.8718,15.4832],[77.8704,15.4887],[77.8628,15.4767],[77.8469,15.4672],[77.8398,15.4699],[77.8468,15.4858],[77.8442,15.4877],[77.811,15.4907],[77.8126,15.4864],[77.8029,15.4759],[77.8039,15.468],[77.7902,15.4636],[77.8002,15.4552],[77.7921,15.4504],[77.7921,15.447],[77.7963,15.4478],[77.7962,15.442],[77.788,15.4418],[77.7907,15.4363],[77.7882,15.4239],[77.7757,15.4051],[77.7717,15.4046],[77.7694,15.409],[77.7621,15.4089],[77.7587,15.4051],[77.7421,15.4097],[77.7309,15.3914],[77.726,15.3866],[77.7139,15.3849],[77.7123,15.3797],[77.6763,15.394],[77.6733,15.3851],[77.6672,15.3811],[77.6689,15.3756],[77.6644,15.3599],[77.6485,15.3387],[77.661,15.3321],[77.6728,15.3192],[77.6792,15.3215],[77.6851,15.3191],[77.6845,15.2995],[77.6754,15.2718],[77.6751,15.2651],[77.6782,15.2646],[77.6763,15.2561],[77.6807,15.2474],[77.6761,15.2481],[77.6714,15.2433],[77.6701,15.2391],[77.677,15.2382],[77.6715,15.2329],[77.6518,15.2338],[77.6496,15.2262],[77.6372,15.2225],[77.6352,15.2081],[77.6157,15.2077],[77.6105,15.1969],[77.6115,15.1847],[77.5965,15.1846],[77.5826,15.1891],[77.5754,15.1959],[77.5759,15.2005],[77.5734,15.1987],[77.5665,15.2043],[77.5423,15.2101],[77.5275,15.2253],[77.502,15.223],[77.4813,15.2099],[77.4679,15.2191],[77.4515,15.2237],[77.4506,15.2169],[77.4467,15.2154],[77.4508,15.2069],[77.4347,15.2114],[77.4332,15.2221],[77.4073,15.2252],[77.3995,15.2388],[77.3612,15.2469],[77.3617,15.2549],[77.3561,15.258],[77.3542,15.2696],[77.3355,15.2796],[77.349,15.3344],[77.361,15.3289],[77.3721,15.3296],[77.3808,15.3365],[77.4066,15.3345],[77.4125,15.3609],[77.3822,15.3691],[77.3811,15.3838],[77.4082,15.3914],[77.4124,15.4235],[77.3958,15.4277],[77.4039,15.4496],[77.4147,15.5028],[77.4387,15.4817],[77.4589,15.4861],[77.4739,15.4813],[77.4781,15.4783],[77.4732,15.473],[77.4746,15.4658],[77.487,15.459],[77.4981,15.4635],[77.4999,15.4678],[77.4931,15.4867],[77.5018,15.4918],[77.5078,15.502],[77.5063,15.5126],[77.5312,15.4933],[77.5301,15.4723],[77.5411,15.4638],[77.5528,15.4644],[77.5539,15.4701],[77.5456,15.4945],[77.5587,15.4959],[77.5769,15.4836],[77.5934,15.4792],[77.5945,15.47],[77.585,15.4517],[77.5866,15.4253],[77.6084,15.4231],[77.6263,15.4264],[77.6288,15.4337],[77.6445,15.4437],[77.654,15.4396],[77.6553,15.4452],[77.6663,15.4471],[77.6609,15.4589],[77.6666,15.4809],[77.683,15.4895],[77.6825,15.4953],[77.6765,15.4966],[77.682,15.5257],[77.6865,15.5276],[77.7083,15.5129],[77.7132,15.518],[77.7269,15.5128],[77.7319,15.5186],[77.725,15.53],[77.7307,15.5456],[77.7345,15.5433],[77.7352,15.5469],[77.7385,15.5455],[77.7397,15.5509],[77.7054,15.5666],[77.7114,15.57],[77.7137,15.585],[77.7309,15.5986],[77.7361,15.6119],[77.7442,15.6162],[77.7456,15.6288],[77.7539,15.637],[77.7718,15.6314],[77.7836,15.6499],[77.7915,15.653],[77.7983,15.6405],[77.8061,15.6398],[77.8122,15.6504],[77.8139,15.6699],[77.8204,15.6705],[77.8267,15.6336],[77.8203,15.6286],[77.8134,15.6131],[77.8053,15.6021],[77.8025,15.6027],[77.7963,15.5901],[77.7849,15.58],[77.7814,15.5635],[77.7878,15.5597],[77.8017,15.5668],[77.8026,15.5748],[77.8106,15.5783],[77.8258,15.6075],[77.8319,15.63],[77.8549,15.626],[77.8578,15.6228],[77.8705,15.6259],[77.8698,15.619],[77.9035,15.6008],[77.9009,15.5875],[77.9077,15.5847],[77.9113,15.585],[77.9179,15.6169]]]}},{"type":"Feature","properties":{"ac_no":143,"name":"Kodumur","district":"Kurnool","reservation":"SC","loksabha":"Kurnool"},"geometry":{"type":"Polygon","coordinates":[[[77.8895,15.9067],[77.8906,15.9065],[77.8918,15.906],[77.8918,15.906],[77.8936,15.9051],[77.8971,15.9035],[77.9379,15.8842],[77.9744,15.8844],[77.9957,15.868],[78.0091,15.863],[78.0258,15.9038],[78.0316,15.9042],[78.0323,15.9088],[78.0456,15.9055],[78.0472,15.8762],[78.0567,15.8761],[78.0564,15.8675],[78.0719,15.8632],[78.0717,15.8517],[78.0852,15.8463],[78.0839,15.8423],[78.099,15.8373],[78.1342,15.8376],[78.1313,15.8536],[78.1379,15.8563],[78.1634,15.8556],[78.1663,15.8517],[78.1632,15.8447],[78.1686,15.8383],[78.1664,15.8335],[78.1714,15.8256],[78.1646,15.8256],[78.1575,15.8163],[78.1502,15.8164],[78.156,15.8096],[78.1544,15.8054],[78.1578,15.8003],[78.1889,15.795],[78.2016,15.7884],[78.1977,15.7804],[78.1925,15.7813],[78.1931,15.7732],[78.1835,15.776],[78.1808,15.7702],[78.1716,15.7692],[78.1714,15.7619],[78.1593,15.7571],[78.1431,15.7592],[78.1433,15.7513],[78.1322,15.754],[78.1247,15.7497],[78.1166,15.7509],[78.11,15.7425],[78.0782,15.7461],[78.075,15.7427],[78.0633,15.7419],[78.0533,15.7322],[78.039,15.7379],[78.0412,15.7495],[78.017,15.754],[78.0118,15.7645],[78.0201,15.7732],[78.0207,15.7897],[78.0273,15.7877],[78.0285,15.79],[78.0428,15.7819],[78.0529,15.7807],[78.0596,15.7793],[78.0611,15.7858],[78.0673,15.7882],[78.0695,15.8021],[78.0768,15.8092],[78.076,15.8188],[78.0588,15.8221],[78.0514,15.8409],[78.0305,15.8507],[78.0269,15.8436],[78.0301,15.8419],[78.028,15.8339],[78.0156,15.837],[78.006,15.8346],[77.9968,15.8373],[77.9876,15.8319],[77.986,15.8267],[77.979,15.8269],[77.9782,15.824],[77.9738,15.8244],[77.9752,15.8389],[77.9645,15.8381],[77.9562,15.8344],[77.9554,15.8284],[77.968,15.8262],[77.9661,15.8181],[77.9569,15.8187],[77.9491,15.8053],[77.9443,15.8068],[77.9408,15.8023],[77.9312,15.8042],[77.9256,15.7959],[77.878,15.8056],[77.8762,15.798],[77.8618,15.7898],[77.8563,15.7673],[77.8677,15.7605],[77.8636,15.7461],[77.88,15.7393],[77.8921,15.76],[77.9049,15.7667],[77.9183,15.7604],[77.9224,15.7527],[77.922,15.7493],[77.9132,15.7512],[77.9096,15.7371],[77.9304,15.7306],[77.9279,15.7217],[77.9191,15.7265],[77.9065,15.7123],[77.9096,15.7113],[77.9126,15.6951],[77.9095,15.696],[77.9081,15.692],[77.9048,15.6661],[77.9104,15.662],[77.9028,15.6522],[77.9124,15.6487],[77.911,15.6261],[77.9144,15.6257],[77.9179,15.6169],[77.9113,15.585],[77.9077,15.5847],[77.9009,15.5875],[77.9035,15.6008],[77.8698,15.619],[77.8705,15.6259],[77.8578,15.6228],[77.8549,15.626],[77.8319,15.63],[77.8258,15.6075],[77.8106,15.5783],[77.8026,15.5748],[77.8017,15.5668],[77.7878,15.5597],[77.7814,15.5635],[77.7849,15.58],[77.7963,15.5901],[77.8025,15.6027],[77.8053,15.6021],[77.8134,15.6131],[77.8203,15.6286],[77.8267,15.6336],[77.8204,15.6705],[77.8139,15.6699],[77.8122,15.6504],[77.8061,15.6398],[77.7983,15.6405],[77.7915,15.653],[77.7836,15.6499],[77.7718,15.6314],[77.7539,15.637],[77.7546,15.6431],[77.7513,15.6441],[77.7558,15.6599],[77.7447,15.6646],[77.7513,15.6729],[77.7487,15.6769],[77.7513,15.6785],[77.7325,15.6893],[77.7137,15.6872],[77.7102,15.6904],[77.7118,15.7121],[77.6856,15.7172],[77.6935,15.7642],[77.6878,15.7762],[77.6823,15.7792],[77.647,15.7797],[77.6488,15.788],[77.6356,15.7995],[77.6353,15.8089],[77.6242,15.809],[77.6072,15.8211],[77.6166,15.8452],[77.6234,15.8431],[77.63,15.8501],[77.634,15.8716],[77.6295,15.8747],[77.6333,15.8825],[77.6227,15.886],[77.6147,15.8829],[77.6097,15.8916],[77.6237,15.8898],[77.6374,15.8967],[77.6532,15.889],[77.6578,15.8871],[77.6938,15.8845],[77.7126,15.8953],[77.7257,15.8967],[77.7484,15.8863],[77.7684,15.887],[77.7825,15.8776],[77.7839,15.8776],[77.7895,15.8779],[77.7919,15.8779],[77.7935,15.8777],[77.7977,15.8768],[77.8047,15.8755],[77.8195,15.879],[77.8382,15.8859],[77.8579,15.8846],[77.8679,15.8953],[77.8683,15.8957],[77.8828,15.9068],[77.8895,15.9067]]]}},{"type":"Feature","properties":{"ac_no":144,"name":"Yemmiganur","district":"Kurnool","reservation":null,"loksabha":"Kurnool"},"geometry":{"type":"Polygon","coordinates":[[[77.5388,15.9223],[77.5393,15.9222],[77.5809,15.9195],[77.5921,15.9132],[77.5933,15.913],[77.6132,15.9184],[77.6374,15.8967],[77.6237,15.8898],[77.6097,15.8916],[77.6147,15.8829],[77.6227,15.886],[77.6333,15.8825],[77.6295,15.8747],[77.634,15.8716],[77.63,15.8501],[77.6234,15.8431],[77.6166,15.8452],[77.6072,15.8211],[77.6242,15.809],[77.6353,15.8089],[77.6356,15.7995],[77.6488,15.788],[77.647,15.7797],[77.6823,15.7792],[77.6878,15.7762],[77.6935,15.7642],[77.6856,15.7172],[77.7118,15.7121],[77.7102,15.6904],[77.7137,15.6872],[77.7325,15.6893],[77.7513,15.6785],[77.7487,15.6769],[77.7513,15.6729],[77.7447,15.6646],[77.7558,15.6599],[77.7513,15.6441],[77.7546,15.6431],[77.7539,15.637],[77.7456,15.6288],[77.7442,15.6162],[77.7361,15.6119],[77.7232,15.6194],[77.7043,15.622],[77.6936,15.6284],[77.7176,15.6339],[77.7343,15.6636],[77.7069,15.6587],[77.6861,15.6429],[77.6674,15.649],[77.6557,15.6378],[77.6503,15.6386],[77.6523,15.6558],[77.6431,15.6651],[77.6274,15.6615],[77.6264,15.6558],[77.6032,15.6606],[77.5946,15.6482],[77.5863,15.6614],[77.5867,15.671],[77.5781,15.6721],[77.5665,15.6655],[77.5591,15.6723],[77.5446,15.6741],[77.5403,15.665],[77.5349,15.6686],[77.5286,15.6595],[77.5188,15.6556],[77.5194,15.6465],[77.5154,15.6479],[77.5135,15.6429],[77.5088,15.6442],[77.5065,15.6359],[77.5107,15.6308],[77.5088,15.6272],[77.4962,15.6234],[77.4802,15.6264],[77.4789,15.6118],[77.4744,15.6114],[77.4579,15.6138],[77.4614,15.6481],[77.4675,15.6523],[77.436,15.6673],[77.432,15.6672],[77.4172,15.651],[77.3994,15.6567],[77.3815,15.6577],[77.367,15.6683],[77.3474,15.6758],[77.3496,15.7025],[77.3615,15.7125],[77.372,15.7312],[77.3849,15.7419],[77.435,15.7342],[77.4409,15.7415],[77.4489,15.738],[77.4521,15.7549],[77.4414,15.7584],[77.4395,15.7693],[77.4565,15.7728],[77.457,15.7765],[77.4491,15.7778],[77.4458,15.7895],[77.4227,15.7912],[77.4219,15.8035],[77.3982,15.8202],[77.3978,15.8446],[77.3991,15.8523],[77.4242,15.8511],[77.4394,15.867],[77.4329,15.878],[77.4347,15.8938],[77.4383,15.9121],[77.4513,15.9405],[77.4671,15.9344],[77.4984,15.9337],[77.5388,15.9223]]]}},{"type":"Feature","properties":{"ac_no":145,"name":"Mantralayam","district":"Kurnool","reservation":null,"loksabha":"Kurnool"},"geometry":{"type":"Polygon","coordinates":[[[77.4513,15.9405],[77.4383,15.9121],[77.4347,15.8938],[77.4329,15.878],[77.4394,15.867],[77.4242,15.8511],[77.3991,15.8523],[77.3978,15.8446],[77.3982,15.8202],[77.4219,15.8035],[77.4227,15.7912],[77.4458,15.7895],[77.4491,15.7778],[77.457,15.7765],[77.4565,15.7728],[77.4395,15.7693],[77.4414,15.7584],[77.4521,15.7549],[77.4489,15.738],[77.4409,15.7415],[77.435,15.7342],[77.3849,15.7419],[77.372,15.7312],[77.3615,15.7125],[77.3496,15.7025],[77.3474,15.6758],[77.3201,15.6797],[77.317,15.6773],[77.3011,15.6841],[77.3149,15.7012],[77.3204,15.6956],[77.3471,15.6988],[77.3449,15.7102],[77.3333,15.7213],[77.3116,15.7132],[77.2922,15.7233],[77.2873,15.7127],[77.28,15.7098],[77.2691,15.7155],[77.2668,15.7402],[77.2704,15.751],[77.2818,15.7628],[77.2812,15.7817],[77.2477,15.7888],[77.2457,15.7855],[77.2342,15.7879],[77.2173,15.7855],[77.2149,15.7557],[77.2228,15.7555],[77.2269,15.7443],[77.2215,15.7413],[77.2202,15.7175],[77.2105,15.7185],[77.2136,15.7094],[77.2112,15.6936],[77.1631,15.6865],[77.1431,15.6936],[77.1364,15.6996],[77.1214,15.6712],[77.0938,15.6904],[77.0787,15.6951],[77.0874,15.7155],[77.0789,15.7163],[77.0797,15.7275],[77.0491,15.7303],[77.0494,15.74],[77.0459,15.7404],[77.0478,15.7562],[77.0542,15.7561],[77.0563,15.7627],[77.051,15.7646],[77.0522,15.7697],[77.0567,15.7686],[77.0608,15.7862],[77.0663,15.7851],[77.0672,15.7888],[77.0669,15.8026],[77.0636,15.8032],[77.0652,15.8278],[77.0434,15.8288],[77.0401,15.8328],[77.0355,15.8297],[77.025,15.8376],[77.0333,15.8586],[77.0563,15.8824],[77.0724,15.9102],[77.1034,15.9291],[77.1365,15.9379],[77.1553,15.95],[77.1735,15.9505],[77.1847,15.9567],[77.2354,15.9575],[77.25,15.965],[77.2844,15.9539],[77.3005,15.9579],[77.322,15.9504],[77.3614,15.9495],[77.3791,15.9396],[77.3975,15.9443],[77.4151,15.942],[77.4277,15.949],[77.4513,15.9405]]]}},{"type":"Feature","properties":{"ac_no":146,"name":"Adoni","district":"Kurnool","reservation":null,"loksabha":"Kurnool"},"geometry":{"type":"Polygon","coordinates":[[[77.3474,15.6758],[77.367,15.6683],[77.3815,15.6577],[77.3994,15.6567],[77.4172,15.651],[77.4195,15.6395],[77.4178,15.6354],[77.4096,15.6386],[77.4024,15.5975],[77.3757,15.5997],[77.3766,15.5814],[77.3705,15.5813],[77.3535,15.569],[77.3432,15.5462],[77.3371,15.5479],[77.3341,15.5542],[77.3129,15.5599],[77.2817,15.5618],[77.2798,15.5252],[77.2713,15.5249],[77.2638,15.5194],[77.2536,15.5182],[77.2497,15.5256],[77.2363,15.5294],[77.2324,15.5405],[77.2223,15.5412],[77.2221,15.536],[77.2108,15.5343],[77.2017,15.521],[77.1917,15.5281],[77.1812,15.5541],[77.18,15.5695],[77.1743,15.5693],[77.171,15.5957],[77.1501,15.5914],[77.1514,15.6022],[77.141,15.6025],[77.1236,15.5896],[77.1233,15.585],[77.1141,15.5839],[77.1141,15.5794],[77.1012,15.5783],[77.0778,15.5827],[77.0638,15.5923],[77.0319,15.6022],[77.0304,15.6345],[77.0717,15.6467],[77.0832,15.6592],[77.1014,15.6485],[77.1063,15.6374],[77.1214,15.6311],[77.1289,15.6659],[77.1201,15.6676],[77.1214,15.6712],[77.1364,15.6996],[77.1431,15.6936],[77.1631,15.6865],[77.2112,15.6936],[77.2136,15.7094],[77.2105,15.7185],[77.2202,15.7175],[77.2215,15.7413],[77.2269,15.7443],[77.2228,15.7555],[77.2149,15.7557],[77.2173,15.7855],[77.2342,15.7879],[77.2457,15.7855],[77.2477,15.7888],[77.2812,15.7817],[77.2818,15.7628],[77.2704,15.751],[77.2668,15.7402],[77.2691,15.7155],[77.28,15.7098],[77.2873,15.7127],[77.2922,15.7233],[77.3116,15.7132],[77.3333,15.7213],[77.3449,15.7102],[77.3471,15.6988],[77.3204,15.6956],[77.3149,15.7012],[77.3011,15.6841],[77.317,15.6773],[77.3201,15.6797],[77.3474,15.6758]]]}},{"type":"Feature","properties":{"ac_no":147,"name":"Alur","district":"Kurnool","reservation":null,"loksabha":"Kurnool"},"geometry":{"type":"Polygon","coordinates":[[[77.7361,15.6119],[77.7309,15.5986],[77.7137,15.585],[77.7114,15.57],[77.7054,15.5666],[77.7397,15.5509],[77.7385,15.5455],[77.7352,15.5469],[77.7345,15.5433],[77.7307,15.5456],[77.725,15.53],[77.7319,15.5186],[77.7269,15.5128],[77.7132,15.518],[77.7083,15.5129],[77.6865,15.5276],[77.682,15.5257],[77.6765,15.4966],[77.6825,15.4953],[77.683,15.4895],[77.6666,15.4809],[77.6609,15.4589],[77.6663,15.4471],[77.6553,15.4452],[77.654,15.4396],[77.6445,15.4437],[77.6288,15.4337],[77.6263,15.4264],[77.6084,15.4231],[77.5866,15.4253],[77.585,15.4517],[77.5945,15.47],[77.5934,15.4792],[77.5769,15.4836],[77.5587,15.4959],[77.5456,15.4945],[77.5539,15.4701],[77.5528,15.4644],[77.5411,15.4638],[77.5301,15.4723],[77.5312,15.4933],[77.5063,15.5126],[77.5078,15.502],[77.5018,15.4918],[77.4931,15.4867],[77.4999,15.4678],[77.4981,15.4635],[77.487,15.459],[77.4746,15.4658],[77.4732,15.473],[77.4781,15.4783],[77.4739,15.4813],[77.4589,15.4861],[77.4387,15.4817],[77.4147,15.5028],[77.4039,15.4496],[77.3958,15.4277],[77.4124,15.4235],[77.4082,15.3914],[77.3811,15.3838],[77.3822,15.3691],[77.4125,15.3609],[77.4066,15.3345],[77.3808,15.3365],[77.3721,15.3296],[77.361,15.3289],[77.349,15.3344],[77.3355,15.2796],[77.3542,15.2696],[77.3561,15.258],[77.3617,15.2549],[77.3612,15.2469],[77.3995,15.2388],[77.4073,15.2252],[77.4063,15.2206],[77.3946,15.2185],[77.3631,15.2242],[77.3623,15.2143],[77.3538,15.2001],[77.3514,15.1784],[77.3308,15.1757],[77.3163,15.1781],[77.3098,15.1554],[77.2996,15.1552],[77.2917,15.132],[77.2715,15.1317],[77.264,15.1434],[77.2301,15.145],[77.2024,15.1607],[77.1881,15.1583],[77.1803,15.1441],[77.1766,15.1431],[77.1604,15.1479],[77.1379,15.1451],[77.1347,15.1483],[77.1408,15.1586],[77.1628,15.1574],[77.1649,15.1682],[77.1691,15.1719],[77.1659,15.1894],[77.1548,15.2148],[77.1517,15.2147],[77.1454,15.2251],[77.1251,15.2269],[77.1263,15.24],[77.1362,15.241],[77.1438,15.2573],[77.1679,15.2581],[77.1672,15.2684],[77.1598,15.2676],[77.1533,15.274],[77.1477,15.2729],[77.1522,15.2758],[77.1518,15.2923],[77.1184,15.2949],[77.1172,15.3257],[77.113,15.3274],[77.1134,15.3341],[77.0749,15.3261],[77.0644,15.328],[77.0644,15.3452],[77.0456,15.3558],[77.0421,15.3626],[77.0473,15.3907],[77.0293,15.4053],[77.0338,15.4184],[77.0333,15.4332],[77.0091,15.4512],[76.9976,15.4752],[76.9776,15.4884],[76.9734,15.4969],[76.9731,15.5096],[77.0296,15.5017],[77.0313,15.5441],[77.0262,15.5817],[77.0319,15.6022],[77.0638,15.5923],[77.0778,15.5827],[77.1012,15.5783],[77.1141,15.5794],[77.1141,15.5839],[77.1233,15.585],[77.1236,15.5896],[77.141,15.6025],[77.1514,15.6022],[77.1501,15.5914],[77.171,15.5957],[77.1743,15.5693],[77.18,15.5695],[77.1812,15.5541],[77.1917,15.5281],[77.2017,15.521],[77.2108,15.5343],[77.2221,15.536],[77.2223,15.5412],[77.2324,15.5405],[77.2363,15.5294],[77.2497,15.5256],[77.2536,15.5182],[77.2638,15.5194],[77.2713,15.5249],[77.2798,15.5252],[77.2817,15.5618],[77.3129,15.5599],[77.3341,15.5542],[77.3371,15.5479],[77.3432,15.5462],[77.3535,15.569],[77.3705,15.5813],[77.3766,15.5814],[77.3757,15.5997],[77.4024,15.5975],[77.4096,15.6386],[77.4178,15.6354],[77.4195,15.6395],[77.4172,15.651],[77.432,15.6672],[77.436,15.6673],[77.4675,15.6523],[77.4614,15.6481],[77.4579,15.6138],[77.4744,15.6114],[77.4789,15.6118],[77.4802,15.6264],[77.4962,15.6234],[77.5088,15.6272],[77.5107,15.6308],[77.5065,15.6359],[77.5088,15.6442],[77.5135,15.6429],[77.5154,15.6479],[77.5194,15.6465],[77.5188,15.6556],[77.5286,15.6595],[77.5349,15.6686],[77.5403,15.665],[77.5446,15.6741],[77.5591,15.6723],[77.5665,15.6655],[77.5781,15.6721],[77.5867,15.671],[77.5863,15.6614],[77.5946,15.6482],[77.6032,15.6606],[77.6264,15.6558],[77.6274,15.6615],[77.6431,15.6651],[77.6523,15.6558],[77.6503,15.6386],[77.6557,15.6378],[77.6674,15.649],[77.6861,15.6429],[77.7069,15.6587],[77.7343,15.6636],[77.7176,15.6339],[77.6936,15.6284],[77.7043,15.622],[77.7232,15.6194],[77.7361,15.6119]]]}},{"type":"Feature","properties":{"ac_no":148,"name":"Rayadurg","district":"Ananthapuramu","reservation":null,"loksabha":"Anantapur"},"geometry":{"type":"Polygon","coordinates":[[[77.0825,15.0066],[77.0868,14.982],[77.0921,14.9724],[77.1051,14.9712],[77.1043,14.9609],[77.1133,14.9284],[77.1371,14.9308],[77.1377,14.9356],[77.1486,14.9278],[77.1487,14.9114],[77.1354,14.9065],[77.1384,14.887],[77.174,14.884],[77.1705,14.8321],[77.1908,14.8306],[77.1907,14.8275],[77.1846,14.7943],[77.1698,14.7941],[77.1659,14.7897],[77.1677,14.7848],[77.1638,14.7847],[77.1618,14.7793],[77.2072,14.7706],[77.2017,14.7569],[77.1995,14.736],[77.1229,14.7431],[77.1217,14.7396],[77.1101,14.7429],[77.1115,14.7539],[77.1075,14.7581],[77.0723,14.7631],[77.0573,14.7406],[77.0461,14.7044],[77.0592,14.678],[77.0542,14.6694],[77.056,14.6589],[77.0529,14.6497],[77.04,14.6416],[77.0263,14.647],[77.0065,14.6358],[76.9829,14.6325],[76.9481,14.6095],[76.931,14.6135],[76.9162,14.5979],[76.9053,14.5744],[76.8835,14.5759],[76.8786,14.5657],[76.8624,14.5574],[76.8612,14.5409],[76.843,14.5395],[76.833,14.5282],[76.8299,14.5305],[76.823,14.5269],[76.8063,14.5311],[76.8028,14.5422],[76.7914,14.5547],[76.7818,14.5965],[76.7802,14.5931],[76.765,14.6021],[76.7725,14.6391],[76.7753,14.6811],[76.7863,14.6962],[76.7865,14.7085],[76.8029,14.7419],[76.79,14.7591],[76.789,14.7723],[76.7824,14.786],[76.817,14.7879],[76.8204,14.789],[76.8191,14.7931],[76.8365,14.7909],[76.8374,14.8111],[76.8542,14.8098],[76.8547,14.8178],[76.846,14.8221],[76.8456,14.8341],[76.8418,14.8365],[76.8539,14.8428],[76.857,14.8674],[76.8539,14.8691],[76.8525,14.8869],[76.8455,14.8894],[76.8474,14.8959],[76.8638,14.8955],[76.8695,14.9377],[76.8672,14.9695],[76.8416,14.966],[76.834,14.9563],[76.8289,14.9562],[76.8181,14.9691],[76.7951,14.969],[76.7776,14.975],[76.7666,14.9746],[76.76,14.9895],[76.775,14.9932],[76.7787,15.0046],[76.7871,15.0079],[76.7901,15.0207],[76.7834,15.0426],[76.7803,15.0427],[76.7736,15.0591],[76.7752,15.0723],[76.7799,15.076],[76.7767,15.0784],[76.7823,15.0777],[76.7861,15.0882],[76.7925,15.0879],[76.8004,15.0962],[76.8239,15.0804],[76.8361,15.0796],[76.861,15.0601],[76.866,15.06],[76.8653,15.0556],[76.878,15.0358],[76.8773,15.0306],[76.8951,15.0374],[76.9073,15.0329],[76.9185,15.0359],[76.9225,15.0316],[76.9497,15.0307],[76.966,15.0184],[76.9853,15.0155],[76.986,15.0265],[77.003,15.0309],[77.0041,15.0338],[77.0496,15.0331],[77.0504,15.0245],[77.0441,15.0098],[77.069,15.0048],[77.0825,15.0066]]]}},{"type":"Feature","properties":{"ac_no":149,"name":"Uravakonda","district":"Ananthapuramu","reservation":null,"loksabha":"Anantapur"},"geometry":{"type":"Polygon","coordinates":[[[77.3098,15.1554],[77.3162,15.1532],[77.3168,15.1482],[77.3436,15.146],[77.3787,15.1328],[77.3923,15.1137],[77.4117,15.106],[77.407,15.1004],[77.4141,15.0789],[77.4244,15.0718],[77.4452,15.0654],[77.4364,15.0386],[77.4521,15.0332],[77.4608,15.0232],[77.4461,15.0094],[77.4518,14.9885],[77.4456,14.9884],[77.4511,14.9817],[77.4398,14.9712],[77.4366,14.9582],[77.4262,14.944],[77.4193,14.9131],[77.4094,14.9098],[77.4203,14.8992],[77.4226,14.8898],[77.4282,14.8844],[77.4256,14.8808],[77.4296,14.8641],[77.4488,14.8311],[77.4491,14.8221],[77.4582,14.8166],[77.4729,14.8167],[77.4649,14.7945],[77.4799,14.7936],[77.5003,14.7767],[77.5016,14.7541],[77.5277,14.7604],[77.5398,14.7537],[77.5445,14.749],[77.5356,14.7323],[77.5351,14.7179],[77.5255,14.7123],[77.5227,14.7042],[77.4971,14.7089],[77.4891,14.7038],[77.4764,14.7077],[77.4455,14.7036],[77.4384,14.6847],[77.432,14.6836],[77.4298,14.6773],[77.437,14.6821],[77.4279,14.6712],[77.4221,14.675],[77.4218,14.6905],[77.4059,14.6972],[77.3732,14.6895],[77.3656,14.6924],[77.3585,14.6892],[77.328,14.6927],[77.2973,14.6805],[77.2939,14.666],[77.2754,14.6683],[77.2789,14.6627],[77.283,14.6635],[77.2892,14.6476],[77.2929,14.6482],[77.2914,14.6349],[77.2876,14.6325],[77.2872,14.6173],[77.294,14.6041],[77.2794,14.5923],[77.2707,14.5978],[77.2696,14.5937],[77.2563,14.5887],[77.2457,14.6109],[77.2447,14.6259],[77.2367,14.6338],[77.2168,14.6353],[77.2163,14.6308],[77.2117,14.6304],[77.2104,14.6229],[77.2141,14.6205],[77.2109,14.6154],[77.1979,14.6134],[77.1893,14.626],[77.1615,14.6222],[77.1575,14.6273],[77.1386,14.635],[77.0958,14.6351],[77.0663,14.6266],[77.0588,14.6465],[77.0529,14.6497],[77.056,14.6589],[77.0542,14.6694],[77.0592,14.678],[77.0461,14.7044],[77.0573,14.7406],[77.0723,14.7631],[77.1075,14.7581],[77.1115,14.7539],[77.1101,14.7429],[77.1217,14.7396],[77.1229,14.7431],[77.1995,14.736],[77.2017,14.7569],[77.2072,14.7706],[77.1618,14.7793],[77.1638,14.7847],[77.1677,14.7848],[77.1659,14.7897],[77.1698,14.7941],[77.1846,14.7943],[77.1907,14.8275],[77.1908,14.8306],[77.1705,14.8321],[77.174,14.884],[77.1384,14.887],[77.1354,14.9065],[77.1487,14.9114],[77.1486,14.9278],[77.1377,14.9356],[77.1371,14.9308],[77.1133,14.9284],[77.1043,14.9609],[77.1051,14.9712],[77.0921,14.9724],[77.0868,14.982],[77.0825,15.0066],[77.0848,15.0307],[77.0909,15.0293],[77.0937,15.0361],[77.1129,15.0341],[77.1153,15.0464],[77.1195,15.0457],[77.1282,15.0723],[77.1301,15.1008],[77.1421,15.1046],[77.1563,15.1229],[77.1573,15.1405],[77.1489,15.1399],[77.1379,15.1451],[77.1604,15.1479],[77.1766,15.1431],[77.1803,15.1441],[77.1881,15.1583],[77.2024,15.1607],[77.2301,15.145],[77.264,15.1434],[77.2715,15.1317],[77.2917,15.132],[77.2996,15.1552],[77.3098,15.1554]]]}},{"type":"Feature","properties":{"ac_no":150,"name":"Guntakal","district":"Ananthapuramu","reservation":null,"loksabha":"Anantapur"},"geometry":{"type":"Polygon","coordinates":[[[77.6715,15.2329],[77.6771,15.2294],[77.6788,15.2178],[77.6889,15.2144],[77.691,15.2078],[77.6977,15.2068],[77.6929,15.1848],[77.7013,15.1808],[77.7116,15.1876],[77.7174,15.1797],[77.7165,15.173],[77.733,15.1694],[77.7305,15.1513],[77.7464,15.1416],[77.7488,15.1295],[77.7739,15.1255],[77.771,15.115],[77.7632,15.1128],[77.7613,15.1043],[77.7458,15.1093],[77.731,15.1075],[77.7263,15.094],[77.7174,15.0901],[77.7016,15.0983],[77.6896,15.0886],[77.681,15.0941],[77.6802,15.0872],[77.6758,15.0857],[77.6676,15.0922],[77.6562,15.0917],[77.6474,15.0962],[77.6434,15.0864],[77.6291,15.0919],[77.6183,15.0774],[77.6134,15.0781],[77.614,15.054],[77.6241,15.0592],[77.6308,15.0551],[77.6302,15.0498],[77.6457,15.0463],[77.647,15.0329],[77.6242,15.0344],[77.6056,15.0152],[77.5917,15.0135],[77.6083,15.0114],[77.6103,15.0073],[77.6125,15.0112],[77.6483,15.0195],[77.648,15.0105],[77.6541,15.009],[77.6472,14.9632],[77.6336,14.9646],[77.6318,14.9477],[77.6122,14.9452],[77.6083,14.935],[77.5965,14.9374],[77.5735,14.9343],[77.5558,14.9139],[77.534,14.9042],[77.4976,14.9049],[77.4932,14.8972],[77.4901,14.9013],[77.481,14.9021],[77.4819,14.9056],[77.476,14.9055],[77.4592,14.8843],[77.4282,14.8844],[77.4226,14.8898],[77.4203,14.8992],[77.4094,14.9098],[77.4193,14.9131],[77.4262,14.944],[77.4366,14.9582],[77.4398,14.9712],[77.4511,14.9817],[77.4456,14.9884],[77.4518,14.9885],[77.4461,15.0094],[77.4608,15.0232],[77.4521,15.0332],[77.4364,15.0386],[77.4452,15.0654],[77.4244,15.0718],[77.4141,15.0789],[77.407,15.1004],[77.4117,15.106],[77.3923,15.1137],[77.3787,15.1328],[77.3436,15.146],[77.3168,15.1482],[77.3162,15.1532],[77.3098,15.1554],[77.3163,15.1781],[77.3308,15.1757],[77.3514,15.1784],[77.3538,15.2001],[77.3623,15.2143],[77.3631,15.2242],[77.3946,15.2185],[77.4063,15.2206],[77.4073,15.2252],[77.4332,15.2221],[77.4347,15.2114],[77.4508,15.2069],[77.4467,15.2154],[77.4506,15.2169],[77.4515,15.2237],[77.4679,15.2191],[77.4813,15.2099],[77.502,15.223],[77.5275,15.2253],[77.5423,15.2101],[77.5665,15.2043],[77.5734,15.1987],[77.5759,15.2005],[77.5754,15.1959],[77.5826,15.1891],[77.5965,15.1846],[77.6115,15.1847],[77.6105,15.1969],[77.6157,15.2077],[77.6352,15.2081],[77.6372,15.2225],[77.6496,15.2262],[77.6518,15.2338],[77.6715,15.2329]]]}},{"type":"Feature","properties":{"ac_no":151,"name":"Tadipatri","district":"Ananthapuramu","reservation":null,"loksabha":"Anantapur"},"geometry":{"type":"Polygon","coordinates":[[[77.9155,15.1742],[77.9194,15.1749],[77.9182,15.1711],[77.9233,15.1648],[77.9205,15.1543],[77.9247,15.1534],[77.9241,15.1486],[77.9137,15.1455],[77.9095,15.1405],[77.9113,15.1366],[77.9087,15.1348],[77.9148,15.133],[77.915,15.13],[77.9073,15.1317],[77.9061,15.1246],[77.9326,15.1133],[77.9366,15.1156],[77.9613,15.1098],[77.9649,15.1237],[77.9746,15.1401],[77.9938,15.1343],[77.9977,15.1252],[78.0066,15.1234],[78.0144,15.1134],[78.014,15.103],[78.0068,15.0948],[78.0059,15.0825],[77.9977,15.0821],[77.9954,15.0653],[78.0045,15.054],[78.011,15.0524],[78.0109,15.0286],[78.0217,15.0179],[78.0268,15.017],[78.034,15.0006],[78.0546,14.993],[78.0603,15.0044],[78.0657,14.9958],[78.0886,14.9829],[78.0874,14.9731],[78.1334,14.962],[78.1375,14.9487],[78.1312,14.9349],[78.1267,14.9339],[78.1239,14.9376],[78.1125,14.931],[78.0947,14.8852],[78.0895,14.8583],[78.1139,14.8514],[78.1014,14.8177],[78.0805,14.8267],[78.0709,14.8327],[78.0724,14.8375],[78.0391,14.8511],[78.0394,14.8582],[78.0244,14.8627],[78.0213,14.8679],[77.9944,14.8637],[77.9939,14.8515],[77.9899,14.8476],[77.9614,14.8541],[77.9608,14.8588],[77.9568,14.8601],[77.9589,14.866],[77.9205,14.8599],[77.921,14.8685],[77.9095,14.8705],[77.8972,14.8685],[77.896,14.8433],[77.8871,14.8406],[77.8694,14.817],[77.867,14.8081],[77.8584,14.8046],[77.8572,14.8149],[77.8482,14.8145],[77.8459,14.8209],[77.8373,14.8177],[77.8395,14.8239],[77.8346,14.8288],[77.8273,14.8266],[77.8318,14.84],[77.8324,14.8684],[77.8206,14.8715],[77.8187,14.887],[77.8092,14.8961],[77.8046,14.91],[77.7735,14.8936],[77.7631,14.8936],[77.7227,14.9135],[77.7043,14.9278],[77.6793,14.9342],[77.6575,14.9339],[77.6318,14.9477],[77.6336,14.9646],[77.6472,14.9632],[77.6541,15.009],[77.648,15.0105],[77.6483,15.0195],[77.6125,15.0112],[77.6103,15.0073],[77.6083,15.0114],[77.5917,15.0135],[77.6056,15.0152],[77.6242,15.0344],[77.647,15.0329],[77.6457,15.0463],[77.6302,15.0498],[77.6308,15.0551],[77.6241,15.0592],[77.614,15.054],[77.6134,15.0781],[77.6183,15.0774],[77.6291,15.0919],[77.6434,15.0864],[77.6474,15.0962],[77.6562,15.0917],[77.6676,15.0922],[77.6758,15.0857],[77.6802,15.0872],[77.681,15.0941],[77.6896,15.0886],[77.7016,15.0983],[77.7174,15.0901],[77.7263,15.094],[77.731,15.1075],[77.7458,15.1093],[77.7613,15.1043],[77.7632,15.1128],[77.771,15.115],[77.7792,15.1118],[77.7844,15.1142],[77.7915,15.1073],[77.7963,15.1201],[77.8112,15.1297],[77.8098,15.1363],[77.8157,15.144],[77.839,15.146],[77.8427,15.1306],[77.854,15.136],[77.8753,15.1363],[77.8812,15.1505],[77.8846,15.1795],[77.9042,15.1789],[77.9155,15.1742]]]}},{"type":"Feature","properties":{"ac_no":152,"name":"Singanamala","district":"Ananthapuramu","reservation":"SC","loksabha":"Anantapur"},"geometry":{"type":"Polygon","coordinates":[[[77.6318,14.9477],[77.6575,14.9339],[77.6793,14.9342],[77.7043,14.9278],[77.7227,14.9135],[77.7631,14.8936],[77.7735,14.8936],[77.8046,14.91],[77.8092,14.8961],[77.8187,14.887],[77.8206,14.8715],[77.8324,14.8684],[77.8318,14.84],[77.8273,14.8266],[77.8346,14.8288],[77.8395,14.8239],[77.8373,14.8177],[77.8459,14.8209],[77.8482,14.8145],[77.8572,14.8149],[77.8584,14.8046],[77.867,14.8081],[77.8694,14.817],[77.8871,14.8406],[77.896,14.8433],[77.8972,14.8685],[77.9095,14.8705],[77.921,14.8685],[77.9205,14.8599],[77.9589,14.866],[77.9568,14.8601],[77.9608,14.8588],[77.9614,14.8541],[77.9899,14.8476],[77.9939,14.8515],[77.9944,14.8637],[78.0213,14.8679],[78.0244,14.8627],[78.0394,14.8582],[78.0391,14.8511],[78.0724,14.8375],[78.0709,14.8327],[78.0805,14.8267],[78.0768,14.8279],[78.0756,14.8169],[78.0658,14.7978],[78.0464,14.7728],[78.0765,14.7531],[78.0779,14.7458],[78.0637,14.7192],[78.067,14.7162],[78.0779,14.7188],[78.0944,14.7141],[78.0982,14.7082],[78.0968,14.7017],[78.1099,14.7022],[78.1099,14.6931],[78.1169,14.6923],[78.1196,14.6979],[78.135,14.6962],[78.132,14.6708],[78.1299,14.6498],[78.1197,14.6349],[78.1243,14.6306],[78.1222,14.6244],[78.1127,14.6262],[78.1137,14.6289],[78.0884,14.6313],[78.0746,14.5891],[78.0648,14.573],[78.0395,14.5672],[78.0388,14.5564],[78.0444,14.5472],[78.0407,14.5341],[78.0334,14.5311],[78.0144,14.5384],[77.9873,14.5406],[77.9829,14.5461],[77.9851,14.555],[77.9823,14.5672],[77.9893,14.5678],[77.9822,14.5955],[77.991,14.6117],[77.9805,14.6217],[77.9678,14.624],[77.9579,14.6353],[77.8987,14.6434],[77.8939,14.6485],[77.8847,14.6481],[77.8785,14.6439],[77.8702,14.6544],[77.8615,14.6437],[77.8503,14.638],[77.8538,14.6349],[77.8558,14.6141],[77.8403,14.6129],[77.8552,14.6091],[77.8521,14.6005],[77.8461,14.5987],[77.8251,14.6058],[77.8177,14.6014],[77.8045,14.6161],[77.7952,14.6134],[77.7736,14.5957],[77.761,14.5942],[77.7583,14.597],[77.7388,14.5925],[77.7331,14.6017],[77.7436,14.6069],[77.7441,14.6262],[77.7374,14.6224],[77.7161,14.6232],[77.7103,14.6347],[77.6914,14.6429],[77.686,14.6207],[77.6799,14.6193],[77.6565,14.6353],[77.6544,14.6456],[77.6593,14.661],[77.6579,14.6665],[77.6403,14.6766],[77.626,14.6741],[77.6118,14.6958],[77.6079,14.7217],[77.6152,14.7346],[77.6165,14.7452],[77.6012,14.7501],[77.5961,14.7669],[77.5768,14.7719],[77.5759,14.769],[77.5574,14.7651],[77.5512,14.7672],[77.5398,14.7537],[77.5277,14.7604],[77.5016,14.7541],[77.5003,14.7767],[77.4799,14.7936],[77.4649,14.7945],[77.4729,14.8167],[77.4582,14.8166],[77.4491,14.8221],[77.4488,14.8311],[77.4296,14.8641],[77.4256,14.8808],[77.4282,14.8844],[77.4592,14.8843],[77.476,14.9055],[77.4819,14.9056],[77.481,14.9021],[77.4901,14.9013],[77.4932,14.8972],[77.4976,14.9049],[77.534,14.9042],[77.5558,14.9139],[77.5735,14.9343],[77.5965,14.9374],[77.6083,14.935],[77.6122,14.9452],[77.6318,14.9477]]]}},{"type":"Feature","properties":{"ac_no":153,"name":"Anantapur Urban","district":"Ananthapuramu","reservation":null,"loksabha":"Anantapur"},"geometry":{"type":"Polygon","coordinates":[[[77.6079,14.7217],[77.6118,14.6958],[77.626,14.6741],[77.6214,14.6423],[77.5969,14.6491],[77.5884,14.6481],[77.5924,14.6724],[77.5908,14.679],[77.5846,14.6831],[77.5925,14.6907],[77.5909,14.6942],[77.5767,14.6943],[77.574,14.6914],[77.5662,14.6936],[77.5753,14.7245],[77.5632,14.7348],[77.5839,14.7409],[77.5913,14.7363],[77.5936,14.7291],[77.588,14.7236],[77.5874,14.7159],[77.5928,14.7103],[77.6079,14.7217]]]}},{"type":"Feature","properties":{"ac_no":154,"name":"Kalyandurg","district":"Ananthapuramu","reservation":null,"loksabha":"Anantapur"},"geometry":{"type":"Polygon","coordinates":[[[77.2929,14.6482],[77.2989,14.6476],[77.3,14.6368],[77.318,14.6273],[77.3212,14.6167],[77.3468,14.6171],[77.3418,14.5671],[77.3487,14.5336],[77.3533,14.5288],[77.3583,14.5295],[77.3774,14.4983],[77.3591,14.4839],[77.3632,14.4622],[77.3329,14.4527],[77.3348,14.446],[77.3243,14.4354],[77.3166,14.3829],[77.3177,14.3778],[77.3212,14.3779],[77.319,14.3732],[77.3265,14.3689],[77.3276,14.3578],[77.3328,14.353],[77.3262,14.345],[77.3294,14.3429],[77.3283,14.3378],[77.3166,14.3349],[77.3198,14.3322],[77.3203,14.3118],[77.3334,14.3093],[77.3337,14.3051],[77.3423,14.3025],[77.3496,14.3085],[77.3505,14.2985],[77.3574,14.2951],[77.3576,14.2766],[77.3054,14.2834],[77.2836,14.2827],[77.2889,14.3055],[77.2866,14.3401],[77.2578,14.3305],[77.2541,14.3223],[77.2409,14.3173],[77.2289,14.3214],[77.2142,14.3189],[77.1993,14.321],[77.1854,14.332],[77.1709,14.3359],[77.168,14.3415],[77.1553,14.3427],[77.1367,14.3368],[77.1372,14.3238],[77.1314,14.3065],[77.1171,14.2932],[77.1159,14.2734],[77.1114,14.2689],[77.1119,14.2624],[77.1209,14.263],[77.116,14.2543],[77.1183,14.2448],[77.1149,14.2231],[77.0812,14.2142],[77.0759,14.2234],[77.0618,14.2295],[77.0577,14.2438],[77.0525,14.2455],[77.0361,14.2467],[77.0305,14.2423],[77.0057,14.2358],[77.0,14.2399],[76.9921,14.2392],[76.9859,14.2448],[76.9489,14.2393],[76.9406,14.2418],[76.9352,14.2592],[76.9257,14.2709],[76.9288,14.277],[76.9479,14.2839],[76.9565,14.2931],[76.945,14.3108],[76.9294,14.3119],[76.9036,14.3204],[76.8856,14.345],[76.8824,14.3557],[76.8857,14.3917],[76.9015,14.3978],[76.9162,14.4185],[76.9426,14.3983],[76.9454,14.4011],[76.9481,14.4106],[76.9452,14.4477],[76.9467,14.4502],[76.9598,14.4486],[76.9657,14.4548],[76.9752,14.474],[76.9751,14.4831],[76.9476,14.4871],[76.9008,14.4871],[76.8869,14.4813],[76.8849,14.475],[76.8684,14.4717],[76.8559,14.5092],[76.8355,14.5213],[76.833,14.5282],[76.843,14.5395],[76.8612,14.5409],[76.8624,14.5574],[76.8786,14.5657],[76.8835,14.5759],[76.9053,14.5744],[76.9162,14.5979],[76.931,14.6135],[76.9481,14.6095],[76.9829,14.6325],[77.0065,14.6358],[77.0263,14.647],[77.04,14.6416],[77.0529,14.6497],[77.0588,14.6465],[77.0663,14.6266],[77.0958,14.6351],[77.1386,14.635],[77.1575,14.6273],[77.1615,14.6222],[77.1893,14.626],[77.1979,14.6134],[77.2109,14.6154],[77.2141,14.6205],[77.2104,14.6229],[77.2117,14.6304],[77.2163,14.6308],[77.2168,14.6353],[77.2367,14.6338],[77.2447,14.6259],[77.2457,14.6109],[77.2563,14.5887],[77.2696,14.5937],[77.2707,14.5978],[77.2794,14.5923],[77.294,14.6041],[77.2872,14.6173],[77.2876,14.6325],[77.2914,14.6349],[77.2929,14.6482]]]}},{"type":"Feature","properties":{"ac_no":155,"name":"Raptadu","district":"Ananthapuramu","reservation":null,"loksabha":"Hindupur"},"geometry":{"type":"Polygon","coordinates":[[[77.6079,14.7217],[77.5928,14.7103],[77.5874,14.7159],[77.588,14.7236],[77.5936,14.7291],[77.5913,14.7363],[77.5839,14.7409],[77.5632,14.7348],[77.5753,14.7245],[77.5662,14.6936],[77.574,14.6914],[77.5767,14.6943],[77.5909,14.6942],[77.5925,14.6907],[77.5846,14.6831],[77.5908,14.679],[77.5924,14.6724],[77.5884,14.6481],[77.5969,14.6491],[77.6214,14.6423],[77.626,14.6741],[77.6403,14.6766],[77.6579,14.6665],[77.6593,14.661],[77.6544,14.6456],[77.6565,14.6353],[77.6799,14.6193],[77.686,14.6207],[77.6914,14.6429],[77.7103,14.6347],[77.7161,14.6232],[77.7374,14.6224],[77.7441,14.6262],[77.7436,14.6069],[77.7331,14.6017],[77.7388,14.5925],[77.7344,14.5891],[77.7387,14.5863],[77.7364,14.5767],[77.7289,14.5748],[77.721,14.5798],[77.712,14.5731],[77.7043,14.5462],[77.6937,14.5375],[77.6801,14.537],[77.6681,14.5413],[77.6545,14.5363],[77.6498,14.5183],[77.6588,14.5179],[77.675,14.5091],[77.677,14.4983],[77.6676,14.4874],[77.6574,14.4829],[77.6507,14.4856],[77.6481,14.478],[77.6424,14.4763],[77.6464,14.4623],[77.6395,14.4587],[77.6404,14.4552],[77.6367,14.4554],[77.6342,14.4478],[77.6421,14.4346],[77.6318,14.4224],[77.6326,14.4148],[77.6283,14.4125],[77.6328,14.4108],[77.6323,14.4079],[77.6285,14.4072],[77.6227,14.397],[77.6623,14.3936],[77.668,14.372],[77.6893,14.3732],[77.7025,14.3828],[77.7087,14.3796],[77.7106,14.3717],[77.7163,14.3703],[77.7351,14.3417],[77.7337,14.3361],[77.7243,14.3353],[77.7258,14.325],[77.7474,14.3267],[77.7514,14.3152],[77.7519,14.3266],[77.7762,14.3301],[77.791,14.339],[77.7999,14.3401],[77.7981,14.3268],[77.8079,14.3191],[77.824,14.3069],[77.8424,14.3068],[77.8476,14.3034],[77.85,14.2996],[77.8438,14.2894],[77.847,14.2789],[77.8428,14.2715],[77.845,14.2657],[77.8277,14.252],[77.8169,14.2704],[77.8026,14.2733],[77.7877,14.271],[77.781,14.2729],[77.7802,14.2789],[77.772,14.2785],[77.7619,14.2738],[77.7586,14.2598],[77.7519,14.2595],[77.7492,14.2534],[77.736,14.2506],[77.7333,14.255],[77.7113,14.2521],[77.6873,14.2422],[77.6651,14.2397],[77.6535,14.2317],[77.6381,14.2332],[77.6313,14.2279],[77.6104,14.23],[77.5929,14.2215],[77.5773,14.2239],[77.5666,14.2212],[77.5627,14.2113],[77.5639,14.1953],[77.5565,14.1935],[77.5514,14.1858],[77.5177,14.1831],[77.5051,14.1954],[77.5044,14.2104],[77.4953,14.2219],[77.4958,14.232],[77.4926,14.2309],[77.5034,14.2598],[77.4983,14.2788],[77.4872,14.2817],[77.4832,14.2907],[77.479,14.2922],[77.4597,14.2805],[77.4503,14.2807],[77.4452,14.2952],[77.4463,14.3175],[77.4313,14.313],[77.4284,14.3286],[77.4231,14.3282],[77.4109,14.3369],[77.3942,14.3366],[77.3784,14.3201],[77.3771,14.3048],[77.3888,14.2808],[77.3872,14.2712],[77.3958,14.2661],[77.4054,14.2667],[77.4089,14.2599],[77.4097,14.2319],[77.4177,14.2258],[77.4194,14.2116],[77.4144,14.2049],[77.3871,14.2],[77.3831,14.2081],[77.3842,14.221],[77.3776,14.2281],[77.3595,14.234],[77.3639,14.2758],[77.3576,14.2766],[77.3574,14.2951],[77.3505,14.2985],[77.3496,14.3085],[77.3423,14.3025],[77.3337,14.3051],[77.3334,14.3093],[77.3203,14.3118],[77.3198,14.3322],[77.3166,14.3349],[77.3283,14.3378],[77.3294,14.3429],[77.3262,14.345],[77.3328,14.353],[77.3276,14.3578],[77.3265,14.3689],[77.319,14.3732],[77.3212,14.3779],[77.3177,14.3778],[77.3166,14.3829],[77.3243,14.4354],[77.3348,14.446],[77.3329,14.4527],[77.3632,14.4622],[77.3591,14.4839],[77.3774,14.4983],[77.3583,14.5295],[77.3533,14.5288],[77.3487,14.5336],[77.3418,14.5671],[77.3468,14.6171],[77.3212,14.6167],[77.318,14.6273],[77.3,14.6368],[77.2989,14.6476],[77.2929,14.6482],[77.2892,14.6476],[77.283,14.6635],[77.2789,14.6627],[77.2754,14.6683],[77.2939,14.666],[77.2973,14.6805],[77.328,14.6927],[77.3585,14.6892],[77.3656,14.6924],[77.3732,14.6895],[77.4059,14.6972],[77.4218,14.6905],[77.4221,14.675],[77.4279,14.6712],[77.437,14.6821],[77.4298,14.6773],[77.432,14.6836],[77.4384,14.6847],[77.4455,14.7036],[77.4764,14.7077],[77.4891,14.7038],[77.4971,14.7089],[77.5227,14.7042],[77.5255,14.7123],[77.5351,14.7179],[77.5356,14.7323],[77.5445,14.749],[77.5398,14.7537],[77.5512,14.7672],[77.5574,14.7651],[77.5759,14.769],[77.5768,14.7719],[77.5961,14.7669],[77.6012,14.7501],[77.6165,14.7452],[77.6152,14.7346],[77.6079,14.7217]]]}},{"type":"Feature","properties":{"ac_no":156,"name":"Madakasira","district":"Sri Sathya Sai","reservation":"SC","loksabha":"Hindupur"},"geometry":{"type":"Polygon","coordinates":[[[77.4061,13.8905],[77.4093,13.8843],[77.4064,13.8769],[77.4215,13.8686],[77.422,13.8613],[77.4375,13.8552],[77.4346,13.8451],[77.4302,13.8443],[77.4152,13.8396],[77.3819,13.8394],[77.3787,13.8493],[77.3628,13.8542],[77.3368,13.8327],[77.3254,13.8332],[77.3215,13.8559],[77.3113,13.8665],[77.3106,13.8629],[77.2949,13.8574],[77.2883,13.8475],[77.2803,13.851],[77.2567,13.8465],[77.2591,13.8631],[77.2463,13.8679],[77.2487,13.8735],[77.2447,13.8833],[77.2483,13.9012],[77.2365,13.901],[77.2356,13.9041],[77.2306,13.9033],[77.2299,13.8916],[77.2199,13.8677],[77.2154,13.8679],[77.217,13.8837],[77.2131,13.8862],[77.2004,13.863],[77.1814,13.8698],[77.1857,13.8762],[77.1908,13.9119],[77.1847,13.9252],[77.1699,13.9206],[77.1619,13.9066],[77.1622,13.8995],[77.1689,13.89],[77.1715,13.8715],[77.1686,13.8645],[77.1476,13.8685],[77.136,13.8565],[77.1282,13.8565],[77.1322,13.8462],[77.156,13.8444],[77.1537,13.8341],[77.1655,13.8331],[77.1687,13.8296],[77.1677,13.8212],[77.1595,13.8169],[77.1626,13.8087],[77.1575,13.806],[77.1621,13.8048],[77.1652,13.7945],[77.1785,13.7827],[77.1731,13.762],[77.1511,13.7662],[77.1409,13.765],[77.1368,13.7583],[77.106,13.7678],[77.0904,13.7671],[77.0902,13.7624],[77.0855,13.7623],[77.0838,13.7566],[77.0856,13.7424],[77.0647,13.7438],[77.0575,13.753],[77.058,13.7603],[77.0441,13.7708],[77.0434,13.7778],[77.0245,13.7792],[77.0239,13.7679],[77.0174,13.7561],[77.0165,13.7385],[76.9976,13.7463],[76.9981,13.7544],[76.9852,13.7906],[76.9913,13.8012],[76.9907,13.8076],[76.9882,13.8132],[76.9763,13.8182],[76.9775,13.825],[76.9895,13.8363],[76.9923,13.8489],[77.0065,13.8521],[77.0142,13.8603],[77.0132,13.8715],[77.0185,13.8725],[77.0163,13.8844],[77.0232,13.8959],[77.023,13.9026],[77.0473,13.9066],[77.0417,13.9334],[77.0244,13.94],[77.0142,13.9549],[76.9967,13.9614],[77.0003,13.9895],[76.9673,14.0107],[76.9512,14.0148],[76.9448,14.0292],[76.9331,14.0318],[76.9351,14.0536],[76.9737,14.0579],[76.9791,14.07],[76.9767,14.08],[76.9611,14.0911],[76.952,14.0917],[76.9552,14.0999],[76.9456,14.1201],[76.9265,14.1364],[76.9165,14.1277],[76.8886,14.1362],[76.8963,14.1669],[76.9212,14.1637],[76.9251,14.1689],[76.9424,14.1722],[76.9443,14.1942],[76.949,14.1973],[76.9634,14.1806],[76.9904,14.1781],[77.0055,14.184],[77.0233,14.1767],[77.026,14.1748],[77.0204,14.1572],[77.0202,14.1313],[77.0259,14.1299],[77.0262,14.125],[77.0218,14.1232],[77.0241,14.1126],[77.0147,14.1],[77.0298,14.0882],[77.0256,14.0661],[77.0278,14.0621],[77.0349,14.0561],[77.0761,14.0533],[77.0753,14.0435],[77.0789,14.0426],[77.1274,14.047],[77.1318,14.0439],[77.1404,14.018],[77.1411,14.0039],[77.1503,14.0008],[77.1729,14.0009],[77.1709,14.012],[77.174,14.013],[77.2047,14.0083],[77.2198,14.0136],[77.2454,14.0119],[77.2603,14.0286],[77.2704,14.0345],[77.2788,14.0324],[77.2751,14.0117],[77.2984,14.022],[77.3067,14.0322],[77.3222,14.03],[77.3228,14.0234],[77.337,14.0049],[77.3363,13.9959],[77.361,13.991],[77.352,13.9688],[77.3539,13.9629],[77.3496,13.9585],[77.3715,13.9532],[77.3477,13.916],[77.3529,13.9137],[77.3545,13.9045],[77.3978,13.9064],[77.3988,13.8885],[77.4061,13.8905]]]}},{"type":"Feature","properties":{"ac_no":157,"name":"Hindupur","district":"Sri Sathya Sai","reservation":null,"loksabha":"Hindupur"},"geometry":{"type":"Polygon","coordinates":[[[77.8134,13.9218],[77.8163,13.9034],[77.8323,13.8948],[77.8355,13.881],[77.8273,13.8744],[77.8371,13.8699],[77.8202,13.8632],[77.812,13.849],[77.793,13.8489],[77.7823,13.8441],[77.7843,13.8344],[77.7891,13.8305],[77.7888,13.8232],[77.7815,13.8183],[77.7635,13.8172],[77.7479,13.8104],[77.7407,13.8124],[77.7316,13.8076],[77.7293,13.8022],[77.7193,13.8003],[77.7224,13.7935],[77.7187,13.7852],[77.7222,13.7689],[77.7197,13.7536],[77.7154,13.7426],[77.7084,13.7402],[77.7033,13.7698],[77.6952,13.7707],[77.6716,13.7605],[77.68,13.7727],[77.6801,13.7868],[77.6515,13.7841],[77.6211,13.7684],[77.6176,13.7623],[77.6189,13.7554],[77.6297,13.7546],[77.6417,13.7477],[77.6423,13.7408],[77.6381,13.7383],[77.6265,13.7339],[77.6135,13.752],[77.6,13.7508],[77.5875,13.7334],[77.5733,13.7383],[77.5599,13.7233],[77.5474,13.7529],[77.5409,13.7559],[77.5256,13.7533],[77.5221,13.7447],[77.5356,13.732],[77.536,13.7253],[77.5343,13.7067],[77.5273,13.6928],[77.5124,13.6974],[77.5144,13.7132],[77.4851,13.7148],[77.4919,13.6901],[77.4553,13.6826],[77.4499,13.711],[77.4649,13.711],[77.4643,13.7314],[77.4706,13.758],[77.4652,13.7586],[77.4614,13.7884],[77.4564,13.7888],[77.4609,13.803],[77.4646,13.8032],[77.4619,13.8083],[77.4663,13.8109],[77.4652,13.825],[77.4742,13.8332],[77.4762,13.8476],[77.4941,13.8562],[77.4977,13.8632],[77.5021,13.8625],[77.5006,13.8724],[77.5087,13.8716],[77.5105,13.8769],[77.5214,13.8792],[77.5237,13.8954],[77.5389,13.9017],[77.5623,13.8992],[77.5814,13.8923],[77.5879,13.9124],[77.6009,13.9344],[77.616,13.9186],[77.6326,13.9147],[77.6451,13.9181],[77.644,13.9069],[77.6535,13.8942],[77.6699,13.8933],[77.6767,13.8875],[77.6919,13.8937],[77.6933,13.9023],[77.7073,13.9172],[77.7288,13.92],[77.7407,13.9279],[77.7418,13.9177],[77.7379,13.9226],[77.7357,13.9158],[77.7386,13.914],[77.7454,13.9184],[77.7457,13.9238],[77.7698,13.9143],[77.7843,13.9321],[77.8134,13.9218]]]}},{"type":"Feature","properties":{"ac_no":158,"name":"Penukonda","district":"Sri Sathya Sai","reservation":null,"loksabha":"Hindupur"},"geometry":{"type":"Polygon","coordinates":[[[77.896,13.9406],[77.8404,13.9358],[77.8266,13.9447],[77.8148,13.9319],[77.8134,13.9218],[77.7843,13.9321],[77.7698,13.9143],[77.7457,13.9238],[77.7454,13.9184],[77.7386,13.914],[77.7357,13.9158],[77.7379,13.9226],[77.7418,13.9177],[77.7407,13.9279],[77.7288,13.92],[77.7073,13.9172],[77.6933,13.9023],[77.6919,13.8937],[77.6767,13.8875],[77.6699,13.8933],[77.6535,13.8942],[77.644,13.9069],[77.6451,13.9181],[77.6326,13.9147],[77.616,13.9186],[77.6009,13.9344],[77.5879,13.9124],[77.5814,13.8923],[77.5623,13.8992],[77.5389,13.9017],[77.5237,13.8954],[77.5214,13.8792],[77.5105,13.8769],[77.5087,13.8716],[77.5006,13.8724],[77.5021,13.8625],[77.4977,13.8632],[77.4941,13.8562],[77.4762,13.8476],[77.4742,13.8332],[77.4652,13.825],[77.4663,13.8109],[77.4619,13.8083],[77.4453,13.811],[77.437,13.7967],[77.4226,13.7991],[77.4287,13.8068],[77.4162,13.8077],[77.4314,13.8371],[77.4302,13.8443],[77.4346,13.8451],[77.4375,13.8552],[77.422,13.8613],[77.4215,13.8686],[77.4064,13.8769],[77.4093,13.8843],[77.4061,13.8905],[77.4107,13.8967],[77.4285,13.9063],[77.4351,13.9154],[77.4349,13.9197],[77.416,13.9241],[77.412,13.946],[77.4355,13.9479],[77.4379,13.9755],[77.434,13.9802],[77.4277,13.9797],[77.4259,13.9861],[77.3957,13.9837],[77.3815,13.9761],[77.3796,13.9903],[77.3903,14.0166],[77.3323,14.0306],[77.3404,14.0602],[77.3602,14.0622],[77.3638,14.073],[77.3757,14.0794],[77.3812,14.0979],[77.3887,14.0992],[77.4012,14.12],[77.3974,14.1253],[77.391,14.1267],[77.3619,14.1154],[77.3474,14.1036],[77.352,14.1311],[77.379,14.1359],[77.3851,14.1531],[77.3882,14.1536],[77.3893,14.1596],[77.3949,14.1607],[77.3938,14.1741],[77.4202,14.177],[77.4302,14.1708],[77.4671,14.172],[77.4681,14.1653],[77.4809,14.1651],[77.5033,14.1576],[77.5177,14.1831],[77.5514,14.1858],[77.5565,14.1935],[77.5639,14.1953],[77.5627,14.2113],[77.5666,14.2212],[77.5773,14.2239],[77.5929,14.2215],[77.6104,14.23],[77.6313,14.2279],[77.6381,14.2332],[77.6535,14.2317],[77.6651,14.2397],[77.6665,14.2338],[77.6618,14.2315],[77.6601,14.2247],[77.6628,14.2093],[77.6825,14.2019],[77.6888,14.1801],[77.6834,14.1674],[77.674,14.157],[77.6738,14.1479],[77.6663,14.1363],[77.666,14.1238],[77.6776,14.1216],[77.6803,14.1091],[77.6838,14.1088],[77.682,14.114],[77.6854,14.1144],[77.6936,14.1117],[77.7006,14.1037],[77.6906,14.0627],[77.6771,14.0481],[77.6847,14.0306],[77.7093,14.0233],[77.709,14.0258],[77.7219,14.0236],[77.7202,14.0338],[77.7482,14.038],[77.7555,14.0444],[77.7651,14.0409],[77.7826,14.042],[77.7838,14.0581],[77.7928,14.0641],[77.801,14.0648],[77.8084,14.072],[77.8129,14.0707],[77.8226,14.0798],[77.8208,14.1009],[77.826,14.0925],[77.835,14.0931],[77.8398,14.0672],[77.8385,14.0518],[77.8469,14.0544],[77.8529,14.0476],[77.8639,14.0474],[77.8875,14.037],[77.9092,14.0335],[77.9032,14.0123],[77.8945,14.0105],[77.8981,14.0009],[77.8881,13.9883],[77.8938,13.9819],[77.8908,13.973],[77.8997,13.9556],[77.896,13.9406]]]}},{"type":"Feature","properties":{"ac_no":159,"name":"Puttaparthi","district":"Sri Sathya Sai","reservation":null,"loksabha":"Hindupur"},"geometry":{"type":"Polygon","coordinates":[[[78.0892,14.2103],[78.0932,14.1959],[78.0913,14.1865],[78.0982,14.1748],[78.1002,14.1564],[78.0964,14.1486],[78.0889,14.1483],[78.0781,14.1482],[78.0644,14.1558],[78.0589,14.1397],[78.0795,14.1145],[78.0771,14.1121],[78.0801,14.1036],[78.0705,14.0886],[78.0707,14.0846],[78.0847,14.0782],[78.077,14.074],[78.0767,14.0672],[78.0874,14.0541],[78.1017,14.0502],[78.0961,14.0371],[78.1079,14.0205],[78.1023,14.0158],[78.1115,14.0172],[78.1112,14.0039],[78.1066,13.9969],[78.0895,13.997],[78.0943,13.9887],[78.0924,13.9779],[78.0997,13.9768],[78.1074,13.9853],[78.116,13.9869],[78.1239,13.9791],[78.1407,13.9857],[78.142,13.9802],[78.1487,13.9775],[78.147,13.9537],[78.1402,13.9536],[78.1311,13.9445],[78.1306,13.9349],[78.137,13.9245],[78.1405,13.8865],[78.1262,13.8778],[78.1174,13.8766],[78.115,13.8607],[78.1145,13.8632],[78.1012,13.8616],[78.0928,13.8649],[78.0824,13.8616],[78.0772,13.8823],[78.0491,13.8964],[78.0511,13.8811],[78.0461,13.8617],[78.0191,13.864],[78.012,13.8715],[78.0,13.872],[77.9921,13.8688],[77.9889,13.8538],[77.9761,13.8295],[77.953,13.8274],[77.9563,13.8359],[77.9491,13.8864],[77.9522,13.8902],[77.9847,13.8978],[77.9866,13.903],[77.9831,13.9049],[77.9802,13.9279],[77.9875,13.9555],[77.9674,13.9602],[77.962,13.955],[77.9573,13.9367],[77.9459,13.9352],[77.9268,13.9053],[77.9154,13.9079],[77.8958,13.9204],[77.8989,13.9306],[77.896,13.9406],[77.8997,13.9556],[77.8908,13.973],[77.8938,13.9819],[77.8881,13.9883],[77.8981,14.0009],[77.8945,14.0105],[77.9032,14.0123],[77.9092,14.0335],[77.8875,14.037],[77.8639,14.0474],[77.8529,14.0476],[77.8469,14.0544],[77.8385,14.0518],[77.8398,14.0672],[77.835,14.0931],[77.826,14.0925],[77.8208,14.1009],[77.8226,14.0798],[77.8129,14.0707],[77.8084,14.072],[77.801,14.0648],[77.7928,14.0641],[77.7838,14.0581],[77.7826,14.042],[77.7651,14.0409],[77.7555,14.0444],[77.7482,14.038],[77.7202,14.0338],[77.7219,14.0236],[77.709,14.0258],[77.7093,14.0233],[77.6847,14.0306],[77.6771,14.0481],[77.6906,14.0627],[77.7006,14.1037],[77.6936,14.1117],[77.6854,14.1144],[77.682,14.114],[77.6838,14.1088],[77.6803,14.1091],[77.6776,14.1216],[77.666,14.1238],[77.6663,14.1363],[77.6738,14.1479],[77.674,14.157],[77.6834,14.1674],[77.6888,14.1801],[77.6825,14.2019],[77.6628,14.2093],[77.6601,14.2247],[77.6618,14.2315],[77.6665,14.2338],[77.6651,14.2397],[77.6873,14.2422],[77.7113,14.2521],[77.7333,14.255],[77.736,14.2506],[77.7492,14.2534],[77.7519,14.2595],[77.7586,14.2598],[77.7619,14.2738],[77.772,14.2785],[77.7802,14.2789],[77.781,14.2729],[77.7877,14.271],[77.8026,14.2733],[77.8169,14.2704],[77.8277,14.252],[77.845,14.2657],[77.8428,14.2715],[77.847,14.2789],[77.8438,14.2894],[77.85,14.2996],[77.8476,14.3034],[77.8535,14.3121],[77.8715,14.3186],[77.8739,14.3125],[77.8827,14.3097],[77.8864,14.3131],[77.897,14.3003],[77.9045,14.2992],[77.9097,14.3259],[77.8996,14.332],[77.8999,14.3432],[77.8906,14.355],[77.8973,14.3574],[77.9003,14.3547],[77.9052,14.3573],[77.9173,14.3548],[77.9273,14.3587],[77.9529,14.3528],[77.9554,14.3421],[77.9584,14.3431],[77.9556,14.3272],[77.9475,14.3179],[77.9457,14.2978],[77.9517,14.2909],[77.9438,14.2864],[77.9466,14.2777],[77.9551,14.2798],[77.9608,14.2746],[77.9637,14.2763],[77.9696,14.2809],[77.9673,14.2896],[77.978,14.2946],[77.9757,14.2994],[77.9826,14.309],[77.992,14.3139],[77.9933,14.318],[77.9991,14.3154],[78.0163,14.3206],[78.0407,14.2761],[78.0323,14.2718],[78.0327,14.2553],[78.0448,14.239],[78.0481,14.2409],[78.0564,14.2372],[78.0559,14.2191],[78.06,14.22],[78.0609,14.2125],[78.0892,14.2103]]]}},{"type":"Feature","properties":{"ac_no":160,"name":"Dharmavaram","district":"Sri Sathya Sai","reservation":null,"loksabha":"Hindupur"},"geometry":{"type":"Polygon","coordinates":[[[77.9823,14.5672],[77.9701,14.575],[77.9658,14.5887],[77.9624,14.5823],[77.9547,14.5804],[77.9441,14.5704],[77.9521,14.5626],[77.9614,14.5603],[77.9772,14.5378],[77.9729,14.5318],[77.9984,14.4995],[78.0008,14.4895],[78.0644,14.4347],[78.0852,14.4219],[78.0861,14.4155],[78.1075,14.393],[78.1378,14.3787],[78.171,14.3548],[78.1888,14.3502],[78.1985,14.3386],[78.2182,14.3287],[78.2201,14.3229],[78.2151,14.3089],[78.211,14.307],[78.2058,14.3161],[78.1828,14.3226],[78.1523,14.3224],[78.1535,14.3194],[78.1501,14.3175],[78.1311,14.3117],[78.13,14.2993],[78.1135,14.2875],[78.1057,14.2921],[78.1015,14.2869],[78.0967,14.2884],[78.0892,14.2963],[78.0769,14.2993],[78.0723,14.3089],[78.0667,14.3079],[78.061,14.2928],[78.0622,14.2872],[78.0815,14.2496],[78.0805,14.2401],[78.0869,14.2337],[78.0852,14.2263],[78.0932,14.2142],[78.0892,14.2103],[78.0609,14.2125],[78.06,14.22],[78.0559,14.2191],[78.0564,14.2372],[78.0481,14.2409],[78.0448,14.239],[78.0327,14.2553],[78.0323,14.2718],[78.0407,14.2761],[78.0163,14.3206],[77.9991,14.3154],[77.9933,14.318],[77.992,14.3139],[77.9826,14.309],[77.9757,14.2994],[77.978,14.2946],[77.9673,14.2896],[77.9696,14.2809],[77.9637,14.2763],[77.9608,14.2746],[77.9551,14.2798],[77.9466,14.2777],[77.9438,14.2864],[77.9517,14.2909],[77.9457,14.2978],[77.9475,14.3179],[77.9556,14.3272],[77.9584,14.3431],[77.9554,14.3421],[77.9529,14.3528],[77.9273,14.3587],[77.9173,14.3548],[77.9052,14.3573],[77.9003,14.3547],[77.8973,14.3574],[77.8906,14.355],[77.8999,14.3432],[77.8996,14.332],[77.9097,14.3259],[77.9045,14.2992],[77.897,14.3003],[77.8864,14.3131],[77.8827,14.3097],[77.8739,14.3125],[77.8715,14.3186],[77.8535,14.3121],[77.8476,14.3034],[77.8424,14.3068],[77.824,14.3069],[77.8079,14.3191],[77.7981,14.3268],[77.7999,14.3401],[77.791,14.339],[77.7762,14.3301],[77.7519,14.3266],[77.7514,14.3152],[77.7474,14.3267],[77.7258,14.325],[77.7243,14.3353],[77.7337,14.3361],[77.7351,14.3417],[77.7163,14.3703],[77.7106,14.3717],[77.7087,14.3796],[77.7025,14.3828],[77.6893,14.3732],[77.668,14.372],[77.6623,14.3936],[77.6227,14.397],[77.6285,14.4072],[77.6323,14.4079],[77.6328,14.4108],[77.6283,14.4125],[77.6326,14.4148],[77.6318,14.4224],[77.6421,14.4346],[77.6342,14.4478],[77.6367,14.4554],[77.6404,14.4552],[77.6395,14.4587],[77.6464,14.4623],[77.6424,14.4763],[77.6481,14.478],[77.6507,14.4856],[77.6574,14.4829],[77.6676,14.4874],[77.677,14.4983],[77.675,14.5091],[77.6588,14.5179],[77.6498,14.5183],[77.6545,14.5363],[77.6681,14.5413],[77.6801,14.537],[77.6937,14.5375],[77.7043,14.5462],[77.712,14.5731],[77.721,14.5798],[77.7289,14.5748],[77.7364,14.5767],[77.7387,14.5863],[77.7344,14.5891],[77.7388,14.5925],[77.7583,14.597],[77.761,14.5942],[77.7736,14.5957],[77.7952,14.6134],[77.8045,14.6161],[77.8177,14.6014],[77.8251,14.6058],[77.8461,14.5987],[77.8521,14.6005],[77.8552,14.6091],[77.8403,14.6129],[77.8558,14.6141],[77.8538,14.6349],[77.8503,14.638],[77.8615,14.6437],[77.8702,14.6544],[77.8785,14.6439],[77.8847,14.6481],[77.8939,14.6485],[77.8987,14.6434],[77.9579,14.6353],[77.9678,14.624],[77.9805,14.6217],[77.991,14.6117],[77.9822,14.5955],[77.9893,14.5678],[77.9823,14.5672]]]}},{"type":"Feature","properties":{"ac_no":161,"name":"Kadiri","district":"Sri Sathya Sai","reservation":null,"loksabha":"Hindupur"},"geometry":{"type":"Polygon","coordinates":[[[78.2201,14.3229],[78.2538,14.3052],[78.2774,14.3054],[78.2853,14.2924],[78.2948,14.294],[78.3055,14.291],[78.3217,14.2942],[78.3387,14.2891],[78.3574,14.2936],[78.3644,14.2876],[78.3952,14.2776],[78.4166,14.2785],[78.4208,14.2839],[78.424,14.2743],[78.4084,14.2275],[78.406,14.2018],[78.4136,14.1971],[78.4297,14.1969],[78.4304,14.184],[78.4203,14.1708],[78.4203,14.1564],[78.4253,14.1414],[78.4384,14.1376],[78.4391,14.1347],[78.4435,14.1385],[78.4617,14.1072],[78.4546,14.0848],[78.4447,14.0849],[78.4429,14.0811],[78.4476,14.0711],[78.4464,14.0576],[78.4493,14.0528],[78.4403,14.0437],[78.4409,14.019],[78.459,14.0086],[78.4701,14.0077],[78.4665,13.9949],[78.4534,13.9843],[78.4277,13.9794],[78.4207,13.9639],[78.4,13.9537],[78.3869,13.9393],[78.3725,13.9452],[78.3759,13.9524],[78.3706,13.957],[78.3523,13.9386],[78.3486,13.94],[78.3472,13.9355],[78.3377,13.9371],[78.3319,13.9181],[78.3258,13.9221],[78.3185,13.9212],[78.3063,13.9085],[78.301,13.9083],[78.2987,13.8938],[78.2897,13.8922],[78.2801,13.8982],[78.2731,13.8956],[78.2785,13.8896],[78.2682,13.8729],[78.2691,13.8676],[78.2634,13.8646],[78.2653,13.8578],[78.2594,13.8587],[78.2581,13.8544],[78.2426,13.8511],[78.2412,13.846],[78.2569,13.8346],[78.2592,13.824],[78.255,13.8198],[78.2555,13.8071],[78.2633,13.7985],[78.2619,13.7914],[78.2515,13.7919],[78.2496,13.7871],[78.2362,13.78],[78.2086,13.7822],[78.2013,13.7874],[78.1933,13.7861],[78.1891,13.7896],[78.1633,13.7846],[78.1516,13.7868],[78.1479,13.7822],[78.1252,13.7867],[78.1221,13.7995],[78.1141,13.8092],[78.1252,13.8314],[78.1235,13.8446],[78.115,13.8607],[78.1174,13.8766],[78.1262,13.8778],[78.1405,13.8865],[78.137,13.9245],[78.1306,13.9349],[78.1311,13.9445],[78.1402,13.9536],[78.147,13.9537],[78.1487,13.9775],[78.142,13.9802],[78.1407,13.9857],[78.1239,13.9791],[78.116,13.9869],[78.1074,13.9853],[78.0997,13.9768],[78.0924,13.9779],[78.0943,13.9887],[78.0895,13.997],[78.1066,13.9969],[78.1112,14.0039],[78.1115,14.0172],[78.1023,14.0158],[78.1079,14.0205],[78.0961,14.0371],[78.1017,14.0502],[78.0874,14.0541],[78.0767,14.0672],[78.077,14.074],[78.0847,14.0782],[78.0707,14.0846],[78.0705,14.0886],[78.0801,14.1036],[78.0771,14.1121],[78.0795,14.1145],[78.0589,14.1397],[78.0644,14.1558],[78.0781,14.1482],[78.0889,14.1483],[78.0964,14.1486],[78.1002,14.1564],[78.0982,14.1748],[78.0913,14.1865],[78.0932,14.1959],[78.0892,14.2103],[78.0932,14.2142],[78.0852,14.2263],[78.0869,14.2337],[78.0805,14.2401],[78.0815,14.2496],[78.0622,14.2872],[78.061,14.2928],[78.0667,14.3079],[78.0723,14.3089],[78.0769,14.2993],[78.0892,14.2963],[78.0967,14.2884],[78.1015,14.2869],[78.1057,14.2921],[78.1135,14.2875],[78.13,14.2993],[78.1311,14.3117],[78.1501,14.3175],[78.1535,14.3194],[78.1523,14.3224],[78.1828,14.3226],[78.2058,14.3161],[78.211,14.307],[78.2151,14.3089],[78.2201,14.3229]]]}},{"type":"Feature","properties":{"ac_no":162,"name":"Thamballapalle","district":"Annamayya","reservation":null,"loksabha":"Rajampet"},"geometry":{"type":"Polygon","coordinates":[[[78.5876,13.9112],[78.5819,13.8955],[78.5883,13.8865],[78.5888,13.8767],[78.5805,13.8676],[78.5792,13.8602],[78.5707,13.8587],[78.5702,13.849],[78.5653,13.8471],[78.5684,13.8401],[78.5681,13.8173],[78.5564,13.8088],[78.5456,13.8081],[78.5465,13.7916],[78.5506,13.7873],[78.548,13.7812],[78.5554,13.7611],[78.5634,13.75],[78.5697,13.7486],[78.5745,13.7425],[78.5708,13.7363],[78.5758,13.7343],[78.5772,13.7256],[78.582,13.7216],[78.5795,13.7013],[78.5711,13.7018],[78.5714,13.6988],[78.5626,13.6974],[78.5607,13.6863],[78.5646,13.6741],[78.5583,13.676],[78.5579,13.6724],[78.5337,13.6672],[78.5323,13.6543],[78.525,13.6448],[78.525,13.6349],[78.5153,13.6233],[78.5131,13.6116],[78.5169,13.6088],[78.5145,13.5983],[78.5181,13.5828],[78.5129,13.5648],[78.5192,13.5603],[78.4938,13.5606],[78.4914,13.5701],[78.4977,13.5743],[78.492,13.5747],[78.4948,13.5902],[78.4617,13.593],[78.4339,13.601],[78.4298,13.5995],[78.4298,13.592],[78.4263,13.5889],[78.4129,13.5925],[78.4019,13.5871],[78.3841,13.5921],[78.3486,13.5868],[78.3467,13.5908],[78.3251,13.5949],[78.2704,13.5881],[78.2585,13.5829],[78.2436,13.5969],[78.2362,13.5986],[78.2327,13.586],[78.2196,13.5927],[78.2029,13.5682],[78.1933,13.5644],[78.1897,13.5713],[78.19,13.5894],[78.2029,13.6051],[78.2039,13.6284],[78.1684,13.6326],[78.1693,13.6538],[78.1561,13.6585],[78.1141,13.6575],[78.1024,13.6512],[78.0992,13.6431],[78.0873,13.6431],[78.0896,13.6598],[78.0777,13.6684],[78.0771,13.6735],[78.0661,13.6769],[78.0737,13.6875],[78.0697,13.6908],[78.0709,13.6984],[78.0924,13.691],[78.1135,13.6925],[78.121,13.7154],[78.1047,13.7365],[78.0917,13.7423],[78.0997,13.7584],[78.1171,13.7689],[78.1252,13.7867],[78.1479,13.7822],[78.1516,13.7868],[78.1633,13.7846],[78.1891,13.7896],[78.1933,13.7861],[78.2013,13.7874],[78.2086,13.7822],[78.2362,13.78],[78.2496,13.7871],[78.2515,13.7919],[78.2619,13.7914],[78.2633,13.7985],[78.2555,13.8071],[78.255,13.8198],[78.2592,13.824],[78.2569,13.8346],[78.2412,13.846],[78.2426,13.8511],[78.2581,13.8544],[78.2594,13.8587],[78.2653,13.8578],[78.2634,13.8646],[78.2691,13.8676],[78.2682,13.8729],[78.2785,13.8896],[78.2731,13.8956],[78.2801,13.8982],[78.2897,13.8922],[78.2987,13.8938],[78.301,13.9083],[78.3063,13.9085],[78.3185,13.9212],[78.3258,13.9221],[78.3319,13.9181],[78.3377,13.9371],[78.3472,13.9355],[78.3486,13.94],[78.3523,13.9386],[78.3706,13.957],[78.3759,13.9524],[78.3725,13.9452],[78.3869,13.9393],[78.4,13.9537],[78.4207,13.9639],[78.4277,13.9794],[78.4534,13.9843],[78.4665,13.9949],[78.4764,13.9842],[78.47,13.9745],[78.469,13.9587],[78.4938,13.9379],[78.5018,13.947],[78.5045,13.9592],[78.5193,13.9665],[78.5213,13.9731],[78.5332,13.982],[78.5401,13.9817],[78.545,13.9913],[78.5649,13.9904],[78.571,13.9846],[78.5854,13.9855],[78.5807,13.9729],[78.5724,13.9634],[78.5875,13.9587],[78.5996,13.9602],[78.5916,13.9391],[78.5876,13.9112]]]}},{"type":"Feature","properties":{"ac_no":163,"name":"Pileru","district":"Annamayya","reservation":null,"loksabha":"Rajampet"},"geometry":{"type":"Polygon","coordinates":[[[78.8699,13.8978],[78.8938,13.8985],[78.9095,13.8952],[78.9092,13.8923],[78.9177,13.8888],[78.9187,13.897],[78.9358,13.8971],[78.9371,13.8889],[78.9417,13.8848],[78.955,13.8849],[78.9838,13.8918],[78.9895,13.9117],[79.0082,13.9076],[79.0052,13.9032],[79.0236,13.8941],[79.022,13.88],[79.0359,13.8748],[79.0432,13.8643],[79.0498,13.864],[79.0468,13.8561],[79.0316,13.8598],[79.0209,13.8579],[79.0256,13.8496],[79.0108,13.8441],[79.0151,13.8341],[79.0141,13.8259],[79.0212,13.8251],[79.027,13.8173],[79.0372,13.8188],[79.0423,13.8145],[79.0409,13.8039],[79.0242,13.8016],[79.0212,13.7848],[79.0243,13.7755],[79.0388,13.7719],[79.0387,13.7466],[79.0312,13.742],[79.0168,13.7412],[79.0034,13.7259],[78.9779,13.7202],[78.9785,13.6921],[78.9848,13.6873],[78.9864,13.6773],[78.9918,13.6768],[78.9959,13.6683],[78.9942,13.664],[78.9875,13.6636],[78.9827,13.6563],[78.9767,13.6541],[78.9801,13.6506],[78.9911,13.6539],[78.9974,13.6395],[78.9941,13.6365],[78.9967,13.6313],[78.9789,13.63],[78.9673,13.6247],[78.9738,13.6136],[78.9735,13.6035],[78.9697,13.5938],[78.9597,13.5938],[78.9551,13.5823],[78.935,13.5934],[78.9279,13.582],[78.9122,13.5802],[78.9004,13.593],[78.8794,13.5928],[78.8731,13.5983],[78.8728,13.6082],[78.8814,13.6231],[78.8866,13.6252],[78.8801,13.6507],[78.8821,13.6598],[78.8627,13.6584],[78.8626,13.6661],[78.8526,13.6781],[78.8514,13.6493],[78.8289,13.6293],[78.8182,13.6124],[78.7999,13.6153],[78.7948,13.6114],[78.8022,13.5956],[78.8027,13.5819],[78.788,13.5809],[78.7507,13.5868],[78.7473,13.5827],[78.7319,13.5898],[78.704,13.6157],[78.687,13.618],[78.6749,13.5974],[78.6642,13.5985],[78.6598,13.5895],[78.6477,13.594],[78.6405,13.5915],[78.6352,13.5689],[78.6255,13.564],[78.6112,13.563],[78.6099,13.5695],[78.5852,13.578],[78.5779,13.5891],[78.5773,13.6046],[78.5856,13.6058],[78.595,13.6142],[78.596,13.6279],[78.6086,13.6307],[78.6065,13.6413],[78.601,13.6369],[78.5927,13.6371],[78.5876,13.6409],[78.5851,13.6513],[78.5726,13.652],[78.5711,13.6579],[78.5799,13.6611],[78.5706,13.6641],[78.5646,13.6741],[78.5607,13.6863],[78.5626,13.6974],[78.5714,13.6988],[78.5711,13.7018],[78.5795,13.7013],[78.582,13.7216],[78.5772,13.7256],[78.5758,13.7343],[78.5708,13.7363],[78.5745,13.7425],[78.5697,13.7486],[78.5634,13.75],[78.5554,13.7611],[78.548,13.7812],[78.5506,13.7873],[78.5465,13.7916],[78.5456,13.8081],[78.5564,13.8088],[78.5681,13.8173],[78.5684,13.8401],[78.5653,13.8471],[78.5702,13.849],[78.5707,13.8587],[78.5792,13.8602],[78.5805,13.8676],[78.5888,13.8767],[78.5883,13.8865],[78.5819,13.8955],[78.5876,13.9112],[78.6153,13.9129],[78.621,13.907],[78.636,13.908],[78.6384,13.9015],[78.6501,13.9087],[78.6589,13.9083],[78.6555,13.907],[78.6543,13.8974],[78.6441,13.8918],[78.6438,13.8792],[78.6396,13.8729],[78.6429,13.8677],[78.6983,13.8709],[78.709,13.8769],[78.7063,13.8855],[78.7126,13.8887],[78.7294,13.8854],[78.7406,13.8701],[78.7462,13.8711],[78.7512,13.848],[78.7591,13.8347],[78.7714,13.8271],[78.7838,13.8294],[78.7857,13.8362],[78.7831,13.8426],[78.7886,13.8538],[78.7805,13.8643],[78.7981,13.8806],[78.8219,13.8819],[78.8389,13.8869],[78.8594,13.8863],[78.8699,13.8978]]]}},{"type":"Feature","properties":{"ac_no":164,"name":"Madanapalle","district":"Annamayya","reservation":null,"loksabha":"Rajampet"},"geometry":{"type":"Polygon","coordinates":[[[78.5646,13.6741],[78.5706,13.6641],[78.5799,13.6611],[78.5711,13.6579],[78.5726,13.652],[78.5851,13.6513],[78.5876,13.6409],[78.5927,13.6371],[78.601,13.6369],[78.6065,13.6413],[78.6086,13.6307],[78.596,13.6279],[78.595,13.6142],[78.5856,13.6058],[78.5773,13.6046],[78.5779,13.5891],[78.5852,13.578],[78.6099,13.5695],[78.6112,13.563],[78.6255,13.564],[78.6352,13.5689],[78.6405,13.5915],[78.6477,13.594],[78.6598,13.5895],[78.6642,13.5985],[78.6749,13.5974],[78.687,13.618],[78.704,13.6157],[78.7319,13.5898],[78.7473,13.5827],[78.7389,13.5672],[78.7416,13.5562],[78.7388,13.547],[78.7415,13.5423],[78.7378,13.5401],[78.7393,13.5301],[78.721,13.5221],[78.7138,13.5139],[78.71,13.5162],[78.7214,13.5313],[78.7215,13.5382],[78.6922,13.5354],[78.6776,13.5042],[78.6717,13.506],[78.6754,13.5107],[78.6749,13.5196],[78.6591,13.5267],[78.6335,13.5159],[78.6279,13.5168],[78.6376,13.5079],[78.6438,13.5086],[78.6634,13.4993],[78.6645,13.4915],[78.6593,13.4839],[78.6439,13.4897],[78.626,13.4847],[78.6138,13.4908],[78.6008,13.4873],[78.5677,13.5158],[78.5616,13.5114],[78.5613,13.5058],[78.5522,13.5009],[78.5434,13.4833],[78.5379,13.486],[78.5398,13.4901],[78.5248,13.4837],[78.4993,13.4831],[78.4839,13.4591],[78.4769,13.4552],[78.4854,13.451],[78.4797,13.4499],[78.4795,13.4432],[78.5052,13.4432],[78.4999,13.4262],[78.51,13.4212],[78.5184,13.411],[78.5167,13.401],[78.5216,13.3806],[78.5058,13.3679],[78.5214,13.3639],[78.5252,13.3549],[78.5173,13.3411],[78.4967,13.3384],[78.4893,13.326],[78.4789,13.322],[78.4442,13.3081],[78.4404,13.3284],[78.428,13.3313],[78.4218,13.3283],[78.4189,13.3206],[78.4011,13.3155],[78.3871,13.3318],[78.3772,13.332],[78.3783,13.3372],[78.383,13.3436],[78.3877,13.3428],[78.3849,13.3349],[78.4035,13.3361],[78.4073,13.3375],[78.4084,13.3457],[78.3932,13.3507],[78.3949,13.3543],[78.3776,13.3631],[78.3658,13.3587],[78.3691,13.3732],[78.3788,13.3836],[78.3818,13.3975],[78.3756,13.4374],[78.379,13.4401],[78.3729,13.4521],[78.3746,13.4619],[78.3708,13.4695],[78.3788,13.482],[78.3753,13.509],[78.3856,13.5155],[78.3841,13.5249],[78.3936,13.5407],[78.3931,13.5526],[78.4067,13.577],[78.4016,13.5786],[78.4019,13.5871],[78.4129,13.5925],[78.4263,13.5889],[78.4298,13.592],[78.4298,13.5995],[78.4339,13.601],[78.4617,13.593],[78.4948,13.5902],[78.492,13.5747],[78.4977,13.5743],[78.4914,13.5701],[78.4938,13.5606],[78.5192,13.5603],[78.5129,13.5648],[78.5181,13.5828],[78.5145,13.5983],[78.5169,13.6088],[78.5131,13.6116],[78.5153,13.6233],[78.525,13.6349],[78.525,13.6448],[78.5323,13.6543],[78.5337,13.6672],[78.5579,13.6724],[78.5583,13.676],[78.5646,13.6741]]]}},{"type":"Feature","properties":{"ac_no":165,"name":"Punganur","district":"Chittoor","reservation":null,"loksabha":"Rajampet"},"geometry":{"type":"Polygon","coordinates":[[[78.9813,13.4913],[78.975,13.4864],[78.9719,13.4716],[78.9638,13.4637],[78.9312,13.4457],[78.9335,13.4336],[78.9486,13.423],[78.9289,13.3659],[78.9218,13.3561],[78.9078,13.3493],[78.8997,13.3346],[78.9001,13.3249],[78.8806,13.3133],[78.8511,13.3125],[78.8412,13.3194],[78.832,13.3165],[78.8269,13.3167],[78.8329,13.3204],[78.8221,13.3329],[78.8058,13.3357],[78.7813,13.3305],[78.7755,13.3237],[78.7677,13.3254],[78.7643,13.3335],[78.7718,13.3419],[78.7694,13.3677],[78.753,13.3693],[78.746,13.3594],[78.7352,13.3546],[78.727,13.366],[78.7113,13.3623],[78.6986,13.3736],[78.6926,13.3743],[78.6751,13.363],[78.6749,13.3496],[78.6604,13.3458],[78.6589,13.3417],[78.6671,13.3327],[78.6549,13.3153],[78.6511,13.3213],[78.6424,13.3251],[78.6388,13.3333],[78.6261,13.3284],[78.6124,13.3319],[78.6004,13.3497],[78.596,13.348],[78.5886,13.3281],[78.5822,13.3273],[78.5824,13.3186],[78.5779,13.3171],[78.5783,13.3127],[78.5695,13.3083],[78.5654,13.3118],[78.5631,13.3093],[78.5645,13.2942],[78.556,13.2838],[78.5392,13.2878],[78.5319,13.2668],[78.5218,13.273],[78.5198,13.2827],[78.5131,13.2852],[78.5138,13.2904],[78.5045,13.2912],[78.4988,13.2996],[78.4793,13.3013],[78.4838,13.3144],[78.4834,13.3212],[78.4789,13.322],[78.4893,13.326],[78.4967,13.3384],[78.5173,13.3411],[78.5252,13.3549],[78.5214,13.3639],[78.5058,13.3679],[78.5216,13.3806],[78.5167,13.401],[78.5184,13.411],[78.51,13.4212],[78.4999,13.4262],[78.5052,13.4432],[78.4795,13.4432],[78.4797,13.4499],[78.4854,13.451],[78.4769,13.4552],[78.4839,13.4591],[78.4993,13.4831],[78.5248,13.4837],[78.5398,13.4901],[78.5379,13.486],[78.5434,13.4833],[78.5522,13.5009],[78.5613,13.5058],[78.5616,13.5114],[78.5677,13.5158],[78.6008,13.4873],[78.6138,13.4908],[78.626,13.4847],[78.6439,13.4897],[78.6593,13.4839],[78.6645,13.4915],[78.6634,13.4993],[78.6438,13.5086],[78.6376,13.5079],[78.6279,13.5168],[78.6335,13.5159],[78.6591,13.5267],[78.6749,13.5196],[78.6754,13.5107],[78.6717,13.506],[78.6776,13.5042],[78.6922,13.5354],[78.7215,13.5382],[78.7214,13.5313],[78.71,13.5162],[78.7138,13.5139],[78.721,13.5221],[78.7393,13.5301],[78.7378,13.5401],[78.7415,13.5423],[78.7388,13.547],[78.7416,13.5562],[78.7389,13.5672],[78.7473,13.5827],[78.7507,13.5868],[78.788,13.5809],[78.8027,13.5819],[78.8022,13.5956],[78.7948,13.6114],[78.7999,13.6153],[78.8182,13.6124],[78.8289,13.6293],[78.8514,13.6493],[78.8526,13.6781],[78.8626,13.6661],[78.8627,13.6584],[78.8821,13.6598],[78.8801,13.6507],[78.8866,13.6252],[78.8814,13.6231],[78.8728,13.6082],[78.8731,13.5983],[78.8794,13.5928],[78.9004,13.593],[78.9122,13.5802],[78.9279,13.582],[78.935,13.5934],[78.9551,13.5823],[78.9597,13.5938],[78.9697,13.5938],[78.9735,13.6035],[78.9738,13.6136],[78.9673,13.6247],[78.9789,13.63],[78.9967,13.6313],[78.9941,13.6365],[78.9974,13.6395],[78.9911,13.6539],[78.9801,13.6506],[78.9767,13.6541],[78.9827,13.6563],[78.9875,13.6636],[78.9942,13.664],[78.9959,13.6683],[78.9918,13.6768],[78.9864,13.6773],[78.9848,13.6873],[78.9785,13.6921],[78.9779,13.7202],[79.0034,13.7259],[79.0168,13.7412],[79.0312,13.742],[79.0387,13.7466],[79.0388,13.7719],[79.0668,13.7815],[79.0736,13.7794],[79.0874,13.7823],[79.0913,13.7753],[79.0906,13.7684],[79.0852,13.7621],[79.0822,13.7387],[79.0921,13.7281],[79.0919,13.7182],[79.0774,13.6852],[79.0736,13.6589],[79.0526,13.6452],[79.0529,13.6261],[79.0492,13.6184],[79.0549,13.6123],[79.0934,13.6118],[79.1487,13.6051],[79.1587,13.6006],[79.1724,13.6033],[79.1762,13.5887],[79.1702,13.5653],[79.1731,13.553],[79.1799,13.5443],[79.1439,13.5218],[79.111,13.5217],[79.1121,13.5177],[79.1063,13.5149],[79.092,13.5135],[79.0829,13.5199],[79.082,13.5324],[79.0628,13.5299],[79.0421,13.5424],[79.0427,13.5512],[79.0377,13.5623],[79.0253,13.5635],[79.0215,13.5624],[79.0153,13.5436],[79.0041,13.5401],[78.9955,13.5452],[78.9746,13.539],[78.9682,13.5428],[78.9513,13.5416],[78.9649,13.5315],[78.9777,13.5289],[78.9842,13.516],[78.9813,13.4913]]]}},{"type":"Feature","properties":{"ac_no":166,"name":"Chandragiri","district":"Tirupati","reservation":null,"loksabha":"Chittoor"},"geometry":{"type":"Polygon","coordinates":[[[79.4873,13.6607],[79.4896,13.6561],[79.4839,13.6547],[79.485,13.6485],[79.4564,13.6384],[79.4584,13.6622],[79.4843,13.664],[79.4873,13.6607]]]}},{"type":"Feature","properties":{"ac_no":166,"name":"Chandragiri","district":"Tirupati","reservation":null,"loksabha":"Chittoor"},"geometry":{"type":"Polygon","coordinates":[[[79.0209,13.9033],[79.0293,13.8891],[79.0828,13.8788],[79.0964,13.8559],[79.0964,13.85],[79.1263,13.8496],[79.1484,13.8656],[79.1571,13.8533],[79.1716,13.8472],[79.1832,13.8333],[79.2157,13.8121],[79.2111,13.806],[79.2029,13.8092],[79.1943,13.8032],[79.1911,13.793],[79.201,13.7818],[79.2178,13.7724],[79.2238,13.7573],[79.241,13.7505],[79.2413,13.7599],[79.2606,13.7598],[79.2657,13.7473],[79.2588,13.7223],[79.2584,13.698],[79.2634,13.6936],[79.263,13.677],[79.2704,13.6518],[79.2872,13.6387],[79.2932,13.6246],[79.3131,13.6165],[79.3192,13.6188],[79.3149,13.6243],[79.3174,13.6261],[79.3269,13.6144],[79.3282,13.6228],[79.3322,13.6187],[79.3439,13.6189],[79.3616,13.6242],[79.3811,13.624],[79.3933,13.614],[79.4119,13.613],[79.4179,13.6173],[79.4181,13.6264],[79.4232,13.6245],[79.4287,13.6275],[79.4255,13.632],[79.4322,13.6372],[79.4221,13.6413],[79.4212,13.6544],[79.4276,13.6525],[79.4277,13.6403],[79.4329,13.6416],[79.4372,13.6378],[79.4429,13.6192],[79.4521,13.6202],[79.4604,13.6284],[79.4778,13.6324],[79.4786,13.6184],[79.4726,13.6184],[79.4645,13.6071],[79.4778,13.5951],[79.4789,13.5837],[79.4751,13.5784],[79.4867,13.5807],[79.4936,13.578],[79.4933,13.5753],[79.4844,13.573],[79.4825,13.5643],[79.4649,13.5641],[79.4657,13.5435],[79.4608,13.5426],[79.4622,13.5295],[79.4542,13.5234],[79.4435,13.521],[79.4383,13.511],[79.4412,13.4996],[79.4204,13.4915],[79.4199,13.4859],[79.4123,13.492],[79.4151,13.5025],[79.4029,13.5029],[79.3862,13.4891],[79.3815,13.4911],[79.3825,13.4935],[79.3683,13.4926],[79.3554,13.4891],[79.3608,13.4866],[79.3499,13.4899],[79.3469,13.4853],[79.2898,13.4824],[79.2601,13.4701],[79.2552,13.4556],[79.2416,13.4488],[79.2398,13.4411],[79.23,13.4433],[79.2281,13.4489],[79.2171,13.4371],[79.2288,13.4378],[79.2334,13.4339],[79.2398,13.4374],[79.2421,13.4263],[79.2584,13.4234],[79.2461,13.4178],[79.2333,13.4173],[79.229,13.4235],[79.2218,13.4172],[79.2146,13.4213],[79.2116,13.4277],[79.2043,13.4176],[79.2079,13.4126],[79.228,13.4108],[79.227,13.4012],[79.2213,13.3965],[79.2495,13.3999],[79.2504,13.3757],[79.2393,13.3777],[79.2401,13.3916],[79.236,13.394],[79.2341,13.3909],[79.2268,13.3935],[79.2258,13.3815],[79.2175,13.3807],[79.2086,13.3914],[79.2015,13.3941],[79.1996,13.3994],[79.189,13.3911],[79.1808,13.3937],[79.1761,13.3879],[79.181,13.379],[79.1709,13.3794],[79.1707,13.3824],[79.1673,13.3793],[79.1599,13.3803],[79.1569,13.3851],[79.1514,13.3789],[79.1438,13.3804],[79.1435,13.3847],[79.1526,13.3872],[79.1611,13.3991],[79.1535,13.4077],[79.1539,13.4138],[79.1496,13.4143],[79.15,13.4088],[79.1452,13.4118],[79.1426,13.4098],[79.1421,13.4218],[79.1325,13.4221],[79.129,13.4177],[79.1247,13.4189],[79.1248,13.4223],[79.1221,13.4199],[79.1042,13.4262],[79.0921,13.4251],[79.0912,13.4404],[79.0777,13.4441],[79.0715,13.4505],[79.0616,13.4466],[79.0553,13.4488],[79.0364,13.4707],[79.0113,13.4797],[78.9995,13.4922],[78.9813,13.4913],[78.9842,13.516],[78.9777,13.5289],[78.9649,13.5315],[78.9513,13.5416],[78.9682,13.5428],[78.9746,13.539],[78.9955,13.5452],[79.0041,13.5401],[79.0153,13.5436],[79.0215,13.5624],[79.0253,13.5635],[79.0377,13.5623],[79.0427,13.5512],[79.0421,13.5424],[79.0628,13.5299],[79.082,13.5324],[79.0829,13.5199],[79.092,13.5135],[79.1063,13.5149],[79.1121,13.5177],[79.111,13.5217],[79.1439,13.5218],[79.1799,13.5443],[79.1731,13.553],[79.1702,13.5653],[79.1762,13.5887],[79.1724,13.6033],[79.1587,13.6006],[79.1487,13.6051],[79.0934,13.6118],[79.0549,13.6123],[79.0492,13.6184],[79.0529,13.6261],[79.0526,13.6452],[79.0736,13.6589],[79.0774,13.6852],[79.0919,13.7182],[79.0921,13.7281],[79.0822,13.7387],[79.0852,13.7621],[79.0906,13.7684],[79.0913,13.7753],[79.0874,13.7823],[79.0736,13.7794],[79.0668,13.7815],[79.0388,13.7719],[79.0243,13.7755],[79.0212,13.7848],[79.0242,13.8016],[79.0409,13.8039],[79.0423,13.8145],[79.0372,13.8188],[79.027,13.8173],[79.0212,13.8251],[79.0141,13.8259],[79.0151,13.8341],[79.0108,13.8441],[79.0256,13.8496],[79.0209,13.8579],[79.0316,13.8598],[79.0468,13.8561],[79.0498,13.864],[79.0432,13.8643],[79.0359,13.8748],[79.022,13.88],[79.0236,13.8941],[79.0052,13.9032],[79.0082,13.9076],[79.0209,13.9033]]]}},{"type":"Feature","properties":{"ac_no":167,"name":"Tirupati","district":"Tirupati","reservation":null,"loksabha":"Tirupati"},"geometry":{"type":"Polygon","coordinates":[[[79.4584,13.6622],[79.4564,13.6384],[79.485,13.6485],[79.4869,13.6409],[79.4778,13.6324],[79.4604,13.6284],[79.4521,13.6202],[79.4429,13.6192],[79.4372,13.6378],[79.4329,13.6416],[79.4277,13.6403],[79.4276,13.6525],[79.4212,13.6544],[79.4221,13.6413],[79.4322,13.6372],[79.4255,13.632],[79.4287,13.6275],[79.4232,13.6245],[79.4181,13.6264],[79.4179,13.6173],[79.4119,13.613],[79.3933,13.614],[79.3811,13.624],[79.3616,13.6242],[79.3439,13.6189],[79.3322,13.6187],[79.3282,13.6228],[79.3269,13.6144],[79.3174,13.6261],[79.3149,13.6243],[79.3192,13.6188],[79.3131,13.6165],[79.2932,13.6246],[79.2872,13.6387],[79.2704,13.6518],[79.263,13.677],[79.2634,13.6936],[79.2584,13.698],[79.2588,13.7223],[79.2657,13.7473],[79.2606,13.7598],[79.2924,13.7586],[79.3055,13.723],[79.3722,13.7553],[79.4133,13.7626],[79.4178,13.7668],[79.4393,13.76],[79.4542,13.7489],[79.455,13.7428],[79.4635,13.7414],[79.4833,13.7227],[79.4826,13.7179],[79.4646,13.7175],[79.4542,13.713],[79.4476,13.7168],[79.4305,13.7076],[79.4237,13.708],[79.4327,13.694],[79.4534,13.6802],[79.4546,13.6635],[79.4584,13.6622]]]}},{"type":"Feature","properties":{"ac_no":168,"name":"Srikalahasti","district":"Tirupati","reservation":null,"loksabha":"Tirupati"},"geometry":{"type":"Polygon","coordinates":[[[79.7387,13.858],[79.7311,13.839],[79.7311,13.8192],[79.742,13.8175],[79.7502,13.8105],[79.7446,13.8035],[79.7713,13.7968],[79.8025,13.7961],[79.8118,13.7808],[79.8034,13.7768],[79.8015,13.7681],[79.7814,13.7684],[79.7738,13.7728],[79.7691,13.7683],[79.77,13.7631],[79.7873,13.7562],[79.7785,13.7506],[79.7805,13.7438],[79.7595,13.7409],[79.7427,13.7452],[79.7331,13.7279],[79.7367,13.7228],[79.7477,13.7249],[79.7504,13.7199],[79.7726,13.7247],[79.7725,13.7133],[79.7657,13.7116],[79.7792,13.6971],[79.7924,13.6996],[79.7894,13.6933],[79.7944,13.6738],[79.7669,13.6635],[79.7567,13.6721],[79.7615,13.6891],[79.76,13.7003],[79.7442,13.6897],[79.7214,13.693],[79.7152,13.6854],[79.7203,13.6671],[79.6948,13.6606],[79.6883,13.6616],[79.6857,13.6659],[79.6589,13.6588],[79.6545,13.6558],[79.6523,13.6432],[79.6419,13.6421],[79.6451,13.634],[79.6365,13.6248],[79.6361,13.6176],[79.6197,13.6158],[79.6225,13.6069],[79.6186,13.5953],[79.6039,13.5977],[79.5898,13.5839],[79.5809,13.5813],[79.578,13.5765],[79.5737,13.578],[79.5688,13.5729],[79.562,13.5722],[79.5584,13.5774],[79.5593,13.5862],[79.5477,13.5862],[79.5371,13.6019],[79.5309,13.5874],[79.5372,13.5713],[79.5283,13.5628],[79.5172,13.5657],[79.5146,13.5596],[79.5027,13.5605],[79.4991,13.5737],[79.4933,13.5753],[79.4936,13.578],[79.4867,13.5807],[79.4751,13.5784],[79.4789,13.5837],[79.4778,13.5951],[79.4645,13.6071],[79.4726,13.6184],[79.4786,13.6184],[79.4778,13.6324],[79.4869,13.6409],[79.485,13.6485],[79.4839,13.6547],[79.4896,13.6561],[79.4873,13.6607],[79.4843,13.664],[79.4584,13.6622],[79.4546,13.6635],[79.4534,13.6802],[79.4327,13.694],[79.4237,13.708],[79.4305,13.7076],[79.4476,13.7168],[79.4542,13.713],[79.4646,13.7175],[79.4826,13.7179],[79.4833,13.7227],[79.4635,13.7414],[79.455,13.7428],[79.4542,13.7489],[79.4393,13.76],[79.4178,13.7668],[79.4194,13.7773],[79.4154,13.778],[79.42,13.7851],[79.439,13.7791],[79.4485,13.7799],[79.471,13.797],[79.458,13.7993],[79.4552,13.8245],[79.4377,13.8571],[79.4341,13.8766],[79.4437,13.8914],[79.4555,13.8973],[79.4757,13.9005],[79.4787,13.913],[79.4984,13.9115],[79.532,13.9168],[79.5571,13.9159],[79.5929,13.9236],[79.5964,13.9117],[79.5944,13.888],[79.6114,13.8886],[79.6234,13.8821],[79.6243,13.8712],[79.6193,13.863],[79.6108,13.8609],[79.6071,13.855],[79.6095,13.8516],[79.6272,13.8444],[79.639,13.8447],[79.6682,13.8359],[79.674,13.8726],[79.6705,13.8862],[79.6786,13.9232],[79.6823,13.9247],[79.694,13.9131],[79.7293,13.904],[79.7316,13.8906],[79.7273,13.8624],[79.7387,13.858]]]}},{"type":"Feature","properties":{"ac_no":169,"name":"Sathyavedu","district":"Tirupati","reservation":"SC","loksabha":"Tirupati"},"geometry":{"type":"Polygon","coordinates":[[[80.0378,13.5383],[80.0282,13.5389],[80.0237,13.5464],[80.0007,13.5456],[80.0005,13.5257],[80.0175,13.5298],[80.0193,13.519],[80.027,13.5136],[80.0354,13.5185],[80.0485,13.5126],[80.0466,13.4937],[80.0159,13.498],[80.0158,13.489],[80.0075,13.4786],[79.9841,13.4796],[79.9824,13.4705],[79.9724,13.4691],[79.9733,13.4297],[79.9566,13.4222],[79.9526,13.4258],[79.9396,13.425],[79.9418,13.4167],[79.9346,13.4165],[79.9457,13.4077],[79.9413,13.4006],[79.9444,13.3969],[79.9615,13.3956],[79.9628,13.3914],[79.958,13.3792],[79.9539,13.3771],[79.9482,13.3832],[79.945,13.3818],[79.9495,13.3755],[79.9456,13.3637],[79.9422,13.3636],[79.938,13.3555],[79.9313,13.3515],[79.9253,13.3584],[79.916,13.3599],[79.9149,13.3481],[79.8835,13.3329],[79.8829,13.3233],[79.8681,13.3311],[79.8628,13.3169],[79.8535,13.3207],[79.8533,13.316],[79.8361,13.3142],[79.8292,13.3175],[79.8089,13.3173],[79.8036,13.311],[79.8017,13.3005],[79.7917,13.2935],[79.7795,13.3063],[79.7668,13.3214],[79.7565,13.3222],[79.7386,13.3556],[79.7319,13.359],[79.7271,13.3679],[79.7219,13.3673],[79.7238,13.3744],[79.7195,13.3855],[79.701,13.3892],[79.7014,13.3988],[79.7058,13.4027],[79.7085,13.4143],[79.715,13.4197],[79.7125,13.4399],[79.6948,13.4448],[79.6924,13.4408],[79.6815,13.4427],[79.6737,13.4384],[79.6721,13.4119],[79.6502,13.4105],[79.6488,13.4001],[79.6434,13.3983],[79.6369,13.3889],[79.6361,13.3935],[79.6315,13.3887],[79.6267,13.3977],[79.599,13.3988],[79.5784,13.3933],[79.5729,13.3985],[79.5706,13.4031],[79.5744,13.425],[79.5597,13.4153],[79.5585,13.4411],[79.5799,13.4408],[79.5893,13.4511],[79.5773,13.4636],[79.5832,13.4677],[79.5903,13.4662],[79.5938,13.4721],[79.5847,13.479],[79.5798,13.4757],[79.5654,13.4878],[79.5638,13.5105],[79.5517,13.5093],[79.5416,13.5129],[79.534,13.5055],[79.5365,13.5202],[79.5515,13.5346],[79.5487,13.5466],[79.555,13.5496],[79.5688,13.5729],[79.5737,13.578],[79.578,13.5765],[79.5809,13.5813],[79.5898,13.5839],[79.6039,13.5977],[79.6186,13.5953],[79.6225,13.6069],[79.6197,13.6158],[79.6361,13.6176],[79.6365,13.6248],[79.6451,13.634],[79.6419,13.6421],[79.6523,13.6432],[79.6545,13.6558],[79.6589,13.6588],[79.6857,13.6659],[79.6883,13.6616],[79.6948,13.6606],[79.7203,13.6671],[79.7152,13.6854],[79.7214,13.693],[79.7442,13.6897],[79.76,13.7003],[79.7615,13.6891],[79.7567,13.6721],[79.7669,13.6635],[79.7944,13.6738],[79.7894,13.6933],[79.7924,13.6996],[79.7792,13.6971],[79.7657,13.7116],[79.7725,13.7133],[79.7726,13.7247],[79.7504,13.7199],[79.7477,13.7249],[79.7367,13.7228],[79.7331,13.7279],[79.7427,13.7452],[79.7595,13.7409],[79.7805,13.7438],[79.7785,13.7506],[79.7873,13.7562],[79.77,13.7631],[79.7691,13.7683],[79.7738,13.7728],[79.7814,13.7684],[79.8015,13.7681],[79.8034,13.7768],[79.8118,13.7808],[79.8175,13.7751],[79.8273,13.7733],[79.8429,13.8011],[79.8473,13.8024],[79.8507,13.7912],[79.8482,13.7831],[79.8529,13.7799],[79.8491,13.7736],[79.8509,13.7588],[79.8613,13.7556],[79.8578,13.7398],[79.8668,13.7349],[79.8629,13.7187],[79.8703,13.706],[79.8814,13.7046],[79.8848,13.7005],[79.9575,13.7083],[79.9576,13.7005],[79.973,13.6882],[79.9727,13.6834],[79.9574,13.6663],[79.9639,13.6578],[79.9648,13.6497],[79.9764,13.6419],[79.9911,13.6463],[80.0003,13.6426],[80.0044,13.6182],[80.0118,13.6056],[80.0171,13.6043],[80.0168,13.5943],[80.0234,13.5929],[80.0221,13.5759],[80.0397,13.5763],[80.0403,13.5732],[80.0472,13.5728],[80.0511,13.558],[80.0391,13.5551],[80.0378,13.5383]]]}},{"type":"Feature","properties":{"ac_no":170,"name":"Nagari","district":"Chittoor","reservation":null,"loksabha":"Chittoor"},"geometry":{"type":"Polygon","coordinates":[[[79.5688,13.5729],[79.555,13.5496],[79.5487,13.5466],[79.5515,13.5346],[79.5365,13.5202],[79.534,13.5055],[79.5416,13.5129],[79.5517,13.5093],[79.5638,13.5105],[79.5654,13.4878],[79.5798,13.4757],[79.5847,13.479],[79.5938,13.4721],[79.5903,13.4662],[79.5832,13.4677],[79.5773,13.4636],[79.5893,13.4511],[79.5799,13.4408],[79.5585,13.4411],[79.5597,13.4153],[79.5744,13.425],[79.5706,13.4031],[79.5729,13.3985],[79.5784,13.3933],[79.599,13.3988],[79.6267,13.3977],[79.6315,13.3887],[79.6361,13.3935],[79.6369,13.3889],[79.6434,13.3983],[79.6488,13.4001],[79.6502,13.4105],[79.6721,13.4119],[79.6737,13.4384],[79.6815,13.4427],[79.6924,13.4408],[79.6948,13.4448],[79.7125,13.4399],[79.715,13.4197],[79.7085,13.4143],[79.7058,13.4027],[79.7014,13.3988],[79.701,13.3892],[79.7195,13.3855],[79.7238,13.3744],[79.7219,13.3673],[79.7271,13.3679],[79.7319,13.359],[79.7386,13.3556],[79.7565,13.3222],[79.7668,13.3214],[79.7795,13.3063],[79.7752,13.306],[79.7608,13.3185],[79.7603,13.3016],[79.7568,13.2953],[79.7442,13.2886],[79.7383,13.291],[79.7308,13.2837],[79.735,13.2759],[79.7417,13.271],[79.7481,13.271],[79.7612,13.2575],[79.7816,13.2516],[79.7941,13.2421],[79.7934,13.2262],[79.7923,13.2294],[79.7861,13.2301],[79.7802,13.2234],[79.7766,13.224],[79.7752,13.2152],[79.7732,13.2192],[79.7632,13.2183],[79.7597,13.2067],[79.752,13.2065],[79.7495,13.2197],[79.7391,13.2295],[79.7373,13.2365],[79.7326,13.2369],[79.7303,13.2325],[79.7314,13.2224],[79.7216,13.2235],[79.7164,13.2164],[79.7022,13.2241],[79.7061,13.2342],[79.7141,13.2357],[79.7091,13.251],[79.6983,13.251],[79.6963,13.2433],[79.6931,13.2433],[79.6959,13.2386],[79.6843,13.2444],[79.6783,13.2617],[79.6877,13.2667],[79.6911,13.261],[79.6957,13.2673],[79.6888,13.2709],[79.6937,13.2735],[79.6939,13.2798],[79.6813,13.288],[79.6829,13.2956],[79.6783,13.2974],[79.6742,13.2818],[79.6654,13.2787],[79.6639,13.2898],[79.6578,13.2838],[79.6518,13.2918],[79.6425,13.2901],[79.6413,13.2756],[79.6385,13.2875],[79.6333,13.2824],[79.6316,13.2697],[79.6141,13.2827],[79.6061,13.2796],[79.6087,13.2875],[79.5956,13.2847],[79.5932,13.2647],[79.5826,13.2573],[79.5739,13.259],[79.5583,13.2727],[79.5354,13.2748],[79.5341,13.282],[79.5412,13.2924],[79.5349,13.3014],[79.5441,13.3168],[79.5394,13.3219],[79.5418,13.3273],[79.5385,13.3365],[79.5259,13.3444],[79.5111,13.342],[79.5101,13.3342],[79.4975,13.3326],[79.4981,13.3469],[79.5,13.3566],[79.5073,13.36],[79.5036,13.3643],[79.5094,13.3695],[79.5045,13.3808],[79.5096,13.3836],[79.5099,13.4422],[79.5205,13.4443],[79.5195,13.4548],[79.5132,13.4636],[79.5029,13.4656],[79.4863,13.4548],[79.4789,13.4607],[79.4746,13.4723],[79.4865,13.4736],[79.4908,13.4687],[79.5003,13.4714],[79.5034,13.4753],[79.5025,13.4841],[79.5092,13.4846],[79.5094,13.4901],[79.5186,13.493],[79.4996,13.4995],[79.4915,13.4951],[79.4909,13.5104],[79.4798,13.5088],[79.4751,13.5046],[79.471,13.5079],[79.4576,13.5067],[79.4479,13.4981],[79.4412,13.4996],[79.4383,13.511],[79.4435,13.521],[79.4542,13.5234],[79.4622,13.5295],[79.4608,13.5426],[79.4657,13.5435],[79.4649,13.5641],[79.4825,13.5643],[79.4844,13.573],[79.4933,13.5753],[79.4991,13.5737],[79.5027,13.5605],[79.5146,13.5596],[79.5172,13.5657],[79.5283,13.5628],[79.5372,13.5713],[79.5309,13.5874],[79.5371,13.6019],[79.5477,13.5862],[79.5593,13.5862],[79.5584,13.5774],[79.562,13.5722],[79.5688,13.5729]]]}},{"type":"Feature","properties":{"ac_no":171,"name":"Gangadhara Nellore","district":"Chittoor","reservation":"SC","loksabha":"Chittoor"},"geometry":{"type":"Polygon","coordinates":[[[79.4981,13.3469],[79.4805,13.34],[79.4654,13.3387],[79.4641,13.3417],[79.4563,13.3386],[79.4354,13.3517],[79.4317,13.3367],[79.421,13.3363],[79.4147,13.33],[79.4054,13.335],[79.4025,13.3302],[79.3984,13.3302],[79.402,13.3174],[79.3881,13.3181],[79.3835,13.3133],[79.3819,13.3075],[79.3887,13.3098],[79.3898,13.2974],[79.4138,13.3002],[79.4188,13.297],[79.4188,13.2897],[79.4305,13.3002],[79.4452,13.3017],[79.4463,13.2916],[79.4358,13.2913],[79.4337,13.275],[79.4176,13.2718],[79.4085,13.2639],[79.4162,13.2604],[79.4169,13.2517],[79.4237,13.25],[79.417,13.2459],[79.4185,13.243],[79.4377,13.2429],[79.4315,13.2361],[79.4398,13.2359],[79.431,13.2297],[79.44,13.2306],[79.4415,13.238],[79.4532,13.2384],[79.4538,13.2169],[79.4374,13.2196],[79.4362,13.2127],[79.4439,13.2078],[79.4324,13.197],[79.4384,13.1882],[79.4102,13.1905],[79.4092,13.194],[79.4008,13.1917],[79.3991,13.1878],[79.3922,13.1924],[79.3874,13.1891],[79.374,13.1893],[79.3856,13.183],[79.3877,13.1775],[79.3727,13.1788],[79.3702,13.1743],[79.3792,13.1715],[79.38,13.1629],[79.3561,13.1646],[79.3611,13.1385],[79.3655,13.1339],[79.3581,13.1217],[79.3452,13.1214],[79.3447,13.1368],[79.3412,13.1368],[79.3396,13.1305],[79.329,13.1305],[79.3268,13.1261],[79.3187,13.1235],[79.3241,13.1184],[79.3118,13.1164],[79.3189,13.1135],[79.3099,13.112],[79.3072,13.1055],[79.2981,13.107],[79.2943,13.1096],[79.3015,13.1137],[79.2993,13.1187],[79.3125,13.1261],[79.284,13.1228],[79.2803,13.1529],[79.2745,13.1557],[79.2621,13.149],[79.2575,13.1607],[79.2522,13.1577],[79.2539,13.1458],[79.2453,13.1383],[79.2402,13.1444],[79.245,13.1488],[79.2421,13.1496],[79.2427,13.171],[79.2332,13.169],[79.2169,13.1725],[79.2208,13.186],[79.2008,13.1899],[79.2013,13.1945],[79.1898,13.2116],[79.18,13.2064],[79.1433,13.2229],[79.1346,13.2428],[79.1384,13.2491],[79.1359,13.2633],[79.1278,13.2638],[79.1204,13.2694],[79.1235,13.2918],[79.1178,13.3111],[79.1072,13.3167],[79.1116,13.3229],[79.109,13.336],[79.1219,13.3334],[79.1286,13.3355],[79.1345,13.3463],[79.1468,13.3467],[79.1416,13.3673],[79.1438,13.3804],[79.1514,13.3789],[79.1569,13.3851],[79.1599,13.3803],[79.1673,13.3793],[79.1707,13.3824],[79.1709,13.3794],[79.181,13.379],[79.1761,13.3879],[79.1808,13.3937],[79.189,13.3911],[79.1996,13.3994],[79.2015,13.3941],[79.2086,13.3914],[79.2175,13.3807],[79.2258,13.3815],[79.2268,13.3935],[79.2341,13.3909],[79.236,13.394],[79.2401,13.3916],[79.2393,13.3777],[79.2504,13.3757],[79.2495,13.3999],[79.2213,13.3965],[79.227,13.4012],[79.228,13.4108],[79.2079,13.4126],[79.2043,13.4176],[79.2116,13.4277],[79.2146,13.4213],[79.2218,13.4172],[79.229,13.4235],[79.2333,13.4173],[79.2461,13.4178],[79.2584,13.4234],[79.2421,13.4263],[79.2398,13.4374],[79.2334,13.4339],[79.2288,13.4378],[79.2171,13.4371],[79.2281,13.4489],[79.23,13.4433],[79.2398,13.4411],[79.2416,13.4488],[79.2552,13.4556],[79.2601,13.4701],[79.2898,13.4824],[79.3469,13.4853],[79.3499,13.4899],[79.3608,13.4866],[79.3554,13.4891],[79.3683,13.4926],[79.3825,13.4935],[79.3815,13.4911],[79.3862,13.4891],[79.4029,13.5029],[79.4151,13.5025],[79.4123,13.492],[79.4199,13.4859],[79.4204,13.4915],[79.4412,13.4996],[79.4479,13.4981],[79.4576,13.5067],[79.471,13.5079],[79.4751,13.5046],[79.4798,13.5088],[79.4909,13.5104],[79.4915,13.4951],[79.4996,13.4995],[79.5186,13.493],[79.5094,13.4901],[79.5092,13.4846],[79.5025,13.4841],[79.5034,13.4753],[79.5003,13.4714],[79.4908,13.4687],[79.4865,13.4736],[79.4746,13.4723],[79.4789,13.4607],[79.4863,13.4548],[79.5029,13.4656],[79.5132,13.4636],[79.5195,13.4548],[79.5205,13.4443],[79.5099,13.4422],[79.5096,13.3836],[79.5045,13.3808],[79.5094,13.3695],[79.5036,13.3643],[79.5073,13.36],[79.5,13.3566],[79.4981,13.3469]]]}},{"type":"Feature","properties":{"ac_no":172,"name":"Chittoor","district":"Chittoor","reservation":null,"loksabha":"Chittoor"},"geometry":{"type":"Polygon","coordinates":[[[79.1204,13.2694],[79.1278,13.2638],[79.1359,13.2633],[79.1384,13.2491],[79.1346,13.2428],[79.1433,13.2229],[79.18,13.2064],[79.1898,13.2116],[79.2013,13.1945],[79.2008,13.1899],[79.2208,13.186],[79.2169,13.1725],[79.2332,13.169],[79.2256,13.1589],[79.2273,13.1556],[79.2147,13.157],[79.21,13.1485],[79.222,13.1462],[79.2329,13.1394],[79.2304,13.1264],[79.2384,13.1186],[79.2343,13.1147],[79.2344,13.1052],[79.2009,13.0888],[79.1983,13.0813],[79.1931,13.0823],[79.1907,13.0887],[79.1877,13.0835],[79.1807,13.0842],[79.1814,13.0799],[79.1853,13.0797],[79.184,13.0727],[79.1908,13.0734],[79.1921,13.0674],[79.1873,13.0607],[79.1803,13.0644],[79.1784,13.0598],[79.1921,13.0561],[79.1797,13.0545],[79.1815,13.0476],[79.193,13.0467],[79.1848,13.0299],[79.1822,13.0319],[79.16,13.0203],[79.1471,13.0253],[79.1373,13.0348],[79.1145,13.0393],[79.1075,13.0383],[79.0983,13.0261],[79.0809,13.0257],[79.0629,13.0406],[79.0636,13.0529],[79.0387,13.0611],[79.0369,13.0705],[79.0362,13.0829],[79.0411,13.0967],[79.0465,13.0981],[79.0465,13.1112],[79.0511,13.1057],[79.0603,13.1107],[79.0723,13.1254],[79.0726,13.1364],[79.0604,13.1372],[79.0611,13.1411],[79.0764,13.1466],[79.0789,13.164],[79.0907,13.1794],[79.0873,13.1874],[79.0641,13.1877],[79.0616,13.1922],[79.0691,13.2002],[79.06,13.2127],[79.0415,13.2081],[79.04,13.2151],[79.0448,13.2215],[79.0421,13.2267],[79.0579,13.2348],[79.0759,13.2388],[79.08,13.2506],[79.0714,13.263],[79.0758,13.2651],[79.0757,13.2701],[79.08,13.2701],[79.0872,13.2613],[79.1204,13.2694]]]}},{"type":"Feature","properties":{"ac_no":173,"name":"Puthalapattu","district":"Chittoor","reservation":"SC","loksabha":"Chittoor"},"geometry":{"type":"Polygon","coordinates":[[[79.1438,13.3804],[79.1416,13.3673],[79.1468,13.3467],[79.1345,13.3463],[79.1286,13.3355],[79.1219,13.3334],[79.109,13.336],[79.1116,13.3229],[79.1072,13.3167],[79.1178,13.3111],[79.1235,13.2918],[79.1204,13.2694],[79.0872,13.2613],[79.08,13.2701],[79.0757,13.2701],[79.0758,13.2651],[79.0714,13.263],[79.08,13.2506],[79.0759,13.2388],[79.0579,13.2348],[79.0421,13.2267],[79.0448,13.2215],[79.04,13.2151],[79.0415,13.2081],[79.06,13.2127],[79.0691,13.2002],[79.0616,13.1922],[79.0641,13.1877],[79.0873,13.1874],[79.0907,13.1794],[79.0789,13.164],[79.0764,13.1466],[79.0611,13.1411],[79.0604,13.1372],[79.0726,13.1364],[79.0723,13.1254],[79.0603,13.1107],[79.0511,13.1057],[79.0465,13.1112],[79.0465,13.0981],[79.0411,13.0967],[79.0362,13.0829],[79.0369,13.0705],[79.0095,13.0772],[79.0039,13.0846],[78.995,13.0866],[78.9723,13.0838],[78.9703,13.0747],[78.9621,13.0787],[78.9554,13.0758],[78.9492,13.084],[78.9415,13.0785],[78.9275,13.0818],[78.9234,13.0799],[78.9217,13.0661],[78.9126,13.0659],[78.9037,13.0477],[78.9175,13.0436],[78.9217,13.047],[78.9292,13.0458],[78.9408,13.0364],[78.9371,13.0304],[78.9357,13.0348],[78.9291,13.0365],[78.8919,13.0329],[78.8889,13.0734],[78.8957,13.0952],[78.8751,13.0968],[78.8698,13.0895],[78.871,13.0819],[78.8611,13.0837],[78.842,13.0786],[78.8208,13.0878],[78.8156,13.0962],[78.8162,13.126],[78.8235,13.1244],[78.8176,13.1292],[78.8144,13.1527],[78.8086,13.1617],[78.8152,13.1672],[78.8047,13.1835],[78.818,13.1808],[78.8187,13.1872],[78.8219,13.1879],[78.8201,13.1914],[78.8029,13.1953],[78.8236,13.1964],[78.8512,13.2113],[78.8731,13.2181],[78.8765,13.2294],[78.8476,13.2319],[78.8393,13.2469],[78.8319,13.2505],[78.829,13.2588],[78.8146,13.2611],[78.8051,13.2683],[78.8289,13.2977],[78.8262,13.3116],[78.832,13.3165],[78.8412,13.3194],[78.8511,13.3125],[78.8806,13.3133],[78.9001,13.3249],[78.8997,13.3346],[78.9078,13.3493],[78.9218,13.3561],[78.9289,13.3659],[78.9486,13.423],[78.9335,13.4336],[78.9312,13.4457],[78.9638,13.4637],[78.9719,13.4716],[78.975,13.4864],[78.9813,13.4913],[78.9995,13.4922],[79.0113,13.4797],[79.0364,13.4707],[79.0553,13.4488],[79.0616,13.4466],[79.0715,13.4505],[79.0777,13.4441],[79.0912,13.4404],[79.0921,13.4251],[79.1042,13.4262],[79.1221,13.4199],[79.1248,13.4223],[79.1247,13.4189],[79.129,13.4177],[79.1325,13.4221],[79.1421,13.4218],[79.1426,13.4098],[79.1452,13.4118],[79.15,13.4088],[79.1496,13.4143],[79.1539,13.4138],[79.1535,13.4077],[79.1611,13.3991],[79.1526,13.3872],[79.1435,13.3847],[79.1438,13.3804]]]}},{"type":"Feature","properties":{"ac_no":174,"name":"Palamaner","district":"Chittoor","reservation":null,"loksabha":"Chittoor"},"geometry":{"type":"Polygon","coordinates":[[[78.832,13.3165],[78.8262,13.3116],[78.8289,13.2977],[78.8051,13.2683],[78.8146,13.2611],[78.829,13.2588],[78.8319,13.2505],[78.8393,13.2469],[78.8476,13.2319],[78.8765,13.2294],[78.8731,13.2181],[78.8512,13.2113],[78.8236,13.1964],[78.8029,13.1953],[78.8201,13.1914],[78.8219,13.1879],[78.8187,13.1872],[78.818,13.1808],[78.8047,13.1835],[78.8152,13.1672],[78.8086,13.1617],[78.8144,13.1527],[78.8176,13.1292],[78.8235,13.1244],[78.8162,13.126],[78.8156,13.0962],[78.8208,13.0878],[78.8131,13.0891],[78.7976,13.0748],[78.7928,13.0658],[78.7518,13.0549],[78.7397,13.0641],[78.714,13.0687],[78.7052,13.0155],[78.6564,13.0312],[78.6558,13.0153],[78.63,12.9945],[78.6209,12.9912],[78.6472,12.9662],[78.6381,12.9648],[78.6461,12.9459],[78.657,12.9321],[78.6523,12.9291],[78.6334,12.9318],[78.6268,12.9073],[78.6167,12.8886],[78.6131,12.868],[78.6015,12.8508],[78.6023,12.8472],[78.5891,12.8669],[78.5868,12.878],[78.5974,12.9142],[78.571,12.9251],[78.5326,12.9281],[78.5272,12.9255],[78.5166,12.9364],[78.4913,12.9314],[78.4878,12.9361],[78.481,12.9301],[78.475,12.9377],[78.4576,12.9449],[78.4548,12.9393],[78.4473,12.9366],[78.4497,12.9351],[78.4458,12.9341],[78.4474,12.9318],[78.4436,12.9325],[78.4346,12.9353],[78.4319,12.9412],[78.438,12.9513],[78.4297,12.9591],[78.4379,12.964],[78.4326,12.9678],[78.4353,12.981],[78.4674,12.975],[78.4747,12.9914],[78.4676,12.9985],[78.4712,13.044],[78.4772,13.0524],[78.4875,13.0536],[78.4915,13.0618],[78.5142,13.0619],[78.5152,13.07],[78.5087,13.0791],[78.5099,13.0914],[78.5171,13.0967],[78.5238,13.0945],[78.5239,13.1002],[78.5386,13.1057],[78.519,13.1198],[78.5176,13.1313],[78.524,13.1303],[78.5314,13.1412],[78.5453,13.142],[78.5488,13.1483],[78.5411,13.1532],[78.5504,13.1638],[78.5686,13.1614],[78.5738,13.1687],[78.58,13.1672],[78.5764,13.1865],[78.5679,13.193],[78.5503,13.1896],[78.5505,13.1999],[78.5607,13.1983],[78.5679,13.2012],[78.5714,13.2119],[78.5771,13.2115],[78.5798,13.2155],[78.5782,13.2186],[78.567,13.2207],[78.5671,13.2239],[78.5722,13.2414],[78.5707,13.2472],[78.5854,13.2621],[78.5872,13.2804],[78.5786,13.2802],[78.5775,13.2951],[78.5695,13.3083],[78.5783,13.3127],[78.5779,13.3171],[78.5824,13.3186],[78.5822,13.3273],[78.5886,13.3281],[78.596,13.348],[78.6004,13.3497],[78.6124,13.3319],[78.6261,13.3284],[78.6388,13.3333],[78.6424,13.3251],[78.6511,13.3213],[78.6549,13.3153],[78.6671,13.3327],[78.6589,13.3417],[78.6604,13.3458],[78.6749,13.3496],[78.6751,13.363],[78.6926,13.3743],[78.6986,13.3736],[78.7113,13.3623],[78.727,13.366],[78.7352,13.3546],[78.746,13.3594],[78.753,13.3693],[78.7694,13.3677],[78.7718,13.3419],[78.7643,13.3335],[78.7677,13.3254],[78.7755,13.3237],[78.7813,13.3305],[78.8058,13.3357],[78.8221,13.3329],[78.8329,13.3204],[78.8269,13.3167],[78.832,13.3165]]]}},{"type":"Feature","properties":{"ac_no":175,"name":"Kuppam","district":"Chittoor","reservation":null,"loksabha":"Chittoor"},"geometry":{"type":"Polygon","coordinates":[[[78.6023,12.8472],[78.6077,12.8219],[78.6004,12.8184],[78.6012,12.8037],[78.5931,12.7983],[78.5925,12.7827],[78.576,12.7719],[78.5766,12.7674],[78.5684,12.767],[78.5656,12.7594],[78.5615,12.7615],[78.5556,12.7558],[78.5583,12.75],[78.5632,12.7519],[78.5563,12.739],[78.5642,12.7368],[78.5554,12.7192],[78.5617,12.7092],[78.5558,12.7059],[78.5572,12.7003],[78.541,12.6898],[78.535,12.6905],[78.5301,12.7099],[78.5431,12.7085],[78.5376,12.7144],[78.527,12.7141],[78.5274,12.7186],[78.5238,12.7185],[78.5206,12.7277],[78.5188,12.7244],[78.5124,12.7258],[78.5136,12.7321],[78.5058,12.7413],[78.4932,12.7471],[78.4891,12.742],[78.497,12.7313],[78.5016,12.7311],[78.506,12.7225],[78.5093,12.7242],[78.5202,12.7187],[78.5175,12.7147],[78.52,12.712],[78.5118,12.7077],[78.5031,12.7168],[78.5019,12.7044],[78.4966,12.7033],[78.504,12.6986],[78.5029,12.6919],[78.5074,12.6914],[78.5034,12.6899],[78.5039,12.6819],[78.4998,12.6766],[78.4845,12.6717],[78.4679,12.6759],[78.4705,12.6506],[78.4748,12.6476],[78.4706,12.6446],[78.4717,12.632],[78.465,12.624],[78.4585,12.6296],[78.4348,12.6296],[78.4271,12.6352],[78.4126,12.6269],[78.3714,12.6271],[78.3556,12.6365],[78.3436,12.6487],[78.3322,12.6493],[78.3184,12.6619],[78.301,12.6659],[78.2865,12.689],[78.2711,12.7051],[78.2441,12.7054],[78.2391,12.7014],[78.2353,12.6864],[78.211,12.6863],[78.2093,12.6907],[78.1999,12.6924],[78.2095,12.7016],[78.2053,12.7056],[78.2069,12.7081],[78.2258,12.7148],[78.2307,12.7134],[78.2403,12.7297],[78.231,12.7607],[78.239,12.7684],[78.2456,12.7883],[78.2514,12.8181],[78.2526,12.861],[78.2648,12.8617],[78.2684,12.8677],[78.2822,12.8594],[78.3124,12.8585],[78.3156,12.8675],[78.3137,12.8762],[78.331,12.8756],[78.3322,12.8807],[78.3371,12.8824],[78.3345,12.8892],[78.3292,12.8846],[78.3203,12.8872],[78.324,12.8929],[78.3235,12.9018],[78.3263,12.9045],[78.3397,12.9032],[78.3442,12.9079],[78.3419,12.9119],[78.3466,12.914],[78.349,12.929],[78.3538,12.9302],[78.3497,12.9357],[78.3541,12.9397],[78.3887,12.9068],[78.3961,12.907],[78.3986,12.9173],[78.4122,12.9032],[78.4286,12.9021],[78.4337,12.9045],[78.4349,12.9118],[78.4455,12.9118],[78.4439,12.903],[78.4492,12.8982],[78.4472,12.8922],[78.4641,12.8777],[78.462,12.871],[78.4647,12.8667],[78.4694,12.8899],[78.4666,12.9054],[78.4592,12.9087],[78.4522,12.9177],[78.4445,12.9196],[78.438,12.929],[78.4281,12.9321],[78.4188,12.9217],[78.413,12.9334],[78.4111,12.9454],[78.4203,12.9477],[78.4192,12.9587],[78.4297,12.9591],[78.438,12.9513],[78.4319,12.9412],[78.4346,12.9353],[78.4436,12.9325],[78.4474,12.9318],[78.4458,12.9341],[78.4497,12.9351],[78.4473,12.9366],[78.4548,12.9393],[78.4576,12.9449],[78.475,12.9377],[78.481,12.9301],[78.4878,12.9361],[78.4913,12.9314],[78.5166,12.9364],[78.5272,12.9255],[78.5326,12.9281],[78.571,12.9251],[78.5974,12.9142],[78.5868,12.878],[78.5891,12.8669],[78.6023,12.8472]]]}}]}